event_id,user_id,event_name,ts,session_id,insert_id,properties,release
evt_000001,u_0724,signup_started,2026-06-15T08:09:00Z,u_0724_s01,ins_u_0724_001,{},v2.3.0-fixed
evt_000002,u_0724,signup_completed,2026-06-15T08:11:00Z,u_0724_s01,ins_u_0724_002,{},v2.3.0-fixed
evt_000003,u_0724,profile_saved,2026-06-15T08:21:00Z,u_0724_s01,ins_u_0724_003,{},v2.3.0-fixed
evt_000004,u_0014,signup_started,2026-06-15T08:23:00Z,u_0014_s01,ins_u_0014_001,{},v2.3.0-fixed
evt_000005,u_0014,session_abandoned,2026-06-15T08:24:00Z,u_0014_s01,ins_u_0014_002,{},v2.3.0-fixed
evt_000006,u_0532,signup_started,2026-06-15T08:25:00Z,u_0532_s01,ins_u_0532_001,{},v2.3.0-fixed
evt_000007,u_0724,onboarding_step_viewed,2026-06-15T08:25:00Z,u_0724_s01,ins_u_0724_004,{},v2.3.0-fixed
evt_000008,u_0724,feature_used,2026-06-15T08:29:00Z,u_0724_s01,ins_u_0724_005,"{""feature"": ""board""}",v2.3.0-fixed
evt_000009,u_0532,signup_completed,2026-06-15T08:30:00Z,u_0532_s01,ins_u_0532_002,{},v2.3.0-fixed
evt_000010,u_0733,signup_started,2026-06-15T08:30:00Z,u_0733_s01,ins_u_0733_001,{},v2.3.0-fixed
evt_000011,u_0072,signup_started,2026-06-15T08:33:00Z,u_0072_s01,ins_u_0072_001,{},v2.3.0-fixed
evt_000012,u_0072,signup_completed,2026-06-15T08:36:00Z,u_0072_s01,ins_u_0072_002,{},v2.3.0-fixed
evt_000013,u_0733,signup_completed,2026-06-15T08:38:00Z,u_0733_s01,ins_u_0733_002,{},v2.3.0-fixed
evt_000014,u_0532,profile_saved,2026-06-15T08:40:00Z,u_0532_s01,ins_u_0532_003,{},v2.3.0-fixed
evt_000015,u_0633,signup_started,2026-06-15T08:43:00Z,u_0633_s01,ins_u_0633_001,{},v2.3.0-fixed
evt_000016,u_0633,signup_completed,2026-06-15T08:44:00Z,u_0633_s01,ins_u_0633_002,{},v2.3.0-fixed
evt_000017,u_0072,profile_saved,2026-06-15T08:46:00Z,u_0072_s01,ins_u_0072_003,{},v2.3.0-fixed
evt_000018,u_0532,onboarding_step_viewed,2026-06-15T08:46:00Z,u_0532_s01,ins_u_0532_004,{},v2.3.0-fixed
evt_000019,u_0733,session_abandoned,2026-06-15T08:46:00Z,u_0733_s01,ins_u_0733_003,{},v2.3.0-fixed
evt_000020,u_0267,signup_started,2026-06-15T08:48:00Z,u_0267_s01,ins_u_0267_001,{},v2.3.0-fixed
evt_000021,u_0072,onboarding_step_viewed,2026-06-15T08:49:00Z,u_0072_s01,ins_u_0072_004,{},v2.3.0-fixed
evt_000022,u_0633,profile_saved,2026-06-15T08:49:00Z,u_0633_s01,ins_u_0633_003,{},v2.3.0-fixed
evt_000023,u_0532,feature_used,2026-06-15T08:50:00Z,u_0532_s01,ins_u_0532_005,"{""feature"": ""board""}",v2.3.0-fixed
evt_000024,u_0633,onboarding_step_viewed,2026-06-15T08:53:00Z,u_0633_s01,ins_u_0633_004,{},v2.3.0-fixed
evt_000025,u_0267,signup_completed,2026-06-15T08:56:00Z,u_0267_s01,ins_u_0267_002,{},v2.3.0-fixed
evt_000026,u_0724,onboarding_completed,2026-06-15T08:59:00Z,u_0724_s01,ins_u_0724_006,"{""completed_at"": ""2026-06-15T09:01:00Z""}",v2.3.0-fixed
evt_000027,u_0267,session_abandoned,2026-06-15T09:04:00Z,u_0267_s01,ins_u_0267_003,{},v2.3.0-fixed
evt_000028,u_0633,feature_used,2026-06-15T09:05:00Z,u_0633_s01,ins_u_0633_005,"{""feature"": ""insights""}",v2.3.0-fixed
evt_000029,u_0072,onboarding_completed,2026-06-15T09:15:00Z,u_0072_s01,ins_u_0072_005,"{""completed_at"": ""2026-06-15T09:25:00Z""}",v2.3.0-fixed
evt_000030,u_0532,onboarding_completed,2026-06-15T09:15:00Z,u_0532_s01,ins_u_0532_006,"{""completed_at"": ""2026-06-15T09:10:00Z""}",v2.3.0-fixed
evt_000031,u_0290,signup_started,2026-06-15T09:18:00Z,u_0290_s01,ins_u_0290_001,{},v2.3.0-fixed
evt_000032,u_0190,signup_started,2026-06-15T09:20:00Z,u_0190_s01,ins_u_0190_001,{},v2.3.0-fixed
evt_000033,u_0190,signup_completed,2026-06-15T09:24:00Z,u_0190_s01,ins_u_0190_002,{},v2.3.0-fixed
evt_000034,u_0290,session_abandoned,2026-06-15T09:26:00Z,u_0290_s01,ins_u_0290_002,{},v2.3.0-fixed
evt_000035,u_0633,onboarding_completed,2026-06-15T09:30:00Z,u_0633_s01,ins_u_0633_006,"{""completed_at"": ""2026-06-15T09:21:00Z""}",v2.3.0-fixed
evt_000036,u_0190,profile_saved,2026-06-15T09:32:00Z,u_0190_s01,ins_u_0190_003,{},v2.3.0-fixed
evt_000037,u_0724,activation_completed,2026-06-15T09:34:00Z,u_0724_s01,ins_u_0724_007,{},v2.3.0-fixed
evt_000038,u_0190,onboarding_step_viewed,2026-06-15T09:35:00Z,u_0190_s01,ins_u_0190_004,{},v2.3.0-fixed
evt_000039,u_0626,signup_started,2026-06-15T09:35:00Z,u_0626_s01,ins_u_0626_001,{},v2.3.0-fixed
evt_000040,u_0238,signup_started,2026-06-15T09:43:00Z,u_0238_s01,ins_u_0238_001,{},v2.3.0-fixed
evt_000041,u_0626,signup_completed,2026-06-15T09:43:00Z,u_0626_s01,ins_u_0626_002,{},v2.3.0-fixed
evt_000042,u_0238,signup_completed,2026-06-15T09:46:00Z,u_0238_s01,ins_u_0238_002,{},v2.3.0-fixed
evt_000043,u_0626,profile_saved,2026-06-15T09:46:00Z,u_0626_s01,ins_u_0626_003,{},v2.3.0-fixed
evt_000044,u_0087,signup_started,2026-06-15T09:47:00Z,u_0087_s01,ins_u_0087_001,{},v2.3.0-fixed
evt_000045,u_0087,signup_completed,2026-06-15T09:52:00Z,u_0087_s01,ins_u_0087_002,{},v2.3.0-fixed
evt_000046,u_0238,profile_saved,2026-06-15T09:52:00Z,u_0238_s01,ins_u_0238_003,{},v2.3.0-fixed
evt_000047,u_0626,onboarding_step_viewed,2026-06-15T09:52:00Z,u_0626_s01,ins_u_0626_004,{},v2.3.0-fixed
evt_000048,u_0179,signup_started,2026-06-15T09:53:00Z,u_0179_s01,ins_u_0179_001,{},v2.3.0-fixed
evt_000049,u_0087,profile_saved,2026-06-15T09:54:00Z,u_0087_s01,ins_u_0087_003,{},v2.3.0-fixed
evt_000050,u_0633,activation_completed,2026-06-15T09:54:00Z,u_0633_s01,ins_u_0633_007,{},v2.3.0-fixed
evt_000051,u_0179,signup_completed,2026-06-15T09:56:00Z,u_0179_s01,ins_u_0179_002,{},v2.3.0-fixed
evt_000052,u_0532,activation_completed,2026-06-15T09:57:00Z,u_0532_s01,ins_u_0532_007,{},v2.3.0-fixed
evt_000053,u_0179,profile_saved,2026-06-15T09:58:00Z,u_0179_s01,ins_u_0179_003,{},v2.3.0-fixed
evt_000054,u_0253,signup_started,2026-06-15T09:59:00Z,u_0253_s01,ins_u_0253_001,{},v2.3.0-fixed
evt_000055,u_0626,feature_used,2026-06-15T09:59:00Z,u_0626_s01,ins_u_0626_005,"{""feature"": ""board""}",v2.3.0-fixed
evt_000056,u_0087,onboarding_step_viewed,2026-06-15T10:00:00Z,u_0087_s01,ins_u_0087_004,{},v2.3.0-fixed
evt_000057,u_0179,onboarding_step_viewed,2026-06-15T10:00:00Z,u_0179_s01,ins_u_0179_004,{},v2.3.0-fixed
evt_000058,u_0665,signup_started,2026-06-15T10:03:00Z,u_0665_s01,ins_u_0665_001,{},v2.3.0-fixed
evt_000059,u_0253,signup_completed,2026-06-15T10:04:00Z,u_0253_s01,ins_u_0253_002,{},v2.3.0-fixed
evt_000060,u_0311,signup_started,2026-06-15T10:06:00Z,u_0311_s01,ins_u_0311_001,{},v2.3.0-fixed
evt_000061,u_0311,signup_completed,2026-06-15T10:11:00Z,u_0311_s01,ins_u_0311_002,{},v2.3.0-fixed
evt_000062,u_0665,signup_completed,2026-06-15T10:11:00Z,u_0665_s01,ins_u_0665_002,{},v2.3.0-fixed
evt_000063,u_0253,profile_saved,2026-06-15T10:13:00Z,u_0253_s01,ins_u_0253_003,{},v2.3.0-fixed
evt_000064,u_0238,feature_used,2026-06-15T10:14:00Z,u_0238_s01,ins_u_0238_004,"{""feature"": ""board""}",v2.3.0-fixed
evt_000065,u_0311,session_abandoned,2026-06-15T10:15:00Z,u_0311_s01,ins_u_0311_003,{},v2.3.0-fixed
evt_000066,u_0665,profile_saved,2026-06-15T10:17:00Z,u_0665_s01,ins_u_0665_003,{},v2.3.0-fixed
evt_000067,u_0253,onboarding_step_viewed,2026-06-15T10:18:00Z,u_0253_s01,ins_u_0253_004,{},v2.3.0-fixed
evt_000068,u_0617,signup_started,2026-06-15T10:20:00Z,u_0617_s01,ins_u_0617_001,{},v2.3.0-fixed
evt_000069,u_0665,onboarding_step_viewed,2026-06-15T10:22:00Z,u_0665_s01,ins_u_0665_004,{},v2.3.0-fixed
evt_000070,u_0190,activation_completed,2026-06-15T10:25:00Z,u_0190_s01,ins_u_0190_005,{},v2.3.0-fixed
evt_000071,u_0617,session_abandoned,2026-06-15T10:25:00Z,u_0617_s01,ins_u_0617_002,{},v2.3.0-fixed
evt_000072,u_0019,signup_started,2026-06-15T10:27:00Z,u_0019_s01,ins_u_0019_001,{},v2.3.0-fixed
evt_000073,u_0365,signup_started,2026-06-15T10:28:00Z,u_0365_s01,ins_u_0365_001,{},v2.3.0-fixed
evt_000074,u_0019,signup_completed,2026-06-15T10:29:00Z,u_0019_s01,ins_u_0019_002,{},v2.3.0-fixed
evt_000075,u_0238,onboarding_completed,2026-06-15T10:32:00Z,u_0238_s01,ins_u_0238_005,"{""completed_at"": ""2026-06-15T10:29:00Z""}",v2.3.0-fixed
evt_000076,u_0019,session_abandoned,2026-06-15T10:33:00Z,u_0019_s01,ins_u_0019_003,{},v2.3.0-fixed
evt_000077,u_0179,onboarding_completed,2026-06-15T10:33:00Z,u_0179_s01,ins_u_0179_005,"{""completed_at"": ""2026-06-15T10:37:00Z""}",v2.3.0-fixed
evt_000078,u_0087,onboarding_completed,2026-06-15T10:34:00Z,u_0087_s01,ins_u_0087_005,"{""completed_at"": ""2026-06-15T10:20:00Z""}",v2.3.0-fixed
evt_000079,u_0690,signup_started,2026-06-15T10:35:00Z,u_0690_s01,ins_u_0690_001,{},v2.3.0-fixed
evt_000080,u_0365,signup_completed,2026-06-15T10:36:00Z,u_0365_s01,ins_u_0365_002,{},v2.3.0-fixed
evt_000081,u_0253,onboarding_completed,2026-06-15T10:39:00Z,u_0253_s01,ins_u_0253_005,"{""completed_at"": ""2026-06-15T10:43:00Z""}",v2.3.0-fixed
evt_000082,u_0024,signup_started,2026-06-15T10:40:00Z,u_0024_s01,ins_u_0024_001,{},v2.3.0-fixed
evt_000083,u_0365,profile_saved,2026-06-15T10:40:00Z,u_0365_s01,ins_u_0365_003,{},v2.3.0-fixed
evt_000084,u_0690,signup_completed,2026-06-15T10:41:00Z,u_0690_s01,ins_u_0690_002,{},v2.3.0-fixed
evt_000085,u_0634,signup_started,2026-06-15T10:42:00Z,u_0634_s01,ins_u_0634_001,{},v2.3.0-fixed
evt_000086,u_0626,activation_completed,2026-06-15T10:43:00Z,u_0626_s01,ins_u_0626_006,{},v2.3.0-fixed
evt_000087,u_0185,signup_started,2026-06-15T10:44:00Z,u_0185_s01,ins_u_0185_001,{},v2.3.0-fixed
evt_000088,u_0185,session_abandoned,2026-06-15T10:45:00Z,u_0185_s01,ins_u_0185_002,{},v2.3.0-fixed
evt_000089,u_0238,activation_completed,2026-06-15T10:45:00Z,u_0238_s01,ins_u_0238_006,{},v2.3.0-fixed
evt_000090,u_0365,onboarding_step_viewed,2026-06-15T10:45:00Z,u_0365_s01,ins_u_0365_004,{},v2.3.0-fixed
evt_000091,u_0679,signup_started,2026-06-15T10:45:00Z,u_0679_s01,ins_u_0679_001,{},v2.3.0-fixed
evt_000092,u_0024,signup_completed,2026-06-15T10:46:00Z,u_0024_s01,ins_u_0024_002,{},v2.3.0-fixed
evt_000093,u_0087,activation_completed,2026-06-15T10:46:00Z,u_0087_s01,ins_u_0087_006,{},v2.3.0-fixed
evt_000094,u_0681,signup_started,2026-06-15T10:46:00Z,u_0681_s01,ins_u_0681_001,{},v2.3.0-fixed
evt_000095,u_0690,profile_saved,2026-06-15T10:46:00Z,u_0690_s01,ins_u_0690_003,{},v2.3.0-fixed
evt_000096,u_0690,error_shown,2026-06-15T10:47:00Z,u_0690_s01,ins_u_0690_004,"{""code"": ""onboarding_timeout""}",v2.3.0-fixed
evt_000097,u_0221,signup_started,2026-06-15T10:48:00Z,u_0221_s01,ins_u_0221_001,{},v2.3.0-fixed
evt_000098,u_0665,onboarding_completed,2026-06-15T10:48:00Z,u_0665_s01,ins_u_0665_005,"{""completed_at"": ""2026-06-15T10:43:00Z""}",v2.3.0-fixed
evt_000099,u_0221,signup_completed,2026-06-15T10:50:00Z,u_0221_s01,ins_u_0221_002,{},v2.3.0-fixed
evt_000100,u_0634,signup_completed,2026-06-15T10:50:00Z,u_0634_s01,ins_u_0634_002,{},v2.3.0-fixed
evt_000101,u_0679,signup_completed,2026-06-15T10:50:00Z,u_0679_s01,ins_u_0679_002,{},v2.3.0-fixed
evt_000102,u_0024,profile_saved,2026-06-15T10:51:00Z,u_0024_s01,ins_u_0024_003,{},v2.3.0-fixed
evt_000103,u_0681,signup_completed,2026-06-15T10:51:00Z,u_0681_s01,ins_u_0681_002,{},v2.3.0-fixed
evt_000104,u_0690,onboarding_step_viewed,2026-06-15T10:51:00Z,u_0690_s01,ins_u_0690_005,{},v2.3.0-fixed
evt_000105,u_0024,error_shown,2026-06-15T10:52:00Z,u_0024_s01,ins_u_0024_004,"{""code"": ""onboarding_timeout""}",v2.3.0-fixed
evt_000106,u_0365,feature_used,2026-06-15T10:52:00Z,u_0365_s01,ins_u_0365_005,"{""feature"": ""insights""}",v2.3.0-fixed
evt_000107,u_0024,onboarding_step_viewed,2026-06-15T10:53:00Z,u_0024_s01,ins_u_0024_005,{},v2.3.0-fixed
evt_000108,u_0346,signup_started,2026-06-15T10:55:00Z,u_0346_s01,ins_u_0346_001,{},v2.3.0-fixed
evt_000109,u_0639,signup_started,2026-06-15T10:55:00Z,u_0639_s01,ins_u_0639_001,{},v2.3.0-fixed
evt_000110,u_0679,profile_saved,2026-06-15T10:55:00Z,u_0679_s01,ins_u_0679_003,{},v2.3.0-fixed
evt_000111,u_0221,profile_saved,2026-06-15T10:57:00Z,u_0221_s01,ins_u_0221_003,{},v2.3.0-fixed
evt_000112,u_0346,signup_completed,2026-06-15T10:59:00Z,u_0346_s01,ins_u_0346_002,{},v2.3.0-fixed
evt_000113,u_0679,onboarding_step_viewed,2026-06-15T10:59:00Z,u_0679_s01,ins_u_0679_004,{},v2.3.0-fixed
evt_000114,u_0253,activation_completed,2026-06-15T11:00:00Z,u_0253_s01,ins_u_0253_006,{},v2.3.0-fixed
evt_000115,u_0634,profile_saved,2026-06-15T11:00:00Z,u_0634_s01,ins_u_0634_003,{},v2.3.0-fixed
evt_000116,u_0681,profile_saved,2026-06-15T11:00:00Z,u_0681_s01,ins_u_0681_003,{},v2.3.0-fixed
evt_000117,u_0346,profile_saved,2026-06-15T11:01:00Z,u_0346_s01,ins_u_0346_003,{},v2.3.0-fixed
evt_000118,u_0639,signup_completed,2026-06-15T11:01:00Z,u_0639_s01,ins_u_0639_002,{},v2.3.0-fixed
evt_000119,u_0681,onboarding_step_viewed,2026-06-15T11:02:00Z,u_0681_s01,ins_u_0681_004,{},v2.3.0-fixed
evt_000120,u_0024,feature_used,2026-06-15T11:03:00Z,u_0024_s01,ins_u_0024_006,"{""feature"": ""board""}",v2.3.0-fixed
evt_000121,u_0221,onboarding_step_viewed,2026-06-15T11:03:00Z,u_0221_s01,ins_u_0221_004,{},v2.3.0-fixed
evt_000122,u_0634,onboarding_step_viewed,2026-06-15T11:03:00Z,u_0634_s01,ins_u_0634_004,{},v2.3.0-fixed
evt_000123,u_0395,signup_started,2026-06-15T11:06:00Z,u_0395_s01,ins_u_0395_001,{},v2.3.0-fixed
evt_000124,u_0639,profile_saved,2026-06-15T11:07:00Z,u_0639_s01,ins_u_0639_003,{},v2.3.0-fixed
evt_000125,u_0639,onboarding_step_viewed,2026-06-15T11:09:00Z,u_0639_s01,ins_u_0639_004,{},v2.3.0-fixed
evt_000126,u_0641,signup_started,2026-06-15T11:09:00Z,u_0641_s01,ins_u_0641_001,{},v2.3.0-fixed
evt_000127,u_0681,feature_used,2026-06-15T11:09:00Z,u_0681_s01,ins_u_0681_005,"{""feature"": ""insights""}",v2.3.0-fixed
evt_000128,u_0679,feature_used,2026-06-15T11:10:00Z,u_0679_s01,ins_u_0679_005,"{""feature"": ""insights""}",v2.3.0-fixed
evt_000129,u_0055,signup_started,2026-06-15T11:13:00Z,u_0055_s01,ins_u_0055_001,{},v2.3.0-fixed
evt_000130,u_0221,feature_used,2026-06-15T11:13:00Z,u_0221_s01,ins_u_0221_005,"{""feature"": ""insights""}",v2.3.0-fixed
evt_000131,u_0395,signup_completed,2026-06-15T11:13:00Z,u_0395_s01,ins_u_0395_002,{},v2.3.0-fixed
evt_000132,u_0634,feature_used,2026-06-15T11:13:00Z,u_0634_s01,ins_u_0634_005,"{""feature"": ""board""}",v2.3.0-fixed
evt_000133,u_0365,onboarding_completed,2026-06-15T11:14:00Z,u_0365_s01,ins_u_0365_006,"{""completed_at"": ""2026-06-15T11:10:00Z""}",v2.3.0-fixed
evt_000134,u_0641,session_abandoned,2026-06-15T11:15:00Z,u_0641_s01,ins_u_0641_002,{},v2.3.0-fixed
evt_000135,u_0055,signup_completed,2026-06-15T11:19:00Z,u_0055_s01,ins_u_0055_002,{},v2.3.0-fixed
evt_000136,u_0024,onboarding_completed,2026-06-15T11:21:00Z,u_0024_s01,ins_u_0024_007,"{""completed_at"": ""2026-06-15T11:19:00Z""}",v2.3.0-fixed
evt_000137,u_0055,profile_saved,2026-06-15T11:21:00Z,u_0055_s01,ins_u_0055_003,{},v2.3.0-fixed
evt_000138,u_0395,session_abandoned,2026-06-15T11:22:00Z,u_0395_s01,ins_u_0395_003,{},v2.3.0-fixed
evt_000139,u_0033,signup_started,2026-06-15T11:23:00Z,u_0033_s01,ins_u_0033_001,{},v2.3.0-fixed
evt_000140,u_0055,onboarding_step_viewed,2026-06-15T11:23:00Z,u_0055_s01,ins_u_0055_004,{},v2.3.0-fixed
evt_000141,u_0634,onboarding_completed,2026-06-15T11:27:00Z,u_0634_s01,ins_u_0634_006,"{""completed_at"": ""2026-06-15T11:26:00Z""}",v2.3.0-fixed
evt_000142,u_0033,signup_completed,2026-06-15T11:29:00Z,u_0033_s01,ins_u_0033_002,{},v2.3.0-fixed
evt_000143,u_0221,onboarding_completed,2026-06-15T11:29:00Z,u_0221_s01,ins_u_0221_006,"{""completed_at"": ""2026-06-15T11:31:00Z""}",v2.3.0-fixed
evt_000144,u_0623,signup_started,2026-06-15T11:30:00Z,u_0623_s01,ins_u_0623_001,{},v2.3.0-fixed
evt_000145,u_0796,signup_started,2026-06-15T11:30:00Z,u_0796_s01,ins_u_0796_001,{},v2.3.0-fixed
evt_000146,u_0365,activation_completed,2026-06-15T11:31:00Z,u_0365_s01,ins_u_0365_007,{},v2.3.0-fixed
evt_000147,u_0681,onboarding_completed,2026-06-15T11:33:00Z,u_0681_s01,ins_u_0681_006,"{""completed_at"": ""2026-06-15T11:27:00Z""}",v2.3.0-fixed
evt_000148,u_0623,signup_completed,2026-06-15T11:35:00Z,u_0623_s01,ins_u_0623_002,{},v2.3.0-fixed
evt_000149,u_0679,onboarding_completed,2026-06-15T11:35:00Z,u_0679_s01,ins_u_0679_006,"{""completed_at"": ""2026-06-15T11:31:00Z""}",v2.3.0-fixed
evt_000150,u_0033,profile_saved,2026-06-15T11:38:00Z,u_0033_s01,ins_u_0033_003,{},v2.3.0-fixed
evt_000151,u_0796,session_abandoned,2026-06-15T11:38:00Z,u_0796_s01,ins_u_0796_002,{},v2.3.0-fixed
evt_000152,u_0055,feature_used,2026-06-15T11:39:00Z,u_0055_s01,ins_u_0055_005,"{""feature"": ""insights""}",v2.3.0-fixed
evt_000153,u_0623,profile_saved,2026-06-15T11:40:00Z,u_0623_s01,ins_u_0623_003,{},v2.3.0-fixed
evt_000154,u_0639,onboarding_completed,2026-06-15T11:40:00Z,u_0639_s01,ins_u_0639_005,"{""completed_at"": ""2026-06-15T11:33:00Z""}",v2.3.0-fixed
evt_000155,u_0033,onboarding_step_viewed,2026-06-15T11:42:00Z,u_0033_s01,ins_u_0033_004,{},v2.3.0-fixed
evt_000156,u_0346,onboarding_completed,2026-06-15T11:43:00Z,u_0346_s01,ins_u_0346_004,"{""completed_at"": ""2026-06-15T11:32:00Z""}",v2.3.0-fixed
evt_000157,u_0623,onboarding_step_viewed,2026-06-15T11:43:00Z,u_0623_s01,ins_u_0623_004,{},v2.3.0-fixed
evt_000158,u_0645,signup_started,2026-06-15T11:49:00Z,u_0645_s01,ins_u_0645_001,{},v2.3.0-fixed
evt_000159,u_0623,feature_used,2026-06-15T11:50:00Z,u_0623_s01,ins_u_0623_005,"{""feature"": ""insights""}",v2.3.0-fixed
evt_000160,u_0346,activation_completed,2026-06-15T11:52:00Z,u_0346_s01,ins_u_0346_005,{},v2.3.0-fixed
evt_000161,u_0024,activation_completed,2026-06-15T11:53:00Z,u_0024_s01,ins_u_0024_008,{},v2.3.0-fixed
evt_000162,u_0044,signup_started,2026-06-15T11:55:00Z,u_0044_s01,ins_u_0044_001,{},v2.3.0-fixed
evt_000163,u_0033,feature_used,2026-06-15T11:56:00Z,u_0033_s01,ins_u_0033_005,"{""feature"": ""insights""}",v2.3.0-fixed
evt_000164,u_0645,signup_completed,2026-06-15T11:57:00Z,u_0645_s01,ins_u_0645_002,{},v2.3.0-fixed
evt_000165,u_0044,signup_completed,2026-06-15T11:58:00Z,u_0044_s01,ins_u_0044_002,{},v2.3.0-fixed
evt_000166,u_0194,signup_started,2026-06-15T12:00:00Z,u_0194_s01,ins_u_0194_001,{},v2.3.0-fixed
evt_000167,u_0645,profile_saved,2026-06-15T12:00:00Z,u_0645_s01,ins_u_0645_003,{},v2.3.0-fixed
evt_000168,u_0055,onboarding_completed,2026-06-15T12:01:00Z,u_0055_s01,ins_u_0055_006,"{""completed_at"": ""2026-06-15T11:54:00Z""}",v2.3.0-fixed
evt_000169,u_0194,signup_completed,2026-06-15T12:02:00Z,u_0194_s01,ins_u_0194_002,{},v2.3.0-fixed
evt_000170,u_0634,activation_completed,2026-06-15T12:02:00Z,u_0634_s01,ins_u_0634_007,{},v2.3.0-fixed
evt_000171,u_0044,profile_saved,2026-06-15T12:05:00Z,u_0044_s01,ins_u_0044_003,{},v2.3.0-fixed
evt_000172,u_0044,error_shown,2026-06-15T12:06:00Z,u_0044_s01,ins_u_0044_004,"{""code"": ""onboarding_timeout""}",v2.3.0-fixed
evt_000173,u_0645,onboarding_step_viewed,2026-06-15T12:06:00Z,u_0645_s01,ins_u_0645_004,{},v2.3.0-fixed
evt_000174,u_0623,onboarding_completed,2026-06-15T12:07:00Z,u_0623_s01,ins_u_0623_006,"{""completed_at"": ""2026-06-15T12:20:00Z""}",v2.3.0-fixed
evt_000175,u_0044,onboarding_step_viewed,2026-06-15T12:08:00Z,u_0044_s01,ins_u_0044_005,{},v2.3.0-fixed
evt_000176,u_0194,session_abandoned,2026-06-15T12:09:00Z,u_0194_s01,ins_u_0194_003,{},v2.3.0-fixed
evt_000177,u_0221,activation_completed,2026-06-15T12:12:00Z,u_0221_s01,ins_u_0221_007,{},v2.3.0-fixed
evt_000178,u_0645,feature_used,2026-06-15T12:12:00Z,u_0645_s01,ins_u_0645_005,"{""feature"": ""insights""}",v2.3.0-fixed
evt_000179,u_0639,activation_completed,2026-06-15T12:16:00Z,u_0639_s01,ins_u_0639_006,{},v2.3.0-fixed
evt_000180,u_0033,onboarding_completed,2026-06-15T12:17:00Z,u_0033_s01,ins_u_0033_006,"{""completed_at"": ""2026-06-15T12:08:00Z""}",v2.3.0-fixed
evt_000181,u_0800,signup_started,2026-06-15T12:17:00Z,u_0800_s01,ins_u_0800_001,{},v2.3.0-fixed
evt_000182,u_0725,signup_started,2026-06-15T12:18:00Z,u_0725_s01,ins_u_0725_001,{},v2.3.0-fixed
evt_000183,u_0725,signup_completed,2026-06-15T12:20:00Z,u_0725_s01,ins_u_0725_002,{},v2.3.0-fixed
evt_000184,u_0800,session_abandoned,2026-06-15T12:24:00Z,u_0800_s01,ins_u_0800_002,{},v2.3.0-fixed
evt_000185,u_0187,signup_started,2026-06-15T12:25:00Z,u_0187_s01,ins_u_0187_001,{},v2.3.0-fixed
evt_000186,u_0725,session_abandoned,2026-06-15T12:25:00Z,u_0725_s01,ins_u_0725_003,{},v2.3.0-fixed
evt_000187,u_0187,signup_completed,2026-06-15T12:28:00Z,u_0187_s01,ins_u_0187_002,{},v2.3.0-fixed
evt_000188,u_0412,signup_started,2026-06-15T12:28:00Z,u_0412_s01,ins_u_0412_001,{},v2.3.0-fixed
evt_000189,u_0288,signup_started,2026-06-15T12:29:00Z,u_0288_s01,ins_u_0288_001,{},v2.3.0-fixed
evt_000190,u_0563,signup_started,2026-06-15T12:29:00Z,u_0563_s01,ins_u_0563_001,{},v2.3.0-fixed
evt_000191,u_0645,onboarding_completed,2026-06-15T12:30:00Z,u_0645_s01,ins_u_0645_006,"{""completed_at"": ""2026-06-15T12:27:00Z""}",v2.3.0-fixed
evt_000192,u_0288,signup_completed,2026-06-15T12:33:00Z,u_0288_s01,ins_u_0288_002,{},v2.3.0-fixed
evt_000193,u_0187,profile_saved,2026-06-15T12:34:00Z,u_0187_s01,ins_u_0187_003,{},v2.3.0-fixed
evt_000194,u_0774,signup_started,2026-06-15T12:34:00Z,u_0774_s01,ins_u_0774_001,{},v2.3.0-fixed
evt_000195,u_0563,session_abandoned,2026-06-15T12:35:00Z,u_0563_s01,ins_u_0563_002,{},v2.3.0-fixed
evt_000196,u_0412,signup_completed,2026-06-15T12:36:00Z,u_0412_s01,ins_u_0412_002,{},v2.3.0-fixed
evt_000197,u_0187,onboarding_step_viewed,2026-06-15T12:37:00Z,u_0187_s01,ins_u_0187_004,{},v2.3.0-fixed
evt_000198,u_0288,session_abandoned,2026-06-15T12:40:00Z,u_0288_s01,ins_u_0288_003,{},v2.3.0-fixed
evt_000199,u_0308,signup_started,2026-06-15T12:41:00Z,u_0308_s01,ins_u_0308_001,{},v2.3.0-fixed
evt_000200,u_0774,signup_completed,2026-06-15T12:41:00Z,u_0774_s01,ins_u_0774_002,{},v2.3.0-fixed
evt_000201,u_0414,signup_started,2026-06-15T12:42:00Z,u_0414_s01,ins_u_0414_001,{},v2.3.0-fixed
evt_000202,u_0044,onboarding_completed,2026-06-15T12:44:00Z,u_0044_s01,ins_u_0044_006,"{""completed_at"": ""2026-06-15T12:33:00Z""}",v2.3.0-fixed
evt_000203,u_0412,profile_saved,2026-06-15T12:46:00Z,u_0412_s01,ins_u_0412_003,{},v2.3.0-fixed
evt_000204,u_0414,signup_completed,2026-06-15T12:46:00Z,u_0414_s01,ins_u_0414_002,{},v2.3.0-fixed
evt_000205,u_0308,signup_completed,2026-06-15T12:48:00Z,u_0308_s01,ins_u_0308_002,{},v2.3.0-fixed
evt_000206,u_0623,activation_completed,2026-06-15T12:48:00Z,u_0623_s01,ins_u_0623_007,{},v2.3.0-fixed
evt_000207,u_0774,profile_saved,2026-06-15T12:49:00Z,u_0774_s01,ins_u_0774_003,{},v2.3.0-fixed
evt_000208,u_0412,onboarding_step_viewed,2026-06-15T12:51:00Z,u_0412_s01,ins_u_0412_004,{},v2.3.0-fixed
evt_000209,u_0774,onboarding_step_viewed,2026-06-15T12:54:00Z,u_0774_s01,ins_u_0774_004,{},v2.3.0-fixed
evt_000210,u_0414,profile_saved,2026-06-15T12:56:00Z,u_0414_s01,ins_u_0414_003,{},v2.3.0-fixed
evt_000211,u_0645,activation_completed,2026-06-15T12:57:00Z,u_0645_s01,ins_u_0645_007,{},v2.3.0-fixed
evt_000212,u_0308,profile_saved,2026-06-15T12:58:00Z,u_0308_s01,ins_u_0308_003,{},v2.3.0-fixed
evt_000213,u_0414,onboarding_step_viewed,2026-06-15T13:02:00Z,u_0414_s01,ins_u_0414_004,{},v2.3.0-fixed
evt_000214,u_0558,signup_started,2026-06-15T13:02:00Z,u_0558_s01,ins_u_0558_001,{},v2.3.0-fixed
evt_000215,u_0485,signup_started,2026-06-15T13:03:00Z,u_0485_s01,ins_u_0485_001,{},v2.3.0-fixed
evt_000216,u_0308,onboarding_step_viewed,2026-06-15T13:04:00Z,u_0308_s01,ins_u_0308_004,{},v2.3.0-fixed
evt_000217,u_0414,feature_used,2026-06-15T13:05:00Z,u_0414_s01,ins_u_0414_005,"{""feature"": ""board""}",v2.3.0-fixed
evt_000218,u_0558,session_abandoned,2026-06-15T13:05:00Z,u_0558_s01,ins_u_0558_002,{},v2.3.0-fixed
evt_000219,u_0705,signup_started,2026-06-15T13:09:00Z,u_0705_s01,ins_u_0705_001,{},v2.3.0-fixed
evt_000220,u_0166,signup_started,2026-06-15T13:10:00Z,u_0166_s01,ins_u_0166_001,{},v2.3.0-fixed
evt_000221,u_0705,signup_completed,2026-06-15T13:10:00Z,u_0705_s01,ins_u_0705_002,{},v2.3.0-fixed
evt_000222,u_0485,signup_completed,2026-06-15T13:11:00Z,u_0485_s01,ins_u_0485_002,{},v2.3.0-fixed
evt_000223,u_0187,onboarding_completed,2026-06-15T13:14:00Z,u_0187_s01,ins_u_0187_005,"{""completed_at"": ""2026-06-15T13:04:00Z""}",v2.3.0-fixed
evt_000224,u_0166,session_abandoned,2026-06-15T13:15:00Z,u_0166_s01,ins_u_0166_002,{},v2.3.0-fixed
evt_000225,u_0412,onboarding_completed,2026-06-15T13:15:00Z,u_0412_s01,ins_u_0412_005,"{""completed_at"": ""2026-06-15T13:21:00Z""}",v2.3.0-fixed
evt_000226,u_0705,profile_saved,2026-06-15T13:17:00Z,u_0705_s01,ins_u_0705_003,{},v2.3.0-fixed
evt_000227,u_0485,session_abandoned,2026-06-15T13:19:00Z,u_0485_s01,ins_u_0485_003,{},v2.3.0-fixed
evt_000228,u_0614,signup_started,2026-06-15T13:20:00Z,u_0614_s01,ins_u_0614_001,{},v2.3.0-fixed
evt_000229,u_0205,signup_started,2026-06-15T13:21:00Z,u_0205_s01,ins_u_0205_001,{},v2.3.0-fixed
evt_000230,u_0705,onboarding_step_viewed,2026-06-15T13:21:00Z,u_0705_s01,ins_u_0705_004,{},v2.3.0-fixed
evt_000231,u_0044,activation_completed,2026-06-15T13:22:00Z,u_0044_s01,ins_u_0044_007,{},v2.3.0-fixed
evt_000232,u_0205,signup_completed,2026-06-15T13:22:00Z,u_0205_s01,ins_u_0205_002,{},v2.3.0-fixed
evt_000233,u_0205,session_abandoned,2026-06-15T13:26:00Z,u_0205_s01,ins_u_0205_003,{},v2.3.0-fixed
evt_000234,u_0614,signup_completed,2026-06-15T13:28:00Z,u_0614_s01,ins_u_0614_002,{},v2.3.0-fixed
evt_000235,u_0308,onboarding_completed,2026-06-15T13:30:00Z,u_0308_s01,ins_u_0308_005,"{""completed_at"": ""2026-06-15T13:35:00Z""}",v2.3.0-fixed
evt_000236,u_0614,profile_saved,2026-06-15T13:30:00Z,u_0614_s01,ins_u_0614_003,{},v2.3.0-fixed
evt_000237,u_0774,onboarding_completed,2026-06-15T13:30:00Z,u_0774_s01,ins_u_0774_005,"{""completed_at"": ""2026-06-15T13:19:00Z""}",v2.3.0-fixed
evt_000238,u_0448,signup_started,2026-06-15T13:34:00Z,u_0448_s01,ins_u_0448_001,{},v2.3.0-fixed
evt_000239,u_0614,onboarding_step_viewed,2026-06-15T13:34:00Z,u_0614_s01,ins_u_0614_004,{},v2.3.0-fixed
evt_000240,u_0448,signup_completed,2026-06-15T13:35:00Z,u_0448_s01,ins_u_0448_002,{},v2.3.0-fixed
evt_000241,u_0414,onboarding_completed,2026-06-15T13:39:00Z,u_0414_s01,ins_u_0414_006,"{""completed_at"": ""2026-06-15T13:30:00Z""}",v2.3.0-fixed
evt_000242,u_0187,activation_completed,2026-06-15T13:40:00Z,u_0187_s01,ins_u_0187_006,{},v2.3.0-fixed
evt_000243,u_0448,profile_saved,2026-06-15T13:40:00Z,u_0448_s01,ins_u_0448_003,{},v2.3.0-fixed
evt_000244,u_0448,error_shown,2026-06-15T13:41:00Z,u_0448_s01,ins_u_0448_004,"{""code"": ""onboarding_timeout""}",v2.3.0-fixed
evt_000245,u_0448,onboarding_step_viewed,2026-06-15T13:42:00Z,u_0448_s01,ins_u_0448_005,{},v2.3.0-fixed
evt_000246,u_0412,activation_completed,2026-06-15T13:49:00Z,u_0412_s01,ins_u_0412_006,{},v2.3.0-fixed
evt_000247,u_0781,signup_started,2026-06-15T13:51:00Z,u_0781_s01,ins_u_0781_001,{},v2.3.0-fixed
evt_000248,u_0781,session_abandoned,2026-06-15T13:53:00Z,u_0781_s01,ins_u_0781_002,{},v2.3.0-fixed
evt_000249,u_0705,onboarding_completed,2026-06-15T13:56:00Z,u_0705_s01,ins_u_0705_005,"{""completed_at"": ""2026-06-15T13:44:00Z""}",v2.3.0-fixed
evt_000250,u_0414,activation_completed,2026-06-15T13:58:00Z,u_0414_s01,ins_u_0414_007,{},v2.3.0-fixed
evt_000251,u_0448,feature_used,2026-06-15T14:01:00Z,u_0448_s01,ins_u_0448_006,"{""feature"": ""board""}",v2.3.0-fixed
evt_000252,u_0408,signup_started,2026-06-15T14:05:00Z,u_0408_s01,ins_u_0408_001,{},v2.3.0-fixed
evt_000253,u_0308,activation_completed,2026-06-15T14:12:00Z,u_0308_s01,ins_u_0308_006,{},v2.3.0-fixed
evt_000254,u_0408,signup_completed,2026-06-15T14:13:00Z,u_0408_s01,ins_u_0408_002,{},v2.3.0-fixed
evt_000255,u_0448,onboarding_completed,2026-06-15T14:15:00Z,u_0448_s01,ins_u_0448_007,"{""completed_at"": ""2026-06-15T14:13:00Z""}",v2.3.0-fixed
evt_000256,u_0705,activation_completed,2026-06-15T14:17:00Z,u_0705_s01,ins_u_0705_006,{},v2.3.0-fixed
evt_000257,u_0303,signup_started,2026-06-15T14:18:00Z,u_0303_s01,ins_u_0303_001,{},v2.3.0-fixed
evt_000258,u_0408,profile_saved,2026-06-15T14:18:00Z,u_0408_s01,ins_u_0408_003,{},v2.3.0-fixed
evt_000259,u_0303,session_abandoned,2026-06-15T14:19:00Z,u_0303_s01,ins_u_0303_002,{},v2.3.0-fixed
evt_000260,u_0408,onboarding_step_viewed,2026-06-15T14:22:00Z,u_0408_s01,ins_u_0408_004,{},v2.3.0-fixed
evt_000261,u_0307,signup_started,2026-06-15T14:24:00Z,u_0307_s01,ins_u_0307_001,{},v2.3.0-fixed
evt_000262,u_0307,signup_completed,2026-06-15T14:30:00Z,u_0307_s01,ins_u_0307_002,{},v2.3.0-fixed
evt_000263,u_0307,profile_saved,2026-06-15T14:36:00Z,u_0307_s01,ins_u_0307_003,{},v2.3.0-fixed
evt_000264,u_0608,signup_started,2026-06-15T14:36:00Z,u_0608_s01,ins_u_0608_001,{},v2.3.0-fixed
evt_000265,u_0313,signup_started,2026-06-15T14:37:00Z,u_0313_s01,ins_u_0313_001,{},v2.3.0-fixed
evt_000266,u_0313,session_abandoned,2026-06-15T14:40:00Z,u_0313_s01,ins_u_0313_002,{},v2.3.0-fixed
evt_000267,u_0448,activation_completed,2026-06-15T14:40:00Z,u_0448_s01,ins_u_0448_008,{},v2.3.0-fixed
evt_000268,u_0307,onboarding_step_viewed,2026-06-15T14:41:00Z,u_0307_s01,ins_u_0307_004,{},v2.3.0-fixed
evt_000269,u_0408,feature_used,2026-06-15T14:42:00Z,u_0408_s01,ins_u_0408_005,"{""feature"": ""board""}",v2.3.0-fixed
evt_000270,u_0608,signup_completed,2026-06-15T14:44:00Z,u_0608_s01,ins_u_0608_002,{},v2.3.0-fixed
evt_000271,u_0408,onboarding_completed,2026-06-15T14:45:00Z,u_0408_s01,ins_u_0408_006,"{""completed_at"": ""2026-06-15T14:51:00Z""}",v2.3.0-fixed
evt_000272,u_0462,signup_started,2026-06-15T14:50:00Z,u_0462_s01,ins_u_0462_001,{},v2.3.0-fixed
evt_000273,u_0462,session_abandoned,2026-06-15T14:51:00Z,u_0462_s01,ins_u_0462_002,{},v2.3.0-fixed
evt_000274,u_0608,profile_saved,2026-06-15T14:53:00Z,u_0608_s01,ins_u_0608_003,{},v2.3.0-fixed
evt_000275,u_0608,onboarding_step_viewed,2026-06-15T14:57:00Z,u_0608_s01,ins_u_0608_004,{},v2.3.0-fixed
evt_000276,u_0307,feature_used,2026-06-15T15:00:00Z,u_0307_s01,ins_u_0307_005,"{""feature"": ""insights""}",v2.3.0-fixed
evt_000277,u_0307,onboarding_completed,2026-06-15T15:05:00Z,u_0307_s01,ins_u_0307_006,"{""completed_at"": ""2026-06-15T15:13:00Z""}",v2.3.0-fixed
evt_000278,u_0608,onboarding_completed,2026-06-15T15:20:00Z,u_0608_s01,ins_u_0608_005,"{""completed_at"": ""2026-06-15T15:20:00Z""}",v2.3.0-fixed
evt_000279,u_0441,signup_started,2026-06-15T15:22:00Z,u_0441_s01,ins_u_0441_001,{},v2.3.0-fixed
evt_000280,u_0441,signup_completed,2026-06-15T15:28:00Z,u_0441_s01,ins_u_0441_002,{},v2.3.0-fixed
evt_000281,u_0261,signup_started,2026-06-15T15:29:00Z,u_0261_s01,ins_u_0261_001,{},v2.3.0-fixed
evt_000282,u_0441,profile_saved,2026-06-15T15:34:00Z,u_0441_s01,ins_u_0441_003,{},v2.3.0-fixed
evt_000283,u_0261,signup_completed,2026-06-15T15:36:00Z,u_0261_s01,ins_u_0261_002,{},v2.3.0-fixed
evt_000284,u_0441,onboarding_step_viewed,2026-06-15T15:40:00Z,u_0441_s01,ins_u_0441_004,{},v2.3.0-fixed
evt_000285,u_0608,activation_completed,2026-06-15T15:40:00Z,u_0608_s01,ins_u_0608_006,{},v2.3.0-fixed
evt_000286,u_0261,profile_saved,2026-06-15T15:41:00Z,u_0261_s01,ins_u_0261_003,{},v2.3.0-fixed
evt_000287,u_0650,signup_started,2026-06-15T15:41:00Z,u_0650_s01,ins_u_0650_001,{},v2.3.0-fixed
evt_000288,u_0441,feature_used,2026-06-15T15:43:00Z,u_0441_s01,ins_u_0441_005,"{""feature"": ""insights""}",v2.3.0-fixed
evt_000289,u_0261,onboarding_step_viewed,2026-06-15T15:45:00Z,u_0261_s01,ins_u_0261_004,{},v2.3.0-fixed
evt_000290,u_0650,signup_completed,2026-06-15T15:48:00Z,u_0650_s01,ins_u_0650_002,{},v2.3.0-fixed
evt_000291,u_0650,profile_saved,2026-06-15T15:51:00Z,u_0650_s01,ins_u_0650_003,{},v2.3.0-fixed
evt_000292,u_0797,signup_started,2026-06-15T15:55:00Z,u_0797_s01,ins_u_0797_001,{},v2.3.0-fixed
evt_000293,u_0797,signup_completed,2026-06-15T15:56:00Z,u_0797_s01,ins_u_0797_002,{},v2.3.0-fixed
evt_000294,u_0797,session_abandoned,2026-06-15T16:03:00Z,u_0797_s01,ins_u_0797_003,{},v2.3.0-fixed
evt_000295,u_0131,signup_started,2026-06-15T16:10:00Z,u_0131_s01,ins_u_0131_001,{},v2.3.0-fixed
evt_000296,u_0262,signup_started,2026-06-15T16:13:00Z,u_0262_s01,ins_u_0262_001,{},v2.3.0-fixed
evt_000297,u_0131,session_abandoned,2026-06-15T16:14:00Z,u_0131_s01,ins_u_0131_002,{},v2.3.0-fixed
evt_000298,u_0650,feature_used,2026-06-15T16:14:00Z,u_0650_s01,ins_u_0650_004,"{""feature"": ""board""}",v2.3.0-fixed
evt_000299,u_0262,signup_completed,2026-06-15T16:19:00Z,u_0262_s01,ins_u_0262_002,{},v2.3.0-fixed
evt_000300,u_0441,onboarding_completed,2026-06-15T16:19:00Z,u_0441_s01,ins_u_0441_006,"{""completed_at"": ""2026-06-15T16:05:00Z""}",v2.3.0-fixed
evt_000301,u_0799,signup_started,2026-06-15T16:20:00Z,u_0799_s01,ins_u_0799_001,{},v2.3.0-fixed
evt_000302,u_0561,signup_started,2026-06-15T16:23:00Z,u_0561_s01,ins_u_0561_001,{},v2.3.0-fixed
evt_000303,u_0799,signup_completed,2026-06-15T16:23:00Z,u_0799_s01,ins_u_0799_002,{},v2.3.0-fixed
evt_000304,u_0261,onboarding_completed,2026-06-15T16:25:00Z,u_0261_s01,ins_u_0261_005,"{""completed_at"": ""2026-06-15T16:20:00Z""}",v2.3.0-fixed
evt_000305,u_0663,signup_started,2026-06-15T16:26:00Z,u_0663_s01,ins_u_0663_001,{},v2.3.0-fixed
evt_000306,u_0650,onboarding_completed,2026-06-15T16:27:00Z,u_0650_s01,ins_u_0650_005,"{""completed_at"": ""2026-06-15T16:29:00Z""}",v2.3.0-fixed
evt_000307,u_0576,signup_started,2026-06-15T16:28:00Z,u_0576_s01,ins_u_0576_001,{},v2.3.0-fixed
evt_000308,u_0262,profile_saved,2026-06-15T16:29:00Z,u_0262_s01,ins_u_0262_003,{},v2.3.0-fixed
evt_000309,u_0561,signup_completed,2026-06-15T16:29:00Z,u_0561_s01,ins_u_0561_002,{},v2.3.0-fixed
evt_000310,u_0663,signup_completed,2026-06-15T16:29:00Z,u_0663_s01,ins_u_0663_002,{},v2.3.0-fixed
evt_000311,u_0576,signup_completed,2026-06-15T16:30:00Z,u_0576_s01,ins_u_0576_002,{},v2.3.0-fixed
evt_000312,u_0799,profile_saved,2026-06-15T16:31:00Z,u_0799_s01,ins_u_0799_003,{},v2.3.0-fixed
evt_000313,u_0561,session_abandoned,2026-06-15T16:33:00Z,u_0561_s01,ins_u_0561_003,{},v2.3.0-fixed
evt_000314,u_0262,onboarding_step_viewed,2026-06-15T16:34:00Z,u_0262_s01,ins_u_0262_004,{},v2.3.0-fixed
evt_000315,u_0799,onboarding_step_viewed,2026-06-15T16:34:00Z,u_0799_s01,ins_u_0799_004,{},v2.3.0-fixed
evt_000316,u_0663,session_abandoned,2026-06-15T16:35:00Z,u_0663_s01,ins_u_0663_003,{},v2.3.0-fixed
evt_000317,u_0576,session_abandoned,2026-06-15T16:36:00Z,u_0576_s01,ins_u_0576_003,{},v2.3.0-fixed
evt_000318,u_0262,feature_used,2026-06-15T16:54:00Z,u_0262_s01,ins_u_0262_005,"{""feature"": ""board""}",v2.3.0-fixed
evt_000319,u_0799,onboarding_completed,2026-06-15T17:01:00Z,u_0799_s01,ins_u_0799_005,"{""completed_at"": ""2026-06-15T17:05:00Z""}",v2.3.0-fixed
evt_000320,u_0262,onboarding_completed,2026-06-15T17:02:00Z,u_0262_s01,ins_u_0262_006,"{""completed_at"": ""2026-06-15T16:59:00Z""}",v2.3.0-fixed
evt_000321,u_0425,signup_started,2026-06-15T17:02:00Z,u_0425_s01,ins_u_0425_001,{},v2.3.0-fixed
evt_000322,u_0508,signup_started,2026-06-15T17:02:00Z,u_0508_s01,ins_u_0508_001,{},v2.3.0-fixed
evt_000323,u_0508,signup_completed,2026-06-15T17:08:00Z,u_0508_s01,ins_u_0508_002,{},v2.3.0-fixed
evt_000324,u_0425,signup_completed,2026-06-15T17:10:00Z,u_0425_s01,ins_u_0425_002,{},v2.3.0-fixed
evt_000325,u_0508,profile_saved,2026-06-15T17:10:00Z,u_0508_s01,ins_u_0508_003,{},v2.3.0-fixed
evt_000326,u_0508,onboarding_step_viewed,2026-06-15T17:12:00Z,u_0508_s01,ins_u_0508_004,{},v2.3.0-fixed
evt_000327,u_0255,signup_started,2026-06-15T17:14:00Z,u_0255_s01,ins_u_0255_001,{},v2.3.0-fixed
evt_000328,u_0425,session_abandoned,2026-06-15T17:17:00Z,u_0425_s01,ins_u_0425_003,{},v2.3.0-fixed
evt_000329,u_0255,signup_completed,2026-06-15T17:18:00Z,u_0255_s01,ins_u_0255_002,{},v2.3.0-fixed
evt_000330,u_0712,signup_started,2026-06-15T17:18:00Z,u_0712_s01,ins_u_0712_001,{},v2.3.0-fixed
evt_000331,u_0051,signup_started,2026-06-15T17:19:00Z,u_0051_s01,ins_u_0051_001,{},v2.3.0-fixed
evt_000332,u_0712,signup_completed,2026-06-15T17:22:00Z,u_0712_s01,ins_u_0712_002,{},v2.3.0-fixed
evt_000333,u_0051,signup_completed,2026-06-15T17:26:00Z,u_0051_s01,ins_u_0051_002,{},v2.3.0-fixed
evt_000334,u_0255,profile_saved,2026-06-15T17:26:00Z,u_0255_s01,ins_u_0255_003,{},v2.3.0-fixed
evt_000335,u_0508,feature_used,2026-06-15T17:27:00Z,u_0508_s01,ins_u_0508_005,"{""feature"": ""board""}",v2.3.0-fixed
evt_000336,u_0712,profile_saved,2026-06-15T17:27:00Z,u_0712_s01,ins_u_0712_003,{},v2.3.0-fixed
evt_000337,u_0051,profile_saved,2026-06-15T17:28:00Z,u_0051_s01,ins_u_0051_003,{},v2.3.0-fixed
evt_000338,u_0051,error_shown,2026-06-15T17:29:00Z,u_0051_s01,ins_u_0051_004,"{""code"": ""onboarding_timeout""}",v2.3.0-fixed
evt_000339,u_0255,onboarding_step_viewed,2026-06-15T17:29:00Z,u_0255_s01,ins_u_0255_004,{},v2.3.0-fixed
evt_000340,u_0712,onboarding_step_viewed,2026-06-15T17:30:00Z,u_0712_s01,ins_u_0712_004,{},v2.3.0-fixed
evt_000341,u_0051,onboarding_step_viewed,2026-06-15T17:34:00Z,u_0051_s01,ins_u_0051_005,{},v2.3.0-fixed
evt_000342,u_0799,activation_completed,2026-06-15T17:36:00Z,u_0799_s01,ins_u_0799_006,{},v2.3.0-fixed
evt_000343,u_0051,feature_used,2026-06-15T17:39:00Z,u_0051_s01,ins_u_0051_006,"{""feature"": ""insights""}",v2.3.0-fixed
evt_000344,u_0712,feature_used,2026-06-15T17:42:00Z,u_0712_s01,ins_u_0712_005,"{""feature"": ""board""}",v2.3.0-fixed
evt_000345,u_0262,activation_completed,2026-06-15T17:43:00Z,u_0262_s01,ins_u_0262_007,{},v2.3.0-fixed
evt_000346,u_0255,feature_used,2026-06-15T17:46:00Z,u_0255_s01,ins_u_0255_005,"{""feature"": ""insights""}",v2.3.0-fixed
evt_000347,u_0508,onboarding_completed,2026-06-15T17:55:00Z,u_0508_s01,ins_u_0508_006,"{""completed_at"": ""2026-06-15T17:44:00Z""}",v2.3.0-fixed
evt_000348,u_0445,signup_started,2026-06-15T17:56:00Z,u_0445_s01,ins_u_0445_001,{},v2.3.0-fixed
evt_000349,u_0256,signup_started,2026-06-15T17:57:00Z,u_0256_s01,ins_u_0256_001,{},v2.3.0-fixed
evt_000350,u_0255,onboarding_completed,2026-06-15T17:59:00Z,u_0255_s01,ins_u_0255_006,"{""completed_at"": ""2026-06-15T17:59:00Z""}",v2.3.0-fixed
evt_000351,u_0712,onboarding_completed,2026-06-15T17:59:00Z,u_0712_s01,ins_u_0712_006,"{""completed_at"": ""2026-06-15T18:02:00Z""}",v2.3.0-fixed
evt_000352,u_0445,signup_completed,2026-06-15T18:00:00Z,u_0445_s01,ins_u_0445_002,{},v2.3.0-fixed
evt_000353,u_0085,signup_started,2026-06-15T18:01:00Z,u_0085_s01,ins_u_0085_001,{},v2.3.0-fixed
evt_000354,u_0236,signup_started,2026-06-15T18:02:00Z,u_0236_s01,ins_u_0236_001,{},v2.3.0-fixed
evt_000355,u_0748,signup_started,2026-06-15T18:02:00Z,u_0748_s01,ins_u_0748_001,{},v2.3.0-fixed
evt_000356,u_0085,signup_completed,2026-06-15T18:03:00Z,u_0085_s01,ins_u_0085_002,{},v2.3.0-fixed
evt_000357,u_0748,signup_completed,2026-06-15T18:03:00Z,u_0748_s01,ins_u_0748_002,{},v2.3.0-fixed
evt_000358,u_0236,signup_completed,2026-06-15T18:04:00Z,u_0236_s01,ins_u_0236_002,{},v2.3.0-fixed
evt_000359,u_0445,profile_saved,2026-06-15T18:04:00Z,u_0445_s01,ins_u_0445_003,{},v2.3.0-fixed
evt_000360,u_0256,signup_completed,2026-06-15T18:05:00Z,u_0256_s01,ins_u_0256_002,{},v2.3.0-fixed
evt_000361,u_0286,signup_started,2026-06-15T18:06:00Z,u_0286_s01,ins_u_0286_001,{},v2.3.0-fixed
evt_000362,u_0286,signup_completed,2026-06-15T18:07:00Z,u_0286_s01,ins_u_0286_002,{},v2.3.0-fixed
evt_000363,u_0445,onboarding_step_viewed,2026-06-15T18:08:00Z,u_0445_s01,ins_u_0445_004,{},v2.3.0-fixed
evt_000364,u_0085,session_abandoned,2026-06-15T18:09:00Z,u_0085_s01,ins_u_0085_003,{},v2.3.0-fixed
evt_000365,u_0286,profile_saved,2026-06-15T18:09:00Z,u_0286_s01,ins_u_0286_003,{},v2.3.0-fixed
evt_000366,u_0236,profile_saved,2026-06-15T18:10:00Z,u_0236_s01,ins_u_0236_003,{},v2.3.0-fixed
evt_000367,u_0236,error_shown,2026-06-15T18:11:00Z,u_0236_s01,ins_u_0236_004,"{""code"": ""onboarding_timeout""}",v2.3.0-fixed
evt_000368,u_0256,session_abandoned,2026-06-15T18:12:00Z,u_0256_s01,ins_u_0256_003,{},v2.3.0-fixed
evt_000369,u_0445,feature_used,2026-06-15T18:12:00Z,u_0445_s01,ins_u_0445_005,"{""feature"": ""insights""}",v2.3.0-fixed
evt_000370,u_0748,profile_saved,2026-06-15T18:12:00Z,u_0748_s01,ins_u_0748_003,{},v2.3.0-fixed
evt_000371,u_0286,onboarding_step_viewed,2026-06-15T18:14:00Z,u_0286_s01,ins_u_0286_004,{},v2.3.0-fixed
evt_000372,u_0416,signup_started,2026-06-15T18:14:00Z,u_0416_s01,ins_u_0416_001,{},v2.3.0-fixed
evt_000373,u_0236,onboarding_step_viewed,2026-06-15T18:15:00Z,u_0236_s01,ins_u_0236_005,{},v2.3.0-fixed
evt_000374,u_0286,feature_used,2026-06-15T18:16:00Z,u_0286_s01,ins_u_0286_005,"{""feature"": ""board""}",v2.3.0-fixed
evt_000375,u_0416,signup_completed,2026-06-15T18:16:00Z,u_0416_s01,ins_u_0416_002,{},v2.3.0-fixed
evt_000376,u_0416,profile_saved,2026-06-15T18:24:00Z,u_0416_s01,ins_u_0416_003,{},v2.3.0-fixed
evt_000377,u_0381,signup_started,2026-06-15T18:25:00Z,u_0381_s01,ins_u_0381_001,{},v2.3.0-fixed
evt_000378,u_0748,feature_used,2026-06-15T18:26:00Z,u_0748_s01,ins_u_0748_004,"{""feature"": ""board""}",v2.3.0-fixed
evt_000379,u_0416,onboarding_step_viewed,2026-06-15T18:27:00Z,u_0416_s01,ins_u_0416_004,{},v2.3.0-fixed
evt_000380,u_0508,activation_completed,2026-06-15T18:28:00Z,u_0508_s01,ins_u_0508_007,{},v2.3.0-fixed
evt_000381,u_0712,activation_completed,2026-06-15T18:28:00Z,u_0712_s01,ins_u_0712_007,{},v2.3.0-fixed
evt_000382,u_0008,signup_started,2026-06-15T18:31:00Z,u_0008_s01,ins_u_0008_001,{},v2.3.0-fixed
evt_000383,u_0454,signup_started,2026-06-15T18:31:00Z,u_0454_s01,ins_u_0454_001,{},v2.3.0-fixed
evt_000384,u_0381,signup_completed,2026-06-15T18:32:00Z,u_0381_s01,ins_u_0381_002,{},v2.3.0-fixed
evt_000385,u_0008,signup_completed,2026-06-15T18:33:00Z,u_0008_s01,ins_u_0008_002,{},v2.3.0-fixed
evt_000386,u_0454,session_abandoned,2026-06-15T18:35:00Z,u_0454_s01,ins_u_0454_002,{},v2.3.0-fixed
evt_000387,u_0008,profile_saved,2026-06-15T18:38:00Z,u_0008_s01,ins_u_0008_003,{},v2.3.0-fixed
evt_000388,u_0606,signup_started,2026-06-15T18:39:00Z,u_0606_s01,ins_u_0606_001,{},v2.3.0-fixed
evt_000389,u_0008,onboarding_step_viewed,2026-06-15T18:40:00Z,u_0008_s01,ins_u_0008_004,{},v2.3.0-fixed
evt_000390,u_0236,onboarding_completed,2026-06-15T18:40:00Z,u_0236_s01,ins_u_0236_006,"{""completed_at"": ""2026-06-15T18:36:00Z""}",v2.3.0-fixed
evt_000391,u_0305,signup_started,2026-06-15T18:40:00Z,u_0305_s01,ins_u_0305_001,{},v2.3.0-fixed
evt_000392,u_0381,profile_saved,2026-06-15T18:40:00Z,u_0381_s01,ins_u_0381_003,{},v2.3.0-fixed
evt_000393,u_0606,signup_completed,2026-06-15T18:40:00Z,u_0606_s01,ins_u_0606_002,{},v2.3.0-fixed
evt_000394,u_0286,onboarding_completed,2026-06-15T18:42:00Z,u_0286_s01,ins_u_0286_006,"{""completed_at"": ""2026-06-15T18:39:00Z""}",v2.3.0-fixed
evt_000395,u_0305,signup_completed,2026-06-15T18:44:00Z,u_0305_s01,ins_u_0305_002,{},v2.3.0-fixed
evt_000396,u_0381,onboarding_step_viewed,2026-06-15T18:45:00Z,u_0381_s01,ins_u_0381_004,{},v2.3.0-fixed
evt_000397,u_0606,profile_saved,2026-06-15T18:48:00Z,u_0606_s01,ins_u_0606_003,{},v2.3.0-fixed
evt_000398,u_0445,onboarding_completed,2026-06-15T18:49:00Z,u_0445_s01,ins_u_0445_006,"{""completed_at"": ""2026-06-15T18:43:00Z""}",v2.3.0-fixed
evt_000399,u_0606,error_shown,2026-06-15T18:49:00Z,u_0606_s01,ins_u_0606_004,"{""code"": ""onboarding_timeout""}",v2.3.0-fixed
evt_000400,u_0748,onboarding_completed,2026-06-15T18:51:00Z,u_0748_s01,ins_u_0748_005,"{""completed_at"": ""2026-06-15T18:52:00Z""}",v2.3.0-fixed
evt_000401,u_0305,profile_saved,2026-06-15T18:52:00Z,u_0305_s01,ins_u_0305_003,{},v2.3.0-fixed
evt_000402,u_0305,onboarding_step_viewed,2026-06-15T18:54:00Z,u_0305_s01,ins_u_0305_004,{},v2.3.0-fixed
evt_000403,u_0606,onboarding_step_viewed,2026-06-15T18:54:00Z,u_0606_s01,ins_u_0606_005,{},v2.3.0-fixed
evt_000404,u_0603,signup_started,2026-06-15T18:57:00Z,u_0603_s01,ins_u_0603_001,{},v2.3.0-fixed
evt_000405,u_0008,feature_used,2026-06-15T18:58:00Z,u_0008_s01,ins_u_0008_005,"{""feature"": ""board""}",v2.3.0-fixed
evt_000406,u_0416,onboarding_completed,2026-06-15T18:59:00Z,u_0416_s01,ins_u_0416_005,"{""completed_at"": ""2026-06-15T19:01:00Z""}",v2.3.0-fixed
evt_000407,u_0603,signup_completed,2026-06-15T19:04:00Z,u_0603_s01,ins_u_0603_002,{},v2.3.0-fixed
evt_000408,u_0547,signup_started,2026-06-15T19:05:00Z,u_0547_s01,ins_u_0547_001,{},v2.3.0-fixed
evt_000409,u_0381,onboarding_completed,2026-06-15T19:06:00Z,u_0381_s01,ins_u_0381_005,"{""completed_at"": ""2026-06-15T19:19:00Z""}",v2.3.0-fixed
evt_000410,u_0547,signup_completed,2026-06-15T19:07:00Z,u_0547_s01,ins_u_0547_002,{},v2.3.0-fixed
evt_000411,u_0603,profile_saved,2026-06-15T19:10:00Z,u_0603_s01,ins_u_0603_003,{},v2.3.0-fixed
evt_000412,u_0008,onboarding_completed,2026-06-15T19:12:00Z,u_0008_s01,ins_u_0008_006,"{""completed_at"": ""2026-06-15T19:10:00Z""}",v2.3.0-fixed
evt_000413,u_0547,profile_saved,2026-06-15T19:15:00Z,u_0547_s01,ins_u_0547_003,{},v2.3.0-fixed
evt_000414,u_0547,onboarding_step_viewed,2026-06-15T19:20:00Z,u_0547_s01,ins_u_0547_004,{},v2.3.0-fixed
evt_000415,u_0547,feature_used,2026-06-15T19:22:00Z,u_0547_s01,ins_u_0547_005,"{""feature"": ""insights""}",v2.3.0-fixed
evt_000416,u_0599,signup_started,2026-06-15T19:23:00Z,u_0599_s01,ins_u_0599_001,{},v2.3.0-fixed
evt_000417,u_0603,feature_used,2026-06-15T19:23:00Z,u_0603_s01,ins_u_0603_004,"{""feature"": ""insights""}",v2.3.0-fixed
evt_000418,u_0644,signup_started,2026-06-15T19:23:00Z,u_0644_s01,ins_u_0644_001,{},v2.3.0-fixed
evt_000419,u_0644,signup_completed,2026-06-15T19:25:00Z,u_0644_s01,ins_u_0644_002,{},v2.3.0-fixed
evt_000420,u_0599,signup_completed,2026-06-15T19:28:00Z,u_0599_s01,ins_u_0599_002,{},v2.3.0-fixed
evt_000421,u_0748,activation_completed,2026-06-15T19:28:00Z,u_0748_s01,ins_u_0748_006,{},v2.3.0-fixed
evt_000422,u_0606,onboarding_completed,2026-06-15T19:29:00Z,u_0606_s01,ins_u_0606_006,"{""completed_at"": ""2026-06-15T19:25:00Z""}",v2.3.0-fixed
evt_000423,u_0644,session_abandoned,2026-06-15T19:31:00Z,u_0644_s01,ins_u_0644_003,{},v2.3.0-fixed
evt_000424,u_0420,signup_started,2026-06-15T19:32:00Z,u_0420_s01,ins_u_0420_001,{},v2.3.0-fixed
evt_000425,u_0420,signup_completed,2026-06-15T19:33:00Z,u_0420_s01,ins_u_0420_002,{},v2.3.0-fixed
evt_000426,u_0305,onboarding_completed,2026-06-15T19:35:00Z,u_0305_s01,ins_u_0305_005,"{""completed_at"": ""2026-06-15T19:32:00Z""}",v2.3.0-fixed
evt_000427,u_0599,session_abandoned,2026-06-15T19:36:00Z,u_0599_s01,ins_u_0599_003,{},v2.3.0-fixed
evt_000428,u_0305,activation_completed,2026-06-15T19:40:00Z,u_0305_s01,ins_u_0305_006,{},v2.3.0-fixed
evt_000429,u_0606,activation_completed,2026-06-15T19:40:00Z,u_0606_s01,ins_u_0606_007,{},v2.3.0-fixed
evt_000430,u_0008,activation_completed,2026-06-15T19:41:00Z,u_0008_s01,ins_u_0008_007,{},v2.3.0-fixed
evt_000431,u_0547,onboarding_completed,2026-06-15T19:41:00Z,u_0547_s01,ins_u_0547_006,"{""completed_at"": ""2026-06-15T19:51:00Z""}",v2.3.0-fixed
evt_000432,u_0535,signup_started,2026-06-15T19:42:00Z,u_0535_s01,ins_u_0535_001,{},v2.3.0-fixed
evt_000433,u_0420,profile_saved,2026-06-15T19:43:00Z,u_0420_s01,ins_u_0420_003,{},v2.3.0-fixed
evt_000434,u_0535,signup_completed,2026-06-15T19:44:00Z,u_0535_s01,ins_u_0535_002,{},v2.3.0-fixed
evt_000435,u_0420,onboarding_step_viewed,2026-06-15T19:45:00Z,u_0420_s01,ins_u_0420_004,{},v2.3.0-fixed
evt_000436,u_0163,signup_started,2026-06-15T19:48:00Z,u_0163_s01,ins_u_0163_001,{},v2.3.0-fixed
evt_000437,u_0420,feature_used,2026-06-15T19:50:00Z,u_0420_s01,ins_u_0420_005,"{""feature"": ""board""}",v2.3.0-fixed
evt_000438,u_0163,session_abandoned,2026-06-15T19:51:00Z,u_0163_s01,ins_u_0163_002,{},v2.3.0-fixed
evt_000439,u_0535,profile_saved,2026-06-15T19:52:00Z,u_0535_s01,ins_u_0535_003,{},v2.3.0-fixed
evt_000440,u_0351,signup_started,2026-06-15T19:53:00Z,u_0351_s01,ins_u_0351_001,{},v2.3.0-fixed
evt_000441,u_0580,signup_started,2026-06-15T19:53:00Z,u_0580_s01,ins_u_0580_001,{},v2.3.0-fixed
evt_000442,u_0535,onboarding_step_viewed,2026-06-15T19:55:00Z,u_0535_s01,ins_u_0535_004,{},v2.3.0-fixed
evt_000443,u_0001,signup_started,2026-06-15T19:56:00Z,u_0001_s01,ins_u_0001_001,{},v2.3.0-fixed
evt_000444,u_0351,signup_completed,2026-06-15T19:58:00Z,u_0351_s01,ins_u_0351_002,{},v2.3.0-fixed
evt_000445,u_0433,signup_started,2026-06-15T20:01:00Z,u_0433_s01,ins_u_0433_001,{},v2.3.0-fixed
evt_000446,u_0535,feature_used,2026-06-15T20:01:00Z,u_0535_s01,ins_u_0535_005,"{""feature"": ""insights""}",v2.3.0-fixed
evt_000447,u_0580,signup_completed,2026-06-15T20:01:00Z,u_0580_s01,ins_u_0580_002,{},v2.3.0-fixed
evt_000448,u_0351,session_abandoned,2026-06-15T20:02:00Z,u_0351_s01,ins_u_0351_003,{},v2.3.0-fixed
evt_000449,u_0001,signup_completed,2026-06-15T20:03:00Z,u_0001_s01,ins_u_0001_002,{},v2.3.0-fixed
evt_000450,u_0580,session_abandoned,2026-06-15T20:05:00Z,u_0580_s01,ins_u_0580_003,{},v2.3.0-fixed
evt_000451,u_0711,signup_started,2026-06-15T20:05:00Z,u_0711_s01,ins_u_0711_001,{},v2.3.0-fixed
evt_000452,u_0433,signup_completed,2026-06-15T20:08:00Z,u_0433_s01,ins_u_0433_002,{},v2.3.0-fixed
evt_000453,u_0711,signup_completed,2026-06-15T20:08:00Z,u_0711_s01,ins_u_0711_002,{},v2.3.0-fixed
evt_000454,u_0001,session_abandoned,2026-06-15T20:09:00Z,u_0001_s01,ins_u_0001_003,{},v2.3.0-fixed
evt_000455,u_0711,profile_saved,2026-06-15T20:12:00Z,u_0711_s01,ins_u_0711_003,{},v2.3.0-fixed
evt_000456,u_0284,signup_started,2026-06-15T20:15:00Z,u_0284_s01,ins_u_0284_001,{},v2.3.0-fixed
evt_000457,u_0433,profile_saved,2026-06-15T20:17:00Z,u_0433_s01,ins_u_0433_003,{},v2.3.0-fixed
evt_000458,u_0711,onboarding_step_viewed,2026-06-15T20:17:00Z,u_0711_s01,ins_u_0711_004,{},v2.3.0-fixed
evt_000459,u_0420,onboarding_completed,2026-06-15T20:19:00Z,u_0420_s01,ins_u_0420_006,"{""completed_at"": ""2026-06-15T20:16:00Z""}",v2.3.0-fixed
evt_000460,u_0284,signup_completed,2026-06-15T20:23:00Z,u_0284_s01,ins_u_0284_002,{},v2.3.0-fixed
evt_000461,u_0284,profile_saved,2026-06-15T20:27:00Z,u_0284_s01,ins_u_0284_003,{},v2.3.0-fixed
evt_000462,u_0433,feature_used,2026-06-15T20:27:00Z,u_0433_s01,ins_u_0433_004,"{""feature"": ""insights""}",v2.3.0-fixed
evt_000463,u_0061,signup_started,2026-06-15T20:32:00Z,u_0061_s01,ins_u_0061_001,{},v2.3.0-fixed
evt_000464,u_0465,signup_started,2026-06-15T20:32:00Z,u_0465_s01,ins_u_0465_001,{},v2.3.0-fixed
evt_000465,u_0535,onboarding_completed,2026-06-15T20:34:00Z,u_0535_s01,ins_u_0535_006,"{""completed_at"": ""2026-06-15T20:23:00Z""}",v2.3.0-fixed
evt_000466,u_0028,signup_started,2026-06-15T20:37:00Z,u_0028_s01,ins_u_0028_001,{},v2.3.0-fixed
evt_000467,u_0028,session_abandoned,2026-06-15T20:39:00Z,u_0028_s01,ins_u_0028_002,{},v2.3.0-fixed
evt_000468,u_0061,signup_completed,2026-06-15T20:39:00Z,u_0061_s01,ins_u_0061_002,{},v2.3.0-fixed
evt_000469,u_0465,session_abandoned,2026-06-15T20:39:00Z,u_0465_s01,ins_u_0465_002,{},v2.3.0-fixed
evt_000470,u_0128,signup_started,2026-06-15T20:40:00Z,u_0128_s01,ins_u_0128_001,{},v2.3.0-fixed
evt_000471,u_0284,feature_used,2026-06-15T20:43:00Z,u_0284_s01,ins_u_0284_004,"{""feature"": ""board""}",v2.3.0-fixed
evt_000472,u_0061,profile_saved,2026-06-15T20:45:00Z,u_0061_s01,ins_u_0061_003,{},v2.3.0-fixed
evt_000473,u_0128,signup_completed,2026-06-15T20:45:00Z,u_0128_s01,ins_u_0128_002,{},v2.3.0-fixed
evt_000474,u_0711,onboarding_completed,2026-06-15T20:50:00Z,u_0711_s01,ins_u_0711_005,"{""completed_at"": ""2026-06-15T20:39:00Z""}",v2.3.0-fixed
evt_000475,u_0128,profile_saved,2026-06-15T20:55:00Z,u_0128_s01,ins_u_0128_003,{},v2.3.0-fixed
evt_000476,u_0535,activation_completed,2026-06-15T20:56:00Z,u_0535_s01,ins_u_0535_007,{},v2.3.0-fixed
evt_000477,u_0128,onboarding_step_viewed,2026-06-15T20:58:00Z,u_0128_s01,ins_u_0128_004,{},v2.3.0-fixed
evt_000478,u_0789,signup_started,2026-06-15T20:59:00Z,u_0789_s01,ins_u_0789_001,{},v2.3.0-fixed
evt_000479,u_0711,activation_completed,2026-06-15T21:03:00Z,u_0711_s01,ins_u_0711_006,{},v2.3.0-fixed
evt_000480,u_0789,signup_completed,2026-06-15T21:06:00Z,u_0789_s01,ins_u_0789_002,{},v2.3.0-fixed
evt_000481,u_0789,profile_saved,2026-06-15T21:13:00Z,u_0789_s01,ins_u_0789_003,{},v2.3.0-fixed
evt_000482,u_0128,feature_used,2026-06-15T21:14:00Z,u_0128_s01,ins_u_0128_005,"{""feature"": ""board""}",v2.3.0-fixed
evt_000483,u_0789,onboarding_step_viewed,2026-06-15T21:19:00Z,u_0789_s01,ins_u_0789_004,{},v2.3.0-fixed
evt_000484,u_0128,onboarding_completed,2026-06-15T21:27:00Z,u_0128_s01,ins_u_0128_006,"{""completed_at"": ""2026-06-15T21:32:00Z""}",v2.3.0-fixed
evt_000485,u_0789,feature_used,2026-06-15T21:29:00Z,u_0789_s01,ins_u_0789_005,"{""feature"": ""insights""}",v2.3.0-fixed
evt_000486,u_0061,onboarding_completed,2026-06-15T21:30:00Z,u_0061_s01,ins_u_0061_004,"{""completed_at"": ""2026-06-15T21:12:00Z""}",v2.3.0-fixed
evt_000487,u_0433,activation_completed,2026-06-15T21:37:00Z,u_0433_s01,ins_u_0433_005,{},v2.3.0-fixed
evt_000488,u_0789,onboarding_completed,2026-06-15T21:49:00Z,u_0789_s01,ins_u_0789_006,"{""completed_at"": ""2026-06-15T21:45:00Z""}",v2.3.0-fixed
evt_000489,u_0061,activation_completed,2026-06-15T22:01:00Z,u_0061_s01,ins_u_0061_005,{},v2.3.0-fixed
evt_000490,u_0050,signup_started,2026-06-16T08:02:00Z,u_0050_s01,ins_u_0050_001,{},v2.3.0-fixed
evt_000491,u_0050,signup_completed,2026-06-16T08:03:00Z,u_0050_s01,ins_u_0050_002,{},v2.3.0-fixed
evt_000492,u_0050,profile_saved,2026-06-16T08:06:00Z,u_0050_s01,ins_u_0050_003,{},v2.3.0-fixed
evt_000493,u_0299,signup_started,2026-06-16T08:09:00Z,u_0299_s01,ins_u_0299_001,{},v2.3.0-fixed
evt_000494,u_0050,onboarding_step_viewed,2026-06-16T08:11:00Z,u_0050_s01,ins_u_0050_004,{},v2.3.0-fixed
evt_000495,u_0494,signup_started,2026-06-16T08:11:00Z,u_0494_s01,ins_u_0494_001,{},v2.3.0-fixed
evt_000496,u_0756,signup_started,2026-06-16T08:11:00Z,u_0756_s01,ins_u_0756_001,{},v2.3.0-fixed
evt_000497,u_0726,signup_started,2026-06-16T08:12:00Z,u_0726_s01,ins_u_0726_001,{},v2.3.0-fixed
evt_000498,u_0756,signup_completed,2026-06-16T08:12:00Z,u_0756_s01,ins_u_0756_002,{},v2.3.0-fixed
evt_000499,u_0726,signup_completed,2026-06-16T08:13:00Z,u_0726_s01,ins_u_0726_002,{},v2.3.0-fixed
evt_000500,u_0299,signup_completed,2026-06-16T08:14:00Z,u_0299_s01,ins_u_0299_002,{},v2.3.0-fixed
evt_000501,u_0494,session_abandoned,2026-06-16T08:14:00Z,u_0494_s01,ins_u_0494_002,{},v2.3.0-fixed
evt_000502,u_0312,signup_started,2026-06-16T08:16:00Z,u_0312_s01,ins_u_0312_001,{},v2.3.0-fixed
evt_000503,u_0312,signup_completed,2026-06-16T08:20:00Z,u_0312_s01,ins_u_0312_002,{},v2.3.0-fixed
evt_000504,u_0756,session_abandoned,2026-06-16T08:20:00Z,u_0756_s01,ins_u_0756_003,{},v2.3.0-fixed
evt_000505,u_0390,signup_started,2026-06-16T08:21:00Z,u_0390_s01,ins_u_0390_001,{},v2.3.0-fixed
evt_000506,u_0299,profile_saved,2026-06-16T08:22:00Z,u_0299_s01,ins_u_0299_003,{},v2.3.0-fixed
evt_000507,u_0312,profile_saved,2026-06-16T08:22:00Z,u_0312_s01,ins_u_0312_003,{},v2.3.0-fixed
evt_000508,u_0726,profile_saved,2026-06-16T08:22:00Z,u_0726_s01,ins_u_0726_003,{},v2.3.0-fixed
evt_000509,u_0312,error_shown,2026-06-16T08:23:00Z,u_0312_s01,ins_u_0312_004,"{""code"": ""onboarding_timeout""}",v2.3.0-fixed
evt_000510,u_0098,signup_started,2026-06-16T08:25:00Z,u_0098_s01,ins_u_0098_001,{},v2.3.0-fixed
evt_000511,u_0390,signup_completed,2026-06-16T08:26:00Z,u_0390_s01,ins_u_0390_002,{},v2.3.0-fixed
evt_000512,u_0299,onboarding_step_viewed,2026-06-16T08:28:00Z,u_0299_s01,ins_u_0299_004,{},v2.3.0-fixed
evt_000513,u_0312,onboarding_step_viewed,2026-06-16T08:28:00Z,u_0312_s01,ins_u_0312_005,{},v2.3.0-fixed
evt_000514,u_0050,feature_used,2026-06-16T08:29:00Z,u_0050_s01,ins_u_0050_005,"{""feature"": ""board""}",v2.3.0-fixed
evt_000515,u_0726,feature_used,2026-06-16T08:29:00Z,u_0726_s01,ins_u_0726_004,"{""feature"": ""board""}",v2.3.0-fixed
evt_000516,u_0098,signup_completed,2026-06-16T08:31:00Z,u_0098_s01,ins_u_0098_002,{},v2.3.0-fixed
evt_000517,u_0390,session_abandoned,2026-06-16T08:35:00Z,u_0390_s01,ins_u_0390_003,{},v2.3.0-fixed
evt_000518,u_0299,feature_used,2026-06-16T08:37:00Z,u_0299_s01,ins_u_0299_005,"{""feature"": ""insights""}",v2.3.0-fixed
evt_000519,u_0312,feature_used,2026-06-16T08:37:00Z,u_0312_s01,ins_u_0312_006,"{""feature"": ""board""}",v2.3.0-fixed
evt_000520,u_0050,onboarding_completed,2026-06-16T08:38:00Z,u_0050_s01,ins_u_0050_006,"{""completed_at"": ""2026-06-16T08:43:00Z""}",v2.3.0-fixed
evt_000521,u_0098,profile_saved,2026-06-16T08:39:00Z,u_0098_s01,ins_u_0098_003,{},v2.3.0-fixed
evt_000522,u_0526,signup_started,2026-06-16T08:49:00Z,u_0526_s01,ins_u_0526_001,{},v2.3.0-fixed
evt_000523,u_0726,onboarding_completed,2026-06-16T08:51:00Z,u_0726_s01,ins_u_0726_005,"{""completed_at"": ""2026-06-16T08:52:00Z""}",v2.3.0-fixed
evt_000524,u_0299,onboarding_completed,2026-06-16T08:54:00Z,u_0299_s01,ins_u_0299_006,"{""completed_at"": ""2026-06-16T08:51:00Z""}",v2.3.0-fixed
evt_000525,u_0446,signup_started,2026-06-16T08:54:00Z,u_0446_s01,ins_u_0446_001,{},v2.3.0-fixed
evt_000526,u_0526,signup_completed,2026-06-16T08:54:00Z,u_0526_s01,ins_u_0526_002,{},v2.3.0-fixed
evt_000527,u_0058,signup_started,2026-06-16T08:59:00Z,u_0058_s01,ins_u_0058_001,{},v2.3.0-fixed
evt_000528,u_0526,profile_saved,2026-06-16T09:00:00Z,u_0526_s01,ins_u_0526_003,{},v2.3.0-fixed
evt_000529,u_0707,signup_started,2026-06-16T09:00:00Z,u_0707_s01,ins_u_0707_001,{},v2.3.0-fixed
evt_000530,u_0058,signup_completed,2026-06-16T09:01:00Z,u_0058_s01,ins_u_0058_002,{},v2.3.0-fixed
evt_000531,u_0098,feature_used,2026-06-16T09:01:00Z,u_0098_s01,ins_u_0098_004,"{""feature"": ""board""}",v2.3.0-fixed
evt_000532,u_0446,signup_completed,2026-06-16T09:01:00Z,u_0446_s01,ins_u_0446_002,{},v2.3.0-fixed
evt_000533,u_0707,signup_completed,2026-06-16T09:01:00Z,u_0707_s01,ins_u_0707_002,{},v2.3.0-fixed
evt_000534,u_0526,onboarding_step_viewed,2026-06-16T09:02:00Z,u_0526_s01,ins_u_0526_004,{},v2.3.0-fixed
evt_000535,u_0707,profile_saved,2026-06-16T09:03:00Z,u_0707_s01,ins_u_0707_003,{},v2.3.0-fixed
evt_000536,u_0312,onboarding_completed,2026-06-16T09:05:00Z,u_0312_s01,ins_u_0312_007,"{""completed_at"": ""2026-06-16T09:01:00Z""}",v2.3.0-fixed
evt_000537,u_0446,profile_saved,2026-06-16T09:06:00Z,u_0446_s01,ins_u_0446_003,{},v2.3.0-fixed
evt_000538,u_0058,profile_saved,2026-06-16T09:08:00Z,u_0058_s01,ins_u_0058_003,{},v2.3.0-fixed
evt_000539,u_0446,onboarding_step_viewed,2026-06-16T09:08:00Z,u_0446_s01,ins_u_0446_004,{},v2.3.0-fixed
evt_000540,u_0707,onboarding_step_viewed,2026-06-16T09:08:00Z,u_0707_s01,ins_u_0707_004,{},v2.3.0-fixed
evt_000541,u_0117,signup_started,2026-06-16T09:11:00Z,u_0117_s01,ins_u_0117_001,{},v2.3.0-fixed
evt_000542,u_0117,signup_completed,2026-06-16T09:12:00Z,u_0117_s01,ins_u_0117_002,{},v2.3.0-fixed
evt_000543,u_0446,feature_used,2026-06-16T09:13:00Z,u_0446_s01,ins_u_0446_005,"{""feature"": ""board""}",v2.3.0-fixed
evt_000544,u_0073,signup_started,2026-06-16T09:14:00Z,u_0073_s01,ins_u_0073_001,{},v2.3.0-fixed
evt_000545,u_0098,onboarding_completed,2026-06-16T09:16:00Z,u_0098_s01,ins_u_0098_005,"{""completed_at"": ""2026-06-16T09:08:00Z""}",v2.3.0-fixed
evt_000546,u_0117,session_abandoned,2026-06-16T09:16:00Z,u_0117_s01,ins_u_0117_003,{},v2.3.0-fixed
evt_000547,u_0214,signup_started,2026-06-16T09:16:00Z,u_0214_s01,ins_u_0214_001,{},v2.3.0-fixed
evt_000548,u_0073,signup_completed,2026-06-16T09:17:00Z,u_0073_s01,ins_u_0073_002,{},v2.3.0-fixed
evt_000549,u_0405,signup_started,2026-06-16T09:18:00Z,u_0405_s01,ins_u_0405_001,{},v2.3.0-fixed
evt_000550,u_0707,feature_used,2026-06-16T09:20:00Z,u_0707_s01,ins_u_0707_005,"{""feature"": ""insights""}",v2.3.0-fixed
evt_000551,u_0526,feature_used,2026-06-16T09:22:00Z,u_0526_s01,ins_u_0526_005,"{""feature"": ""board""}",v2.3.0-fixed
evt_000552,u_0214,signup_completed,2026-06-16T09:24:00Z,u_0214_s01,ins_u_0214_002,{},v2.3.0-fixed
evt_000553,u_0279,signup_started,2026-06-16T09:24:00Z,u_0279_s01,ins_u_0279_001,{},v2.3.0-fixed
evt_000554,u_0405,signup_completed,2026-06-16T09:24:00Z,u_0405_s01,ins_u_0405_002,{},v2.3.0-fixed
evt_000555,u_0073,session_abandoned,2026-06-16T09:25:00Z,u_0073_s01,ins_u_0073_003,{},v2.3.0-fixed
evt_000556,u_0279,signup_completed,2026-06-16T09:25:00Z,u_0279_s01,ins_u_0279_002,{},v2.3.0-fixed
evt_000557,u_0058,feature_used,2026-06-16T09:27:00Z,u_0058_s01,ins_u_0058_004,"{""feature"": ""board""}",v2.3.0-fixed
evt_000558,u_0405,session_abandoned,2026-06-16T09:28:00Z,u_0405_s01,ins_u_0405_003,{},v2.3.0-fixed
evt_000559,u_0214,profile_saved,2026-06-16T09:31:00Z,u_0214_s01,ins_u_0214_003,{},v2.3.0-fixed
evt_000560,u_0279,profile_saved,2026-06-16T09:33:00Z,u_0279_s01,ins_u_0279_003,{},v2.3.0-fixed
evt_000561,u_0299,activation_completed,2026-06-16T09:33:00Z,u_0299_s01,ins_u_0299_007,{},v2.3.0-fixed
evt_000562,u_0214,onboarding_step_viewed,2026-06-16T09:34:00Z,u_0214_s01,ins_u_0214_004,{},v2.3.0-fixed
evt_000563,u_0279,error_shown,2026-06-16T09:34:00Z,u_0279_s01,ins_u_0279_004,"{""code"": ""onboarding_timeout""}",v2.3.0-fixed
evt_000564,u_0279,onboarding_step_viewed,2026-06-16T09:37:00Z,u_0279_s01,ins_u_0279_005,{},v2.3.0-fixed
evt_000565,u_0130,signup_started,2026-06-16T09:40:00Z,u_0130_s01,ins_u_0130_001,{},v2.3.0-fixed
evt_000566,u_0248,signup_started,2026-06-16T09:40:00Z,u_0248_s01,ins_u_0248_001,{},v2.3.0-fixed
evt_000567,u_0526,onboarding_completed,2026-06-16T09:40:00Z,u_0526_s01,ins_u_0526_006,"{""completed_at"": ""2026-06-16T09:35:00Z""}",v2.3.0-fixed
evt_000568,u_0130,signup_completed,2026-06-16T09:41:00Z,u_0130_s01,ins_u_0130_002,{},v2.3.0-fixed
evt_000569,u_0315,signup_started,2026-06-16T09:41:00Z,u_0315_s01,ins_u_0315_001,{},v2.3.0-fixed
evt_000570,u_0248,signup_completed,2026-06-16T09:42:00Z,u_0248_s01,ins_u_0248_002,{},v2.3.0-fixed
evt_000571,u_0531,signup_started,2026-06-16T09:43:00Z,u_0531_s01,ins_u_0531_001,{},v2.3.0-fixed
evt_000572,u_0315,signup_completed,2026-06-16T09:44:00Z,u_0315_s01,ins_u_0315_002,{},v2.3.0-fixed
evt_000573,u_0769,signup_started,2026-06-16T09:44:00Z,u_0769_s01,ins_u_0769_001,{},v2.3.0-fixed
evt_000574,u_0707,onboarding_completed,2026-06-16T09:45:00Z,u_0707_s01,ins_u_0707_006,"{""completed_at"": ""2026-06-16T09:37:00Z""}",v2.3.0-fixed
evt_000575,u_0769,signup_completed,2026-06-16T09:46:00Z,u_0769_s01,ins_u_0769_002,{},v2.3.0-fixed
evt_000576,u_0214,feature_used,2026-06-16T09:48:00Z,u_0214_s01,ins_u_0214_005,"{""feature"": ""board""}",v2.3.0-fixed
evt_000577,u_0248,profile_saved,2026-06-16T09:48:00Z,u_0248_s01,ins_u_0248_003,{},v2.3.0-fixed
evt_000578,u_0315,session_abandoned,2026-06-16T09:48:00Z,u_0315_s01,ins_u_0315_003,{},v2.3.0-fixed
evt_000579,u_0769,profile_saved,2026-06-16T09:48:00Z,u_0769_s01,ins_u_0769_003,{},v2.3.0-fixed
evt_000580,u_0130,profile_saved,2026-06-16T09:49:00Z,u_0130_s01,ins_u_0130_003,{},v2.3.0-fixed
evt_000581,u_0587,signup_started,2026-06-16T09:49:00Z,u_0587_s01,ins_u_0587_001,{},v2.3.0-fixed
evt_000582,u_0446,onboarding_completed,2026-06-16T09:50:00Z,u_0446_s01,ins_u_0446_006,"{""completed_at"": ""2026-06-16T09:39:00Z""}",v2.3.0-fixed
evt_000583,u_0531,signup_completed,2026-06-16T09:51:00Z,u_0531_s01,ins_u_0531_002,{},v2.3.0-fixed
evt_000584,u_0769,onboarding_step_viewed,2026-06-16T09:51:00Z,u_0769_s01,ins_u_0769_004,{},v2.3.0-fixed
evt_000585,u_0130,onboarding_step_viewed,2026-06-16T09:53:00Z,u_0130_s01,ins_u_0130_004,{},v2.3.0-fixed
evt_000586,u_0369,signup_started,2026-06-16T09:53:00Z,u_0369_s01,ins_u_0369_001,{},v2.3.0-fixed
evt_000587,u_0531,profile_saved,2026-06-16T09:53:00Z,u_0531_s01,ins_u_0531_003,{},v2.3.0-fixed
evt_000588,u_0248,onboarding_step_viewed,2026-06-16T09:54:00Z,u_0248_s01,ins_u_0248_004,{},v2.3.0-fixed
evt_000589,u_0587,session_abandoned,2026-06-16T09:55:00Z,u_0587_s01,ins_u_0587_002,{},v2.3.0-fixed
evt_000590,u_0531,onboarding_step_viewed,2026-06-16T09:58:00Z,u_0531_s01,ins_u_0531_004,{},v2.3.0-fixed
evt_000591,u_0686,signup_started,2026-06-16T09:58:00Z,u_0686_s01,ins_u_0686_001,{},v2.3.0-fixed
evt_000592,u_0359,signup_started,2026-06-16T10:00:00Z,u_0359_s01,ins_u_0359_001,{},v2.3.0-fixed
evt_000593,u_0686,signup_completed,2026-06-16T10:00:00Z,u_0686_s01,ins_u_0686_002,{},v2.3.0-fixed
evt_000594,u_0369,session_abandoned,2026-06-16T10:01:00Z,u_0369_s01,ins_u_0369_002,{},v2.3.0-fixed
evt_000595,u_0359,session_abandoned,2026-06-16T10:03:00Z,u_0359_s01,ins_u_0359_002,{},v2.3.0-fixed
evt_000596,u_0279,onboarding_completed,2026-06-16T10:04:00Z,u_0279_s01,ins_u_0279_006,"{""completed_at"": ""2026-06-16T10:11:00Z""}",v2.3.0-fixed
evt_000597,u_0531,feature_used,2026-06-16T10:09:00Z,u_0531_s01,ins_u_0531_005,"{""feature"": ""insights""}",v2.3.0-fixed
evt_000598,u_0686,profile_saved,2026-06-16T10:09:00Z,u_0686_s01,ins_u_0686_003,{},v2.3.0-fixed
evt_000599,u_0214,onboarding_completed,2026-06-16T10:12:00Z,u_0214_s01,ins_u_0214_006,"{""completed_at"": ""2026-06-16T10:07:00Z""}",v2.3.0-fixed
evt_000600,u_0686,onboarding_step_viewed,2026-06-16T10:12:00Z,u_0686_s01,ins_u_0686_004,{},v2.3.0-fixed
evt_000601,u_0526,activation_completed,2026-06-16T10:14:00Z,u_0526_s01,ins_u_0526_007,{},v2.3.0-fixed
evt_000602,u_0446,activation_completed,2026-06-16T10:18:00Z,u_0446_s01,ins_u_0446_007,{},v2.3.0-fixed
evt_000603,u_0769,onboarding_completed,2026-06-16T10:20:00Z,u_0769_s01,ins_u_0769_005,"{""completed_at"": ""2026-06-16T10:27:00Z""}",v2.3.0-fixed
evt_000604,u_0214,activation_completed,2026-06-16T10:22:00Z,u_0214_s01,ins_u_0214_007,{},v2.3.0-fixed
evt_000605,u_0279,activation_completed,2026-06-16T10:24:00Z,u_0279_s01,ins_u_0279_007,{},v2.3.0-fixed
evt_000606,u_0248,onboarding_completed,2026-06-16T10:27:00Z,u_0248_s01,ins_u_0248_005,"{""completed_at"": ""2026-06-16T10:20:00Z""}",v2.3.0-fixed
evt_000607,u_0130,onboarding_completed,2026-06-16T10:31:00Z,u_0130_s01,ins_u_0130_005,"{""completed_at"": ""2026-06-16T10:27:00Z""}",v2.3.0-fixed
evt_000608,u_0686,onboarding_completed,2026-06-16T10:36:00Z,u_0686_s01,ins_u_0686_005,"{""completed_at"": ""2026-06-16T10:35:00Z""}",v2.3.0-fixed
evt_000609,u_0612,signup_started,2026-06-16T10:46:00Z,u_0612_s01,ins_u_0612_001,{},v2.3.0-fixed
evt_000610,u_0423,signup_started,2026-06-16T10:47:00Z,u_0423_s01,ins_u_0423_001,{},v2.3.0-fixed
evt_000611,u_0423,signup_completed,2026-06-16T10:49:00Z,u_0423_s01,ins_u_0423_002,{},v2.3.0-fixed
evt_000612,u_0612,session_abandoned,2026-06-16T10:52:00Z,u_0612_s01,ins_u_0612_002,{},v2.3.0-fixed
evt_000613,u_0423,profile_saved,2026-06-16T10:53:00Z,u_0423_s01,ins_u_0423_003,{},v2.3.0-fixed
evt_000614,u_0423,onboarding_step_viewed,2026-06-16T10:55:00Z,u_0423_s01,ins_u_0423_004,{},v2.3.0-fixed
evt_000615,u_0769,activation_completed,2026-06-16T11:00:00Z,u_0769_s01,ins_u_0769_006,{},v2.3.0-fixed
evt_000616,u_0224,signup_started,2026-06-16T11:04:00Z,u_0224_s01,ins_u_0224_001,{},v2.3.0-fixed
evt_000617,u_0248,activation_completed,2026-06-16T11:05:00Z,u_0248_s01,ins_u_0248_006,{},v2.3.0-fixed
evt_000618,u_0531,activation_completed,2026-06-16T11:09:00Z,u_0531_s01,ins_u_0531_006,{},v2.3.0-fixed
evt_000619,u_0224,signup_completed,2026-06-16T11:10:00Z,u_0224_s01,ins_u_0224_002,{},v2.3.0-fixed
evt_000620,u_0268,signup_started,2026-06-16T11:10:00Z,u_0268_s01,ins_u_0268_001,{},v2.3.0-fixed
evt_000621,u_0423,feature_used,2026-06-16T11:11:00Z,u_0423_s01,ins_u_0423_005,"{""feature"": ""insights""}",v2.3.0-fixed
evt_000622,u_0268,signup_completed,2026-06-16T11:14:00Z,u_0268_s01,ins_u_0268_002,{},v2.3.0-fixed
evt_000623,u_0268,profile_saved,2026-06-16T11:16:00Z,u_0268_s01,ins_u_0268_003,{},v2.3.0-fixed
evt_000624,u_0287,signup_started,2026-06-16T11:17:00Z,u_0287_s01,ins_u_0287_001,{},v2.3.0-fixed
evt_000625,u_0224,profile_saved,2026-06-16T11:18:00Z,u_0224_s01,ins_u_0224_003,{},v2.3.0-fixed
evt_000626,u_0268,onboarding_step_viewed,2026-06-16T11:18:00Z,u_0268_s01,ins_u_0268_004,{},v2.3.0-fixed
evt_000627,u_0287,session_abandoned,2026-06-16T11:20:00Z,u_0287_s01,ins_u_0287_002,{},v2.3.0-fixed
evt_000628,u_0224,onboarding_step_viewed,2026-06-16T11:22:00Z,u_0224_s01,ins_u_0224_004,{},v2.3.0-fixed
evt_000629,u_0268,feature_used,2026-06-16T11:34:00Z,u_0268_s01,ins_u_0268_005,"{""feature"": ""board""}",v2.3.0-fixed
evt_000630,u_0423,onboarding_completed,2026-06-16T11:35:00Z,u_0423_s01,ins_u_0423_006,"{""completed_at"": ""2026-06-16T11:30:00Z""}",v2.3.0-fixed
evt_000631,u_0424,signup_started,2026-06-16T11:36:00Z,u_0424_s01,ins_u_0424_001,{},v2.3.0-fixed
evt_000632,u_0424,signup_completed,2026-06-16T11:43:00Z,u_0424_s01,ins_u_0424_002,{},v2.3.0-fixed
evt_000633,u_0424,profile_saved,2026-06-16T11:45:00Z,u_0424_s01,ins_u_0424_003,{},v2.3.0-fixed
evt_000634,u_0424,onboarding_step_viewed,2026-06-16T11:47:00Z,u_0424_s01,ins_u_0424_004,{},v2.3.0-fixed
evt_000635,u_0579,signup_started,2026-06-16T11:47:00Z,u_0579_s01,ins_u_0579_001,{},v2.3.0-fixed
evt_000636,u_0579,signup_completed,2026-06-16T11:48:00Z,u_0579_s01,ins_u_0579_002,{},v2.3.0-fixed
evt_000637,u_0268,onboarding_completed,2026-06-16T11:49:00Z,u_0268_s01,ins_u_0268_006,"{""completed_at"": ""2026-06-16T11:45:00Z""}",v2.3.0-fixed
evt_000638,u_0224,onboarding_completed,2026-06-16T11:53:00Z,u_0224_s01,ins_u_0224_005,"{""completed_at"": ""2026-06-16T11:56:00Z""}",v2.3.0-fixed
evt_000639,u_0579,profile_saved,2026-06-16T11:53:00Z,u_0579_s01,ins_u_0579_003,{},v2.3.0-fixed
evt_000640,u_0152,signup_started,2026-06-16T11:58:00Z,u_0152_s01,ins_u_0152_001,{},v2.3.0-fixed
evt_000641,u_0424,feature_used,2026-06-16T11:58:00Z,u_0424_s01,ins_u_0424_005,"{""feature"": ""board""}",v2.3.0-fixed
evt_000642,u_0152,signup_completed,2026-06-16T11:59:00Z,u_0152_s01,ins_u_0152_002,{},v2.3.0-fixed
evt_000643,u_0742,signup_started,2026-06-16T11:59:00Z,u_0742_s01,ins_u_0742_001,{},v2.3.0-fixed
evt_000644,u_0239,signup_started,2026-06-16T12:00:00Z,u_0239_s01,ins_u_0239_001,{},v2.3.0-fixed
evt_000645,u_0239,signup_completed,2026-06-16T12:01:00Z,u_0239_s01,ins_u_0239_002,{},v2.3.0-fixed
evt_000646,u_0410,signup_started,2026-06-16T12:02:00Z,u_0410_s01,ins_u_0410_001,{},v2.3.0-fixed
evt_000647,u_0504,signup_started,2026-06-16T12:02:00Z,u_0504_s01,ins_u_0504_001,{},v2.3.0-fixed
evt_000648,u_0625,signup_started,2026-06-16T12:02:00Z,u_0625_s01,ins_u_0625_001,{},v2.3.0-fixed
evt_000649,u_0152,profile_saved,2026-06-16T12:03:00Z,u_0152_s01,ins_u_0152_003,{},v2.3.0-fixed
evt_000650,u_0268,activation_completed,2026-06-16T12:03:00Z,u_0268_s01,ins_u_0268_007,{},v2.3.0-fixed
evt_000651,u_0742,signup_completed,2026-06-16T12:03:00Z,u_0742_s01,ins_u_0742_002,{},v2.3.0-fixed
evt_000652,u_0625,signup_completed,2026-06-16T12:04:00Z,u_0625_s01,ins_u_0625_002,{},v2.3.0-fixed
evt_000653,u_0410,signup_completed,2026-06-16T12:05:00Z,u_0410_s01,ins_u_0410_002,{},v2.3.0-fixed
evt_000654,u_0742,profile_saved,2026-06-16T12:05:00Z,u_0742_s01,ins_u_0742_003,{},v2.3.0-fixed
evt_000655,u_0504,signup_completed,2026-06-16T12:06:00Z,u_0504_s01,ins_u_0504_002,{},v2.3.0-fixed
evt_000656,u_0152,onboarding_step_viewed,2026-06-16T12:08:00Z,u_0152_s01,ins_u_0152_004,{},v2.3.0-fixed
evt_000657,u_0239,session_abandoned,2026-06-16T12:08:00Z,u_0239_s01,ins_u_0239_003,{},v2.3.0-fixed
evt_000658,u_0152,feature_used,2026-06-16T12:10:00Z,u_0152_s01,ins_u_0152_005,"{""feature"": ""board""}",v2.3.0-fixed
evt_000659,u_0579,feature_used,2026-06-16T12:10:00Z,u_0579_s01,ins_u_0579_004,"{""feature"": ""insights""}",v2.3.0-fixed
evt_000660,u_0742,onboarding_step_viewed,2026-06-16T12:10:00Z,u_0742_s01,ins_u_0742_004,{},v2.3.0-fixed
evt_000661,u_0410,session_abandoned,2026-06-16T12:11:00Z,u_0410_s01,ins_u_0410_003,{},v2.3.0-fixed
evt_000662,u_0192,signup_started,2026-06-16T12:12:00Z,u_0192_s01,ins_u_0192_001,{},v2.3.0-fixed
evt_000663,u_0625,session_abandoned,2026-06-16T12:13:00Z,u_0625_s01,ins_u_0625_003,{},v2.3.0-fixed
evt_000664,u_0192,signup_completed,2026-06-16T12:15:00Z,u_0192_s01,ins_u_0192_002,{},v2.3.0-fixed
evt_000665,u_0424,onboarding_completed,2026-06-16T12:15:00Z,u_0424_s01,ins_u_0424_006,"{""completed_at"": ""2026-06-16T12:23:00Z""}",v2.3.0-fixed
evt_000666,u_0504,profile_saved,2026-06-16T12:16:00Z,u_0504_s01,ins_u_0504_003,{},v2.3.0-fixed
evt_000667,u_0192,profile_saved,2026-06-16T12:18:00Z,u_0192_s01,ins_u_0192_003,{},v2.3.0-fixed
evt_000668,u_0192,error_shown,2026-06-16T12:19:00Z,u_0192_s01,ins_u_0192_004,"{""code"": ""onboarding_timeout""}",v2.3.0-fixed
evt_000669,u_0504,onboarding_step_viewed,2026-06-16T12:21:00Z,u_0504_s01,ins_u_0504_004,{},v2.3.0-fixed
evt_000670,u_0192,onboarding_step_viewed,2026-06-16T12:22:00Z,u_0192_s01,ins_u_0192_005,{},v2.3.0-fixed
evt_000671,u_0579,onboarding_completed,2026-06-16T12:24:00Z,u_0579_s01,ins_u_0579_005,"{""completed_at"": ""2026-06-16T12:30:00Z""}",v2.3.0-fixed
evt_000672,u_0742,feature_used,2026-06-16T12:25:00Z,u_0742_s01,ins_u_0742_005,"{""feature"": ""board""}",v2.3.0-fixed
evt_000673,u_0504,feature_used,2026-06-16T12:27:00Z,u_0504_s01,ins_u_0504_005,"{""feature"": ""board""}",v2.3.0-fixed
evt_000674,u_0224,activation_completed,2026-06-16T12:36:00Z,u_0224_s01,ins_u_0224_006,{},v2.3.0-fixed
evt_000675,u_0765,signup_started,2026-06-16T12:37:00Z,u_0765_s01,ins_u_0765_001,{},v2.3.0-fixed
evt_000676,u_0742,onboarding_completed,2026-06-16T12:40:00Z,u_0742_s01,ins_u_0742_006,"{""completed_at"": ""2026-06-16T12:35:00Z""}",v2.3.0-fixed
evt_000677,u_0765,signup_completed,2026-06-16T12:41:00Z,u_0765_s01,ins_u_0765_002,{},v2.3.0-fixed
evt_000678,u_0192,feature_used,2026-06-16T12:42:00Z,u_0192_s01,ins_u_0192_006,"{""feature"": ""board""}",v2.3.0-fixed
evt_000679,u_0765,profile_saved,2026-06-16T12:49:00Z,u_0765_s01,ins_u_0765_003,{},v2.3.0-fixed
evt_000680,u_0765,error_shown,2026-06-16T12:50:00Z,u_0765_s01,ins_u_0765_004,"{""code"": ""onboarding_timeout""}",v2.3.0-fixed
evt_000681,u_0504,onboarding_completed,2026-06-16T12:53:00Z,u_0504_s01,ins_u_0504_006,"{""completed_at"": ""2026-06-16T12:44:00Z""}",v2.3.0-fixed
evt_000682,u_0765,onboarding_step_viewed,2026-06-16T12:54:00Z,u_0765_s01,ins_u_0765_005,{},v2.3.0-fixed
evt_000683,u_0742,activation_completed,2026-06-16T12:55:00Z,u_0742_s01,ins_u_0742_007,{},v2.3.0-fixed
evt_000684,u_0192,onboarding_completed,2026-06-16T12:57:00Z,u_0192_s01,ins_u_0192_007,"{""completed_at"": ""2026-06-16T12:50:00Z""}",v2.3.0-fixed
evt_000685,u_0201,signup_started,2026-06-16T12:57:00Z,u_0201_s01,ins_u_0201_001,{},v2.3.0-fixed
evt_000686,u_0152,activation_completed,2026-06-16T13:03:00Z,u_0152_s01,ins_u_0152_006,{},v2.3.0-fixed
evt_000687,u_0765,feature_used,2026-06-16T13:03:00Z,u_0765_s01,ins_u_0765_006,"{""feature"": ""insights""}",v2.3.0-fixed
evt_000688,u_0201,session_abandoned,2026-06-16T13:04:00Z,u_0201_s01,ins_u_0201_002,{},v2.3.0-fixed
evt_000689,u_0500,signup_started,2026-06-16T13:07:00Z,u_0500_s01,ins_u_0500_001,{},v2.3.0-fixed
evt_000690,u_0504,activation_completed,2026-06-16T13:12:00Z,u_0504_s01,ins_u_0504_007,{},v2.3.0-fixed
evt_000691,u_0500,signup_completed,2026-06-16T13:13:00Z,u_0500_s01,ins_u_0500_002,{},v2.3.0-fixed
evt_000692,u_0637,signup_started,2026-06-16T13:17:00Z,u_0637_s01,ins_u_0637_001,{},v2.3.0-fixed
evt_000693,u_0500,profile_saved,2026-06-16T13:19:00Z,u_0500_s01,ins_u_0500_003,{},v2.3.0-fixed
evt_000694,u_0027,signup_started,2026-06-16T13:23:00Z,u_0027_s01,ins_u_0027_001,{},v2.3.0-fixed
evt_000695,u_0027,signup_completed,2026-06-16T13:24:00Z,u_0027_s01,ins_u_0027_002,{},v2.3.0-fixed
evt_000696,u_0637,signup_completed,2026-06-16T13:25:00Z,u_0637_s01,ins_u_0637_002,{},v2.3.0-fixed
evt_000697,u_0027,profile_saved,2026-06-16T13:26:00Z,u_0027_s01,ins_u_0027_003,{},v2.3.0-fixed
evt_000698,u_0764,signup_started,2026-06-16T13:28:00Z,u_0764_s01,ins_u_0764_001,{},v2.3.0-fixed
evt_000699,u_0637,session_abandoned,2026-06-16T13:29:00Z,u_0637_s01,ins_u_0637_003,{},v2.3.0-fixed
evt_000700,u_0765,onboarding_completed,2026-06-16T13:29:00Z,u_0765_s01,ins_u_0765_007,"{""completed_at"": ""2026-06-16T13:17:00Z""}",v2.3.0-fixed
evt_000701,u_0027,onboarding_step_viewed,2026-06-16T13:30:00Z,u_0027_s01,ins_u_0027_004,{},v2.3.0-fixed
evt_000702,u_0764,signup_completed,2026-06-16T13:31:00Z,u_0764_s01,ins_u_0764_002,{},v2.3.0-fixed
evt_000703,u_0764,profile_saved,2026-06-16T13:34:00Z,u_0764_s01,ins_u_0764_003,{},v2.3.0-fixed
evt_000704,u_0569,signup_started,2026-06-16T13:35:00Z,u_0569_s01,ins_u_0569_001,{},v2.3.0-fixed
evt_000705,u_0500,feature_used,2026-06-16T13:36:00Z,u_0500_s01,ins_u_0500_004,"{""feature"": ""board""}",v2.3.0-fixed
evt_000706,u_0569,session_abandoned,2026-06-16T13:38:00Z,u_0569_s01,ins_u_0569_002,{},v2.3.0-fixed
evt_000707,u_0764,onboarding_step_viewed,2026-06-16T13:38:00Z,u_0764_s01,ins_u_0764_004,{},v2.3.0-fixed
evt_000708,u_0027,feature_used,2026-06-16T13:41:00Z,u_0027_s01,ins_u_0027_005,"{""feature"": ""insights""}",v2.3.0-fixed
evt_000709,u_0534,signup_started,2026-06-16T13:42:00Z,u_0534_s01,ins_u_0534_001,{},v2.3.0-fixed
evt_000710,u_0765,activation_completed,2026-06-16T13:42:00Z,u_0765_s01,ins_u_0765_008,{},v2.3.0-fixed
evt_000711,u_0265,signup_started,2026-06-16T13:46:00Z,u_0265_s01,ins_u_0265_001,{},v2.3.0-fixed
evt_000712,u_0764,feature_used,2026-06-16T13:47:00Z,u_0764_s01,ins_u_0764_005,"{""feature"": ""board""}",v2.3.0-fixed
evt_000713,u_0265,signup_completed,2026-06-16T13:48:00Z,u_0265_s01,ins_u_0265_002,{},v2.3.0-fixed
evt_000714,u_0534,signup_completed,2026-06-16T13:49:00Z,u_0534_s01,ins_u_0534_002,{},v2.3.0-fixed
evt_000715,u_0534,profile_saved,2026-06-16T13:52:00Z,u_0534_s01,ins_u_0534_003,{},v2.3.0-fixed
evt_000716,u_0027,onboarding_completed,2026-06-16T13:53:00Z,u_0027_s01,ins_u_0027_006,"{""completed_at"": ""2026-06-16T14:01:00Z""}",v2.3.0-fixed
evt_000717,u_0265,profile_saved,2026-06-16T13:53:00Z,u_0265_s01,ins_u_0265_003,{},v2.3.0-fixed
evt_000718,u_0344,signup_started,2026-06-16T13:53:00Z,u_0344_s01,ins_u_0344_001,{},v2.3.0-fixed
evt_000719,u_0344,signup_completed,2026-06-16T13:54:00Z,u_0344_s01,ins_u_0344_002,{},v2.3.0-fixed
evt_000720,u_0265,onboarding_step_viewed,2026-06-16T13:55:00Z,u_0265_s01,ins_u_0265_004,{},v2.3.0-fixed
evt_000721,u_0500,onboarding_completed,2026-06-16T13:55:00Z,u_0500_s01,ins_u_0500_005,"{""completed_at"": ""2026-06-16T13:51:00Z""}",v2.3.0-fixed
evt_000722,u_0534,onboarding_step_viewed,2026-06-16T13:55:00Z,u_0534_s01,ins_u_0534_004,{},v2.3.0-fixed
evt_000723,u_0041,signup_started,2026-06-16T14:00:00Z,u_0041_s01,ins_u_0041_001,{},v2.3.0-fixed
evt_000724,u_0344,profile_saved,2026-06-16T14:00:00Z,u_0344_s01,ins_u_0344_003,{},v2.3.0-fixed
evt_000725,u_0361,signup_started,2026-06-16T14:00:00Z,u_0361_s01,ins_u_0361_001,{},v2.3.0-fixed
evt_000726,u_0265,feature_used,2026-06-16T14:01:00Z,u_0265_s01,ins_u_0265_005,"{""feature"": ""insights""}",v2.3.0-fixed
evt_000727,u_0041,signup_completed,2026-06-16T14:05:00Z,u_0041_s01,ins_u_0041_002,{},v2.3.0-fixed
evt_000728,u_0344,onboarding_step_viewed,2026-06-16T14:06:00Z,u_0344_s01,ins_u_0344_004,{},v2.3.0-fixed
evt_000729,u_0361,session_abandoned,2026-06-16T14:06:00Z,u_0361_s01,ins_u_0361_002,{},v2.3.0-fixed
evt_000730,u_0745,signup_started,2026-06-16T14:06:00Z,u_0745_s01,ins_u_0745_001,{},v2.3.0-fixed
evt_000731,u_0764,onboarding_completed,2026-06-16T14:07:00Z,u_0764_s01,ins_u_0764_006,"{""completed_at"": ""2026-06-16T14:13:00Z""}",v2.3.0-fixed
evt_000732,u_0344,feature_used,2026-06-16T14:10:00Z,u_0344_s01,ins_u_0344_005,"{""feature"": ""board""}",v2.3.0-fixed
evt_000733,u_0745,signup_completed,2026-06-16T14:11:00Z,u_0745_s01,ins_u_0745_002,{},v2.3.0-fixed
evt_000734,u_0041,session_abandoned,2026-06-16T14:12:00Z,u_0041_s01,ins_u_0041_003,{},v2.3.0-fixed
evt_000735,u_0745,session_abandoned,2026-06-16T14:16:00Z,u_0745_s01,ins_u_0745_003,{},v2.3.0-fixed
evt_000736,u_0534,onboarding_completed,2026-06-16T14:18:00Z,u_0534_s01,ins_u_0534_005,"{""completed_at"": ""2026-06-16T14:22:00Z""}",v2.3.0-fixed
evt_000737,u_0228,signup_started,2026-06-16T14:27:00Z,u_0228_s01,ins_u_0228_001,{},v2.3.0-fixed
evt_000738,u_0344,onboarding_completed,2026-06-16T14:28:00Z,u_0344_s01,ins_u_0344_006,"{""completed_at"": ""2026-06-16T14:39:00Z""}",v2.3.0-fixed
evt_000739,u_0228,session_abandoned,2026-06-16T14:30:00Z,u_0228_s01,ins_u_0228_002,{},v2.3.0-fixed
evt_000740,u_0265,onboarding_completed,2026-06-16T14:30:00Z,u_0265_s01,ins_u_0265_006,"{""completed_at"": ""2026-06-16T14:19:00Z""}",v2.3.0-fixed
evt_000741,u_0059,signup_started,2026-06-16T14:32:00Z,u_0059_s01,ins_u_0059_001,{},v2.3.0-fixed
evt_000742,u_0310,signup_started,2026-06-16T14:37:00Z,u_0310_s01,ins_u_0310_001,{},v2.3.0-fixed
evt_000743,u_0310,signup_completed,2026-06-16T14:38:00Z,u_0310_s01,ins_u_0310_002,{},v2.3.0-fixed
evt_000744,u_0059,signup_completed,2026-06-16T14:39:00Z,u_0059_s01,ins_u_0059_002,{},v2.3.0-fixed
evt_000745,u_0059,profile_saved,2026-06-16T14:47:00Z,u_0059_s01,ins_u_0059_003,{},v2.3.0-fixed
evt_000746,u_0310,profile_saved,2026-06-16T14:48:00Z,u_0310_s01,ins_u_0310_003,{},v2.3.0-fixed
evt_000747,u_0103,signup_started,2026-06-16T14:49:00Z,u_0103_s01,ins_u_0103_001,{},v2.3.0-fixed
evt_000748,u_0103,signup_completed,2026-06-16T14:50:00Z,u_0103_s01,ins_u_0103_002,{},v2.3.0-fixed
evt_000749,u_0059,onboarding_step_viewed,2026-06-16T14:52:00Z,u_0059_s01,ins_u_0059_004,{},v2.3.0-fixed
evt_000750,u_0310,onboarding_step_viewed,2026-06-16T14:53:00Z,u_0310_s01,ins_u_0310_004,{},v2.3.0-fixed
evt_000751,u_0103,profile_saved,2026-06-16T14:55:00Z,u_0103_s01,ins_u_0103_003,{},v2.3.0-fixed
evt_000752,u_0265,activation_completed,2026-06-16T14:56:00Z,u_0265_s01,ins_u_0265_007,{},v2.3.0-fixed
evt_000753,u_0310,feature_used,2026-06-16T15:00:00Z,u_0310_s01,ins_u_0310_005,"{""feature"": ""board""}",v2.3.0-fixed
evt_000754,u_0695,signup_started,2026-06-16T15:00:00Z,u_0695_s01,ins_u_0695_001,{},v2.3.0-fixed
evt_000755,u_0103,onboarding_step_viewed,2026-06-16T15:01:00Z,u_0103_s01,ins_u_0103_004,{},v2.3.0-fixed
evt_000756,u_0695,signup_completed,2026-06-16T15:07:00Z,u_0695_s01,ins_u_0695_002,{},v2.3.0-fixed
evt_000757,u_0320,signup_started,2026-06-16T15:08:00Z,u_0320_s01,ins_u_0320_001,{},v2.3.0-fixed
evt_000758,u_0059,feature_used,2026-06-16T15:10:00Z,u_0059_s01,ins_u_0059_005,"{""feature"": ""insights""}",v2.3.0-fixed
evt_000759,u_0138,signup_started,2026-06-16T15:13:00Z,u_0138_s01,ins_u_0138_001,{},v2.3.0-fixed
evt_000760,u_0059,onboarding_completed,2026-06-16T15:15:00Z,u_0059_s01,ins_u_0059_006,"{""completed_at"": ""2026-06-16T15:26:00Z""}",v2.3.0-fixed
evt_000761,u_0320,signup_completed,2026-06-16T15:15:00Z,u_0320_s01,ins_u_0320_002,{},v2.3.0-fixed
evt_000762,u_0138,signup_completed,2026-06-16T15:16:00Z,u_0138_s01,ins_u_0138_002,{},v2.3.0-fixed
evt_000763,u_0695,profile_saved,2026-06-16T15:17:00Z,u_0695_s01,ins_u_0695_003,{},v2.3.0-fixed
evt_000764,u_0310,onboarding_completed,2026-06-16T15:22:00Z,u_0310_s01,ins_u_0310_006,"{""completed_at"": ""2026-06-16T15:24:00Z""}",v2.3.0-fixed
evt_000765,u_0138,profile_saved,2026-06-16T15:24:00Z,u_0138_s01,ins_u_0138_003,{},v2.3.0-fixed
evt_000766,u_0320,profile_saved,2026-06-16T15:25:00Z,u_0320_s01,ins_u_0320_003,{},v2.3.0-fixed
evt_000767,u_0456,signup_started,2026-06-16T15:27:00Z,u_0456_s01,ins_u_0456_001,{},v2.3.0-fixed
evt_000768,u_0480,signup_started,2026-06-16T15:28:00Z,u_0480_s01,ins_u_0480_001,{},v2.3.0-fixed
evt_000769,u_0138,onboarding_step_viewed,2026-06-16T15:29:00Z,u_0138_s01,ins_u_0138_004,{},v2.3.0-fixed
evt_000770,u_0320,onboarding_step_viewed,2026-06-16T15:29:00Z,u_0320_s01,ins_u_0320_004,{},v2.3.0-fixed
evt_000771,u_0331,signup_started,2026-06-16T15:31:00Z,u_0331_s01,ins_u_0331_001,{},v2.3.0-fixed
evt_000772,u_0456,signup_completed,2026-06-16T15:33:00Z,u_0456_s01,ins_u_0456_002,{},v2.3.0-fixed
evt_000773,u_0480,signup_completed,2026-06-16T15:34:00Z,u_0480_s01,ins_u_0480_002,{},v2.3.0-fixed
evt_000774,u_0695,feature_used,2026-06-16T15:34:00Z,u_0695_s01,ins_u_0695_004,"{""feature"": ""insights""}",v2.3.0-fixed
evt_000775,u_0331,session_abandoned,2026-06-16T15:37:00Z,u_0331_s01,ins_u_0331_002,{},v2.3.0-fixed
evt_000776,u_0103,onboarding_completed,2026-06-16T15:38:00Z,u_0103_s01,ins_u_0103_005,"{""completed_at"": ""2026-06-16T15:34:00Z""}",v2.3.0-fixed
evt_000777,u_0138,feature_used,2026-06-16T15:42:00Z,u_0138_s01,ins_u_0138_005,"{""feature"": ""board""}",v2.3.0-fixed
evt_000778,u_0456,profile_saved,2026-06-16T15:43:00Z,u_0456_s01,ins_u_0456_003,{},v2.3.0-fixed
evt_000779,u_0480,profile_saved,2026-06-16T15:44:00Z,u_0480_s01,ins_u_0480_003,{},v2.3.0-fixed
evt_000780,u_0456,onboarding_step_viewed,2026-06-16T15:49:00Z,u_0456_s01,ins_u_0456_004,{},v2.3.0-fixed
evt_000781,u_0480,onboarding_step_viewed,2026-06-16T15:49:00Z,u_0480_s01,ins_u_0480_004,{},v2.3.0-fixed
evt_000782,u_0320,onboarding_completed,2026-06-16T15:51:00Z,u_0320_s01,ins_u_0320_005,"{""completed_at"": ""2026-06-16T16:05:00Z""}",v2.3.0-fixed
evt_000783,u_0310,activation_completed,2026-06-16T15:53:00Z,u_0310_s01,ins_u_0310_007,{},v2.3.0-fixed
evt_000784,u_0539,signup_started,2026-06-16T15:54:00Z,u_0539_s01,ins_u_0539_001,{},v2.3.0-fixed
evt_000785,u_0695,onboarding_completed,2026-06-16T15:56:00Z,u_0695_s01,ins_u_0695_005,"{""completed_at"": ""2026-06-16T15:49:00Z""}",v2.3.0-fixed
evt_000786,u_0103,activation_completed,2026-06-16T15:58:00Z,u_0103_s01,ins_u_0103_006,{},v2.3.0-fixed
evt_000787,u_0539,session_abandoned,2026-06-16T15:58:00Z,u_0539_s01,ins_u_0539_002,{},v2.3.0-fixed
evt_000788,u_0456,feature_used,2026-06-16T16:00:00Z,u_0456_s01,ins_u_0456_005,"{""feature"": ""board""}",v2.3.0-fixed
evt_000789,u_0510,signup_started,2026-06-16T16:06:00Z,u_0510_s01,ins_u_0510_001,{},v2.3.0-fixed
evt_000790,u_0195,signup_started,2026-06-16T16:07:00Z,u_0195_s01,ins_u_0195_001,{},v2.3.0-fixed
evt_000791,u_0510,signup_completed,2026-06-16T16:13:00Z,u_0510_s01,ins_u_0510_002,{},v2.3.0-fixed
evt_000792,u_0195,session_abandoned,2026-06-16T16:15:00Z,u_0195_s01,ins_u_0195_002,{},v2.3.0-fixed
evt_000793,u_0510,profile_saved,2026-06-16T16:19:00Z,u_0510_s01,ins_u_0510_003,{},v2.3.0-fixed
evt_000794,u_0138,activation_completed,2026-06-16T16:23:00Z,u_0138_s01,ins_u_0138_006,{},v2.3.0-fixed
evt_000795,u_0474,signup_started,2026-06-16T16:24:00Z,u_0474_s01,ins_u_0474_001,{},v2.3.0-fixed
evt_000796,u_0480,onboarding_completed,2026-06-16T16:24:00Z,u_0480_s01,ins_u_0480_005,"{""completed_at"": ""2026-06-16T16:22:00Z""}",v2.3.0-fixed
evt_000797,u_0510,onboarding_step_viewed,2026-06-16T16:24:00Z,u_0510_s01,ins_u_0510_004,{},v2.3.0-fixed
evt_000798,u_0689,signup_started,2026-06-16T16:24:00Z,u_0689_s01,ins_u_0689_001,{},v2.3.0-fixed
evt_000799,u_0695,activation_completed,2026-06-16T16:24:00Z,u_0695_s01,ins_u_0695_006,{},v2.3.0-fixed
evt_000800,u_0471,signup_started,2026-06-16T16:27:00Z,u_0471_s01,ins_u_0471_001,{},v2.3.0-fixed
evt_000801,u_0664,signup_started,2026-06-16T16:28:00Z,u_0664_s01,ins_u_0664_001,{},v2.3.0-fixed
evt_000802,u_0398,signup_started,2026-06-16T16:29:00Z,u_0398_s01,ins_u_0398_001,{},v2.3.0-fixed
evt_000803,u_0474,session_abandoned,2026-06-16T16:29:00Z,u_0474_s01,ins_u_0474_002,{},v2.3.0-fixed
evt_000804,u_0664,session_abandoned,2026-06-16T16:29:00Z,u_0664_s01,ins_u_0664_002,{},v2.3.0-fixed
evt_000805,u_0689,signup_completed,2026-06-16T16:32:00Z,u_0689_s01,ins_u_0689_002,{},v2.3.0-fixed
evt_000806,u_0471,signup_completed,2026-06-16T16:33:00Z,u_0471_s01,ins_u_0471_002,{},v2.3.0-fixed
evt_000807,u_0038,signup_started,2026-06-16T16:34:00Z,u_0038_s01,ins_u_0038_001,{},v2.3.0-fixed
evt_000808,u_0398,session_abandoned,2026-06-16T16:34:00Z,u_0398_s01,ins_u_0398_002,{},v2.3.0-fixed
evt_000809,u_0471,profile_saved,2026-06-16T16:36:00Z,u_0471_s01,ins_u_0471_003,{},v2.3.0-fixed
evt_000810,u_0689,profile_saved,2026-06-16T16:36:00Z,u_0689_s01,ins_u_0689_003,{},v2.3.0-fixed
evt_000811,u_0471,error_shown,2026-06-16T16:37:00Z,u_0471_s01,ins_u_0471_004,"{""code"": ""onboarding_timeout""}",v2.3.0-fixed
evt_000812,u_0516,signup_started,2026-06-16T16:37:00Z,u_0516_s01,ins_u_0516_001,{},v2.3.0-fixed
evt_000813,u_0471,onboarding_step_viewed,2026-06-16T16:38:00Z,u_0471_s01,ins_u_0471_005,{},v2.3.0-fixed
evt_000814,u_0038,signup_completed,2026-06-16T16:40:00Z,u_0038_s01,ins_u_0038_002,{},v2.3.0-fixed
evt_000815,u_0038,session_abandoned,2026-06-16T16:45:00Z,u_0038_s01,ins_u_0038_003,{},v2.3.0-fixed
evt_000816,u_0516,signup_completed,2026-06-16T16:45:00Z,u_0516_s01,ins_u_0516_002,{},v2.3.0-fixed
evt_000817,u_0249,signup_started,2026-06-16T16:46:00Z,u_0249_s01,ins_u_0249_001,{},v2.3.0-fixed
evt_000818,u_0249,signup_completed,2026-06-16T16:47:00Z,u_0249_s01,ins_u_0249_002,{},v2.3.0-fixed
evt_000819,u_0516,profile_saved,2026-06-16T16:47:00Z,u_0516_s01,ins_u_0516_003,{},v2.3.0-fixed
evt_000820,u_0516,error_shown,2026-06-16T16:48:00Z,u_0516_s01,ins_u_0516_004,"{""code"": ""onboarding_timeout""}",v2.3.0-fixed
evt_000821,u_0776,signup_started,2026-06-16T16:48:00Z,u_0776_s01,ins_u_0776_001,{},v2.3.0-fixed
evt_000822,u_0618,signup_started,2026-06-16T16:50:00Z,u_0618_s01,ins_u_0618_001,{},v2.3.0-fixed
evt_000823,u_0618,signup_completed,2026-06-16T16:51:00Z,u_0618_s01,ins_u_0618_002,{},v2.3.0-fixed
evt_000824,u_0249,profile_saved,2026-06-16T16:52:00Z,u_0249_s01,ins_u_0249_003,{},v2.3.0-fixed
evt_000825,u_0516,onboarding_step_viewed,2026-06-16T16:52:00Z,u_0516_s01,ins_u_0516_005,{},v2.3.0-fixed
evt_000826,u_0689,feature_used,2026-06-16T16:55:00Z,u_0689_s01,ins_u_0689_004,"{""feature"": ""insights""}",v2.3.0-fixed
evt_000827,u_0776,signup_completed,2026-06-16T16:55:00Z,u_0776_s01,ins_u_0776_002,{},v2.3.0-fixed
evt_000828,u_0249,onboarding_step_viewed,2026-06-16T16:56:00Z,u_0249_s01,ins_u_0249_004,{},v2.3.0-fixed
evt_000829,u_0510,onboarding_completed,2026-06-16T16:56:00Z,u_0510_s01,ins_u_0510_005,"{""completed_at"": ""2026-06-16T16:45:00Z""}",v2.3.0-fixed
evt_000830,u_0516,feature_used,2026-06-16T16:58:00Z,u_0516_s01,ins_u_0516_006,"{""feature"": ""board""}",v2.3.0-fixed
evt_000831,u_0618,session_abandoned,2026-06-16T16:58:00Z,u_0618_s01,ins_u_0618_003,{},v2.3.0-fixed
evt_000832,u_0659,signup_started,2026-06-16T16:58:00Z,u_0659_s01,ins_u_0659_001,{},v2.3.0-fixed
evt_000833,u_0249,feature_used,2026-06-16T16:59:00Z,u_0249_s01,ins_u_0249_005,"{""feature"": ""insights""}",v2.3.0-fixed
evt_000834,u_0659,signup_completed,2026-06-16T17:01:00Z,u_0659_s01,ins_u_0659_002,{},v2.3.0-fixed
evt_000835,u_0223,signup_started,2026-06-16T17:02:00Z,u_0223_s01,ins_u_0223_001,{},v2.3.0-fixed
evt_000836,u_0687,signup_started,2026-06-16T17:02:00Z,u_0687_s01,ins_u_0687_001,{},v2.3.0-fixed
evt_000837,u_0776,session_abandoned,2026-06-16T17:03:00Z,u_0776_s01,ins_u_0776_003,{},v2.3.0-fixed
evt_000838,u_0659,session_abandoned,2026-06-16T17:05:00Z,u_0659_s01,ins_u_0659_003,{},v2.3.0-fixed
evt_000839,u_0687,signup_completed,2026-06-16T17:05:00Z,u_0687_s01,ins_u_0687_002,{},v2.3.0-fixed
evt_000840,u_0355,signup_started,2026-06-16T17:07:00Z,u_0355_s01,ins_u_0355_001,{},v2.3.0-fixed
evt_000841,u_0223,session_abandoned,2026-06-16T17:10:00Z,u_0223_s01,ins_u_0223_002,{},v2.3.0-fixed
evt_000842,u_0355,session_abandoned,2026-06-16T17:11:00Z,u_0355_s01,ins_u_0355_002,{},v2.3.0-fixed
evt_000843,u_0687,session_abandoned,2026-06-16T17:13:00Z,u_0687_s01,ins_u_0687_003,{},v2.3.0-fixed
evt_000844,u_0200,signup_started,2026-06-16T17:23:00Z,u_0200_s01,ins_u_0200_001,{},v2.3.0-fixed
evt_000845,u_0363,signup_started,2026-06-16T17:24:00Z,u_0363_s01,ins_u_0363_001,{},v2.3.0-fixed
evt_000846,u_0689,activation_completed,2026-06-16T17:25:00Z,u_0689_s01,ins_u_0689_005,{},v2.3.0-fixed
evt_000847,u_0200,signup_completed,2026-06-16T17:29:00Z,u_0200_s01,ins_u_0200_002,{},v2.3.0-fixed
evt_000848,u_0363,signup_completed,2026-06-16T17:31:00Z,u_0363_s01,ins_u_0363_002,{},v2.3.0-fixed
evt_000849,u_0249,onboarding_completed,2026-06-16T17:32:00Z,u_0249_s01,ins_u_0249_006,"{""completed_at"": ""2026-06-16T17:20:00Z""}",v2.3.0-fixed
evt_000850,u_0200,profile_saved,2026-06-16T17:37:00Z,u_0200_s01,ins_u_0200_003,{},v2.3.0-fixed
evt_000851,u_0363,profile_saved,2026-06-16T17:37:00Z,u_0363_s01,ins_u_0363_003,{},v2.3.0-fixed
evt_000852,u_0363,error_shown,2026-06-16T17:38:00Z,u_0363_s01,ins_u_0363_004,"{""code"": ""onboarding_timeout""}",v2.3.0-fixed
evt_000853,u_0363,onboarding_step_viewed,2026-06-16T17:39:00Z,u_0363_s01,ins_u_0363_005,{},v2.3.0-fixed
evt_000854,u_0200,onboarding_step_viewed,2026-06-16T17:40:00Z,u_0200_s01,ins_u_0200_004,{},v2.3.0-fixed
evt_000855,u_0363,feature_used,2026-06-16T17:48:00Z,u_0363_s01,ins_u_0363_006,"{""feature"": ""insights""}",v2.3.0-fixed
evt_000856,u_0516,activation_completed,2026-06-16T17:50:00Z,u_0516_s01,ins_u_0516_007,{},v2.3.0-fixed
evt_000857,u_0471,activation_completed,2026-06-16T17:52:00Z,u_0471_s01,ins_u_0471_006,{},v2.3.0-fixed
evt_000858,u_0077,signup_started,2026-06-16T17:54:00Z,u_0077_s01,ins_u_0077_001,{},v2.3.0-fixed
evt_000859,u_0077,session_abandoned,2026-06-16T17:55:00Z,u_0077_s01,ins_u_0077_002,{},v2.3.0-fixed
evt_000860,u_0083,signup_started,2026-06-16T17:56:00Z,u_0083_s01,ins_u_0083_001,{},v2.3.0-fixed
evt_000861,u_0291,signup_started,2026-06-16T17:58:00Z,u_0291_s01,ins_u_0291_001,{},v2.3.0-fixed
evt_000862,u_0376,signup_started,2026-06-16T18:00:00Z,u_0376_s01,ins_u_0376_001,{},v2.3.0-fixed
evt_000863,u_0083,signup_completed,2026-06-16T18:02:00Z,u_0083_s01,ins_u_0083_002,{},v2.3.0-fixed
evt_000864,u_0291,signup_completed,2026-06-16T18:02:00Z,u_0291_s01,ins_u_0291_002,{},v2.3.0-fixed
evt_000865,u_0318,signup_started,2026-06-16T18:02:00Z,u_0318_s01,ins_u_0318_001,{},v2.3.0-fixed
evt_000866,u_0376,signup_completed,2026-06-16T18:03:00Z,u_0376_s01,ins_u_0376_002,{},v2.3.0-fixed
evt_000867,u_0083,profile_saved,2026-06-16T18:05:00Z,u_0083_s01,ins_u_0083_003,{},v2.3.0-fixed
evt_000868,u_0291,profile_saved,2026-06-16T18:05:00Z,u_0291_s01,ins_u_0291_003,{},v2.3.0-fixed
evt_000869,u_0133,signup_started,2026-06-16T18:07:00Z,u_0133_s01,ins_u_0133_001,{},v2.3.0-fixed
evt_000870,u_0249,activation_completed,2026-06-16T18:07:00Z,u_0249_s01,ins_u_0249_007,{},v2.3.0-fixed
evt_000871,u_0318,signup_completed,2026-06-16T18:07:00Z,u_0318_s01,ins_u_0318_002,{},v2.3.0-fixed
evt_000872,u_0133,signup_completed,2026-06-16T18:10:00Z,u_0133_s01,ins_u_0133_002,{},v2.3.0-fixed
evt_000873,u_0291,onboarding_step_viewed,2026-06-16T18:11:00Z,u_0291_s01,ins_u_0291_004,{},v2.3.0-fixed
evt_000874,u_0376,session_abandoned,2026-06-16T18:11:00Z,u_0376_s01,ins_u_0376_003,{},v2.3.0-fixed
evt_000875,u_0133,profile_saved,2026-06-16T18:12:00Z,u_0133_s01,ins_u_0133_003,{},v2.3.0-fixed
evt_000876,u_0203,signup_started,2026-06-16T18:12:00Z,u_0203_s01,ins_u_0203_001,{},v2.3.0-fixed
evt_000877,u_0318,profile_saved,2026-06-16T18:12:00Z,u_0318_s01,ins_u_0318_003,{},v2.3.0-fixed
evt_000878,u_0200,onboarding_completed,2026-06-16T18:15:00Z,u_0200_s01,ins_u_0200_005,"{""completed_at"": ""2026-06-16T18:17:00Z""}",v2.3.0-fixed
evt_000879,u_0203,signup_completed,2026-06-16T18:16:00Z,u_0203_s01,ins_u_0203_002,{},v2.3.0-fixed
evt_000880,u_0208,signup_started,2026-06-16T18:17:00Z,u_0208_s01,ins_u_0208_001,{},v2.3.0-fixed
evt_000881,u_0208,signup_completed,2026-06-16T18:18:00Z,u_0208_s01,ins_u_0208_002,{},v2.3.0-fixed
evt_000882,u_0363,onboarding_completed,2026-06-16T18:18:00Z,u_0363_s01,ins_u_0363_007,"{""completed_at"": ""2026-06-16T18:12:00Z""}",v2.3.0-fixed
evt_000883,u_0133,feature_used,2026-06-16T18:21:00Z,u_0133_s01,ins_u_0133_004,"{""feature"": ""insights""}",v2.3.0-fixed
evt_000884,u_0203,session_abandoned,2026-06-16T18:22:00Z,u_0203_s01,ins_u_0203_003,{},v2.3.0-fixed
evt_000885,u_0208,profile_saved,2026-06-16T18:22:00Z,u_0208_s01,ins_u_0208_003,{},v2.3.0-fixed
evt_000886,u_0083,feature_used,2026-06-16T18:25:00Z,u_0083_s01,ins_u_0083_004,"{""feature"": ""insights""}",v2.3.0-fixed
evt_000887,u_0208,onboarding_step_viewed,2026-06-16T18:27:00Z,u_0208_s01,ins_u_0208_004,{},v2.3.0-fixed
evt_000888,u_0291,feature_used,2026-06-16T18:27:00Z,u_0291_s01,ins_u_0291_005,"{""feature"": ""insights""}",v2.3.0-fixed
evt_000889,u_0013,signup_started,2026-06-16T18:42:00Z,u_0013_s01,ins_u_0013_001,{},v2.3.0-fixed
evt_000890,u_0086,signup_started,2026-06-16T18:42:00Z,u_0086_s01,ins_u_0086_001,{},v2.3.0-fixed
evt_000891,u_0291,onboarding_completed,2026-06-16T18:42:00Z,u_0291_s01,ins_u_0291_006,"{""completed_at"": ""2026-06-16T18:42:00Z""}",v2.3.0-fixed
evt_000892,u_0415,signup_started,2026-06-16T18:44:00Z,u_0415_s01,ins_u_0415_001,{},v2.3.0-fixed
evt_000893,u_0013,signup_completed,2026-06-16T18:47:00Z,u_0013_s01,ins_u_0013_002,{},v2.3.0-fixed
evt_000894,u_0083,onboarding_completed,2026-06-16T18:47:00Z,u_0083_s01,ins_u_0083_005,"{""completed_at"": ""2026-06-16T18:33:00Z""}",v2.3.0-fixed
evt_000895,u_0415,signup_completed,2026-06-16T18:47:00Z,u_0415_s01,ins_u_0415_002,{},v2.3.0-fixed
evt_000896,u_0133,onboarding_completed,2026-06-16T18:48:00Z,u_0133_s01,ins_u_0133_005,"{""completed_at"": ""2026-06-16T18:38:00Z""}",v2.3.0-fixed
evt_000897,u_0086,signup_completed,2026-06-16T18:50:00Z,u_0086_s01,ins_u_0086_002,{},v2.3.0-fixed
evt_000898,u_0200,activation_completed,2026-06-16T18:50:00Z,u_0200_s01,ins_u_0200_006,{},v2.3.0-fixed
evt_000899,u_0013,session_abandoned,2026-06-16T18:53:00Z,u_0013_s01,ins_u_0013_003,{},v2.3.0-fixed
evt_000900,u_0318,onboarding_completed,2026-06-16T18:57:00Z,u_0318_s01,ins_u_0318_004,"{""completed_at"": ""2026-06-16T18:47:00Z""}",v2.3.0-fixed
evt_000901,u_0415,profile_saved,2026-06-16T18:57:00Z,u_0415_s01,ins_u_0415_003,{},v2.3.0-fixed
evt_000902,u_0348,signup_started,2026-06-16T18:58:00Z,u_0348_s01,ins_u_0348_001,{},v2.3.0-fixed
evt_000903,u_0086,profile_saved,2026-06-16T18:59:00Z,u_0086_s01,ins_u_0086_003,{},v2.3.0-fixed
evt_000904,u_0348,session_abandoned,2026-06-16T19:01:00Z,u_0348_s01,ins_u_0348_002,{},v2.3.0-fixed
evt_000905,u_0208,onboarding_completed,2026-06-16T19:02:00Z,u_0208_s01,ins_u_0208_005,"{""completed_at"": ""2026-06-16T18:54:00Z""}",v2.3.0-fixed
evt_000906,u_0415,onboarding_step_viewed,2026-06-16T19:03:00Z,u_0415_s01,ins_u_0415_004,{},v2.3.0-fixed
evt_000907,u_0439,signup_started,2026-06-16T19:03:00Z,u_0439_s01,ins_u_0439_001,{},v2.3.0-fixed
evt_000908,u_0435,signup_started,2026-06-16T19:05:00Z,u_0435_s01,ins_u_0435_001,{},v2.3.0-fixed
evt_000909,u_0304,signup_started,2026-06-16T19:06:00Z,u_0304_s01,ins_u_0304_001,{},v2.3.0-fixed
evt_000910,u_0304,session_abandoned,2026-06-16T19:07:00Z,u_0304_s01,ins_u_0304_002,{},v2.3.0-fixed
evt_000911,u_0083,activation_completed,2026-06-16T19:09:00Z,u_0083_s01,ins_u_0083_006,{},v2.3.0-fixed
evt_000912,u_0171,signup_started,2026-06-16T19:09:00Z,u_0171_s01,ins_u_0171_001,{},v2.3.0-fixed
evt_000913,u_0439,signup_completed,2026-06-16T19:11:00Z,u_0439_s01,ins_u_0439_002,{},v2.3.0-fixed
evt_000914,u_0258,signup_started,2026-06-16T19:12:00Z,u_0258_s01,ins_u_0258_001,{},v2.3.0-fixed
evt_000915,u_0435,signup_completed,2026-06-16T19:12:00Z,u_0435_s01,ins_u_0435_002,{},v2.3.0-fixed
evt_000916,u_0089,signup_started,2026-06-16T19:13:00Z,u_0089_s01,ins_u_0089_001,{},v2.3.0-fixed
evt_000917,u_0439,profile_saved,2026-06-16T19:13:00Z,u_0439_s01,ins_u_0439_003,{},v2.3.0-fixed
evt_000918,u_0258,signup_completed,2026-06-16T19:14:00Z,u_0258_s01,ins_u_0258_002,{},v2.3.0-fixed
evt_000919,u_0415,feature_used,2026-06-16T19:14:00Z,u_0415_s01,ins_u_0415_005,"{""feature"": ""insights""}",v2.3.0-fixed
evt_000920,u_0086,feature_used,2026-06-16T19:15:00Z,u_0086_s01,ins_u_0086_004,"{""feature"": ""board""}",v2.3.0-fixed
evt_000921,u_0089,signup_completed,2026-06-16T19:16:00Z,u_0089_s01,ins_u_0089_002,{},v2.3.0-fixed
evt_000922,u_0258,profile_saved,2026-06-16T19:16:00Z,u_0258_s01,ins_u_0258_003,{},v2.3.0-fixed
evt_000923,u_0167,signup_started,2026-06-16T19:17:00Z,u_0167_s01,ins_u_0167_001,{},v2.3.0-fixed
evt_000924,u_0171,signup_completed,2026-06-16T19:17:00Z,u_0171_s01,ins_u_0171_002,{},v2.3.0-fixed
evt_000925,u_0435,profile_saved,2026-06-16T19:17:00Z,u_0435_s01,ins_u_0435_003,{},v2.3.0-fixed
evt_000926,u_0184,signup_started,2026-06-16T19:18:00Z,u_0184_s01,ins_u_0184_001,{},v2.3.0-fixed
evt_000927,u_0435,error_shown,2026-06-16T19:18:00Z,u_0435_s01,ins_u_0435_004,"{""code"": ""onboarding_timeout""}",v2.3.0-fixed
evt_000928,u_0184,signup_completed,2026-06-16T19:19:00Z,u_0184_s01,ins_u_0184_002,{},v2.3.0-fixed
evt_000929,u_0439,onboarding_step_viewed,2026-06-16T19:19:00Z,u_0439_s01,ins_u_0439_004,{},v2.3.0-fixed
evt_000930,u_0089,profile_saved,2026-06-16T19:20:00Z,u_0089_s01,ins_u_0089_003,{},v2.3.0-fixed
evt_000931,u_0296,signup_started,2026-06-16T19:21:00Z,u_0296_s01,ins_u_0296_001,{},v2.3.0-fixed
evt_000932,u_0435,onboarding_step_viewed,2026-06-16T19:21:00Z,u_0435_s01,ins_u_0435_005,{},v2.3.0-fixed
evt_000933,u_0258,onboarding_step_viewed,2026-06-16T19:22:00Z,u_0258_s01,ins_u_0258_004,{},v2.3.0-fixed
evt_000934,u_0167,session_abandoned,2026-06-16T19:23:00Z,u_0167_s01,ins_u_0167_002,{},v2.3.0-fixed
evt_000935,u_0415,onboarding_completed,2026-06-16T19:23:00Z,u_0415_s01,ins_u_0415_006,"{""completed_at"": ""2026-06-16T19:25:00Z""}",v2.3.0-fixed
evt_000936,u_0184,session_abandoned,2026-06-16T19:24:00Z,u_0184_s01,ins_u_0184_003,{},v2.3.0-fixed
evt_000937,u_0089,onboarding_step_viewed,2026-06-16T19:25:00Z,u_0089_s01,ins_u_0089_004,{},v2.3.0-fixed
evt_000938,u_0318,activation_completed,2026-06-16T19:26:00Z,u_0318_s01,ins_u_0318_005,{},v2.3.0-fixed
evt_000939,u_0171,profile_saved,2026-06-16T19:27:00Z,u_0171_s01,ins_u_0171_003,{},v2.3.0-fixed
evt_000940,u_0529,signup_started,2026-06-16T19:27:00Z,u_0529_s01,ins_u_0529_001,{},v2.3.0-fixed
evt_000941,u_0296,signup_completed,2026-06-16T19:28:00Z,u_0296_s01,ins_u_0296_002,{},v2.3.0-fixed
evt_000942,u_0086,onboarding_completed,2026-06-16T19:29:00Z,u_0086_s01,ins_u_0086_005,"{""completed_at"": ""2026-06-16T19:38:00Z""}",v2.3.0-fixed
evt_000943,u_0171,onboarding_step_viewed,2026-06-16T19:29:00Z,u_0171_s01,ins_u_0171_004,{},v2.3.0-fixed
evt_000944,u_0529,session_abandoned,2026-06-16T19:29:00Z,u_0529_s01,ins_u_0529_002,{},v2.3.0-fixed
evt_000945,u_0133,activation_completed,2026-06-16T19:30:00Z,u_0133_s01,ins_u_0133_006,{},v2.3.0-fixed
evt_000946,u_0296,session_abandoned,2026-06-16T19:36:00Z,u_0296_s01,ins_u_0296_003,{},v2.3.0-fixed
evt_000947,u_0157,signup_started,2026-06-16T19:39:00Z,u_0157_s01,ins_u_0157_001,{},v2.3.0-fixed
evt_000948,u_0258,feature_used,2026-06-16T19:39:00Z,u_0258_s01,ins_u_0258_005,"{""feature"": ""board""}",v2.3.0-fixed
evt_000949,u_0089,feature_used,2026-06-16T19:41:00Z,u_0089_s01,ins_u_0089_005,"{""feature"": ""insights""}",v2.3.0-fixed
evt_000950,u_0447,signup_started,2026-06-16T19:41:00Z,u_0447_s01,ins_u_0447_001,{},v2.3.0-fixed
evt_000951,u_0171,feature_used,2026-06-16T19:42:00Z,u_0171_s01,ins_u_0171_005,"{""feature"": ""insights""}",v2.3.0-fixed
evt_000952,u_0435,onboarding_completed,2026-06-16T19:44:00Z,u_0435_s01,ins_u_0435_006,"{""completed_at"": ""2026-06-16T19:52:00Z""}",v2.3.0-fixed
evt_000953,u_0157,signup_completed,2026-06-16T19:45:00Z,u_0157_s01,ins_u_0157_002,{},v2.3.0-fixed
evt_000954,u_0447,signup_completed,2026-06-16T19:47:00Z,u_0447_s01,ins_u_0447_002,{},v2.3.0-fixed
evt_000955,u_0157,profile_saved,2026-06-16T19:50:00Z,u_0157_s01,ins_u_0157_003,{},v2.3.0-fixed
evt_000956,u_0157,onboarding_step_viewed,2026-06-16T19:52:00Z,u_0157_s01,ins_u_0157_004,{},v2.3.0-fixed
evt_000957,u_0171,onboarding_completed,2026-06-16T19:53:00Z,u_0171_s01,ins_u_0171_006,"{""completed_at"": ""2026-06-16T20:00:00Z""}",v2.3.0-fixed
evt_000958,u_0447,session_abandoned,2026-06-16T19:54:00Z,u_0447_s01,ins_u_0447_003,{},v2.3.0-fixed
evt_000959,u_0148,signup_started,2026-06-16T19:55:00Z,u_0148_s01,ins_u_0148_001,{},v2.3.0-fixed
evt_000960,u_0439,onboarding_completed,2026-06-16T19:55:00Z,u_0439_s01,ins_u_0439_005,"{""completed_at"": ""2026-06-16T19:50:00Z""}",v2.3.0-fixed
evt_000961,u_0089,onboarding_completed,2026-06-16T19:57:00Z,u_0089_s01,ins_u_0089_006,"{""completed_at"": ""2026-06-16T19:59:00Z""}",v2.3.0-fixed
evt_000962,u_0258,onboarding_completed,2026-06-16T19:57:00Z,u_0258_s01,ins_u_0258_006,"{""completed_at"": ""2026-06-16T19:56:00Z""}",v2.3.0-fixed
evt_000963,u_0294,signup_started,2026-06-16T19:58:00Z,u_0294_s01,ins_u_0294_001,{},v2.3.0-fixed
evt_000964,u_0294,signup_completed,2026-06-16T19:59:00Z,u_0294_s01,ins_u_0294_002,{},v2.3.0-fixed
evt_000965,u_0148,signup_completed,2026-06-16T20:01:00Z,u_0148_s01,ins_u_0148_002,{},v2.3.0-fixed
evt_000966,u_0452,signup_started,2026-06-16T20:01:00Z,u_0452_s01,ins_u_0452_001,{},v2.3.0-fixed
evt_000967,u_0523,signup_started,2026-06-16T20:03:00Z,u_0523_s01,ins_u_0523_001,{},v2.3.0-fixed
evt_000968,u_0452,signup_completed,2026-06-16T20:06:00Z,u_0452_s01,ins_u_0452_002,{},v2.3.0-fixed
evt_000969,u_0294,profile_saved,2026-06-16T20:07:00Z,u_0294_s01,ins_u_0294_003,{},v2.3.0-fixed
evt_000970,u_0148,profile_saved,2026-06-16T20:08:00Z,u_0148_s01,ins_u_0148_003,{},v2.3.0-fixed
evt_000971,u_0089,activation_completed,2026-06-16T20:09:00Z,u_0089_s01,ins_u_0089_007,{},v2.3.0-fixed
evt_000972,u_0523,signup_completed,2026-06-16T20:09:00Z,u_0523_s01,ins_u_0523_002,{},v2.3.0-fixed
evt_000973,u_0148,onboarding_step_viewed,2026-06-16T20:10:00Z,u_0148_s01,ins_u_0148_004,{},v2.3.0-fixed
evt_000974,u_0439,activation_completed,2026-06-16T20:11:00Z,u_0439_s01,ins_u_0439_006,{},v2.3.0-fixed
evt_000975,u_0157,feature_used,2026-06-16T20:12:00Z,u_0157_s01,ins_u_0157_005,"{""feature"": ""insights""}",v2.3.0-fixed
evt_000976,u_0523,profile_saved,2026-06-16T20:13:00Z,u_0523_s01,ins_u_0523_003,{},v2.3.0-fixed
evt_000977,u_0294,feature_used,2026-06-16T20:15:00Z,u_0294_s01,ins_u_0294_004,"{""feature"": ""board""}",v2.3.0-fixed
evt_000978,u_0523,onboarding_step_viewed,2026-06-16T20:15:00Z,u_0523_s01,ins_u_0523_004,{},v2.3.0-fixed
evt_000979,u_0452,profile_saved,2026-06-16T20:16:00Z,u_0452_s01,ins_u_0452_003,{},v2.3.0-fixed
evt_000980,u_0435,activation_completed,2026-06-16T20:20:00Z,u_0435_s01,ins_u_0435_007,{},v2.3.0-fixed
evt_000981,u_0452,onboarding_step_viewed,2026-06-16T20:22:00Z,u_0452_s01,ins_u_0452_004,{},v2.3.0-fixed
evt_000982,u_0463,signup_started,2026-06-16T20:22:00Z,u_0463_s01,ins_u_0463_001,{},v2.3.0-fixed
evt_000983,u_0452,feature_used,2026-06-16T20:23:00Z,u_0452_s01,ins_u_0452_005,"{""feature"": ""board""}",v2.3.0-fixed
evt_000984,u_0463,signup_completed,2026-06-16T20:24:00Z,u_0463_s01,ins_u_0463_002,{},v2.3.0-fixed
evt_000985,u_0609,signup_started,2026-06-16T20:25:00Z,u_0609_s01,ins_u_0609_001,{},v2.3.0-fixed
evt_000986,u_0157,onboarding_completed,2026-06-16T20:26:00Z,u_0157_s01,ins_u_0157_006,"{""completed_at"": ""2026-06-16T20:17:00Z""}",v2.3.0-fixed
evt_000987,u_0523,feature_used,2026-06-16T20:30:00Z,u_0523_s01,ins_u_0523_005,"{""feature"": ""insights""}",v2.3.0-fixed
evt_000988,u_0609,signup_completed,2026-06-16T20:30:00Z,u_0609_s01,ins_u_0609_002,{},v2.3.0-fixed
evt_000989,u_0463,profile_saved,2026-06-16T20:34:00Z,u_0463_s01,ins_u_0463_003,{},v2.3.0-fixed
evt_000990,u_0463,onboarding_step_viewed,2026-06-16T20:40:00Z,u_0463_s01,ins_u_0463_004,{},v2.3.0-fixed
evt_000991,u_0609,profile_saved,2026-06-16T20:40:00Z,u_0609_s01,ins_u_0609_003,{},v2.3.0-fixed
evt_000992,u_0609,error_shown,2026-06-16T20:41:00Z,u_0609_s01,ins_u_0609_004,"{""code"": ""onboarding_timeout""}",v2.3.0-fixed
evt_000993,u_0148,onboarding_completed,2026-06-16T20:43:00Z,u_0148_s01,ins_u_0148_005,"{""completed_at"": ""2026-06-16T20:46:00Z""}",v2.3.0-fixed
evt_000994,u_0452,onboarding_completed,2026-06-16T20:43:00Z,u_0452_s01,ins_u_0452_006,"{""completed_at"": ""2026-06-16T20:42:00Z""}",v2.3.0-fixed
evt_000995,u_0609,onboarding_step_viewed,2026-06-16T20:45:00Z,u_0609_s01,ins_u_0609_005,{},v2.3.0-fixed
evt_000996,u_0157,activation_completed,2026-06-16T20:48:00Z,u_0157_s01,ins_u_0157_007,{},v2.3.0-fixed
evt_000997,u_0294,onboarding_completed,2026-06-16T20:48:00Z,u_0294_s01,ins_u_0294_005,"{""completed_at"": ""2026-06-16T20:37:00Z""}",v2.3.0-fixed
evt_000998,u_0523,onboarding_completed,2026-06-16T20:48:00Z,u_0523_s01,ins_u_0523_006,"{""completed_at"": ""2026-06-16T20:41:00Z""}",v2.3.0-fixed
evt_000999,u_0463,feature_used,2026-06-16T20:52:00Z,u_0463_s01,ins_u_0463_005,"{""feature"": ""insights""}",v2.3.0-fixed
evt_001000,u_0231,signup_started,2026-06-16T20:54:00Z,u_0231_s01,ins_u_0231_001,{},v2.3.0-fixed
evt_001001,u_0231,signup_completed,2026-06-16T20:55:00Z,u_0231_s01,ins_u_0231_002,{},v2.3.0-fixed
evt_001002,u_0231,session_abandoned,2026-06-16T21:00:00Z,u_0231_s01,ins_u_0231_003,{},v2.3.0-fixed
evt_001003,u_0609,feature_used,2026-06-16T21:03:00Z,u_0609_s01,ins_u_0609_006,"{""feature"": ""insights""}",v2.3.0-fixed
evt_001004,u_0463,onboarding_completed,2026-06-16T21:16:00Z,u_0463_s01,ins_u_0463_006,"{""completed_at"": ""2026-06-16T21:13:00Z""}",v2.3.0-fixed
evt_001005,u_0452,activation_completed,2026-06-16T21:17:00Z,u_0452_s01,ins_u_0452_007,{},v2.3.0-fixed
evt_001006,u_0609,onboarding_completed,2026-06-16T21:18:00Z,u_0609_s01,ins_u_0609_007,"{""completed_at"": ""2026-06-16T21:08:00Z""}",v2.3.0-fixed
evt_001007,u_0523,activation_completed,2026-06-16T21:27:00Z,u_0523_s01,ins_u_0523_007,{},v2.3.0-fixed
evt_001008,u_0455,signup_started,2026-06-17T08:10:00Z,u_0455_s01,ins_u_0455_001,{},v2.3.0-fixed
evt_001009,u_0181,signup_started,2026-06-17T08:11:00Z,u_0181_s01,ins_u_0181_001,{},v2.3.0-fixed
evt_001010,u_0455,signup_completed,2026-06-17T08:12:00Z,u_0455_s01,ins_u_0455_002,{},v2.3.0-fixed
evt_001011,u_0181,signup_completed,2026-06-17T08:15:00Z,u_0181_s01,ins_u_0181_002,{},v2.3.0-fixed
evt_001012,u_0181,session_abandoned,2026-06-17T08:20:00Z,u_0181_s01,ins_u_0181_003,{},v2.3.0-fixed
evt_001013,u_0455,session_abandoned,2026-06-17T08:21:00Z,u_0455_s01,ins_u_0455_003,{},v2.3.0-fixed
evt_001014,u_0066,signup_started,2026-06-17T08:25:00Z,u_0066_s01,ins_u_0066_001,{},v2.3.0-fixed
evt_001015,u_0066,signup_completed,2026-06-17T08:27:00Z,u_0066_s01,ins_u_0066_002,{},v2.3.0-fixed
evt_001016,u_0551,signup_started,2026-06-17T08:27:00Z,u_0551_s01,ins_u_0551_001,{},v2.3.0-fixed
evt_001017,u_0066,session_abandoned,2026-06-17T08:34:00Z,u_0066_s01,ins_u_0066_003,{},v2.3.0-fixed
evt_001018,u_0551,signup_completed,2026-06-17T08:34:00Z,u_0551_s01,ins_u_0551_002,{},v2.3.0-fixed
evt_001019,u_0555,signup_started,2026-06-17T08:37:00Z,u_0555_s01,ins_u_0555_001,{},v2.3.0-fixed
evt_001020,u_0551,profile_saved,2026-06-17T08:38:00Z,u_0551_s01,ins_u_0551_003,{},v2.3.0-fixed
evt_001021,u_0513,signup_started,2026-06-17T08:39:00Z,u_0513_s01,ins_u_0513_001,{},v2.3.0-fixed
evt_001022,u_0555,signup_completed,2026-06-17T08:40:00Z,u_0555_s01,ins_u_0555_002,{},v2.3.0-fixed
evt_001023,u_0219,signup_started,2026-06-17T08:42:00Z,u_0219_s01,ins_u_0219_001,{},v2.3.0-fixed
evt_001024,u_0127,signup_started,2026-06-17T08:43:00Z,u_0127_s01,ins_u_0127_001,{},v2.3.0-fixed
evt_001025,u_0330,signup_started,2026-06-17T08:43:00Z,u_0330_s01,ins_u_0330_001,{},v2.3.0-fixed
evt_001026,u_0551,onboarding_step_viewed,2026-06-17T08:43:00Z,u_0551_s01,ins_u_0551_004,{},v2.3.0-fixed
evt_001027,u_0698,signup_started,2026-06-17T08:43:00Z,u_0698_s01,ins_u_0698_001,{},v2.3.0-fixed
evt_001028,u_0048,signup_started,2026-06-17T08:44:00Z,u_0048_s01,ins_u_0048_001,{},v2.3.0-fixed
evt_001029,u_0698,signup_completed,2026-06-17T08:44:00Z,u_0698_s01,ins_u_0698_002,{},v2.3.0-fixed
evt_001030,u_0513,signup_completed,2026-06-17T08:45:00Z,u_0513_s01,ins_u_0513_002,{},v2.3.0-fixed
evt_001031,u_0127,signup_completed,2026-06-17T08:47:00Z,u_0127_s01,ins_u_0127_002,{},v2.3.0-fixed
evt_001032,u_0219,signup_completed,2026-06-17T08:47:00Z,u_0219_s01,ins_u_0219_002,{},v2.3.0-fixed
evt_001033,u_0555,session_abandoned,2026-06-17T08:47:00Z,u_0555_s01,ins_u_0555_003,{},v2.3.0-fixed
evt_001034,u_0330,signup_completed,2026-06-17T08:48:00Z,u_0330_s01,ins_u_0330_002,{},v2.3.0-fixed
evt_001035,u_0698,profile_saved,2026-06-17T08:48:00Z,u_0698_s01,ins_u_0698_003,{},v2.3.0-fixed
evt_001036,u_0048,session_abandoned,2026-06-17T08:49:00Z,u_0048_s01,ins_u_0048_002,{},v2.3.0-fixed
evt_001037,u_0219,profile_saved,2026-06-17T08:49:00Z,u_0219_s01,ins_u_0219_003,{},v2.3.0-fixed
evt_001038,u_0481,signup_started,2026-06-17T08:49:00Z,u_0481_s01,ins_u_0481_001,{},v2.3.0-fixed
evt_001039,u_0698,onboarding_step_viewed,2026-06-17T08:51:00Z,u_0698_s01,ins_u_0698_004,{},v2.3.0-fixed
evt_001040,u_0719,signup_started,2026-06-17T08:51:00Z,u_0719_s01,ins_u_0719_001,{},v2.3.0-fixed
evt_001041,u_0481,signup_completed,2026-06-17T08:54:00Z,u_0481_s01,ins_u_0481_002,{},v2.3.0-fixed
evt_001042,u_0719,signup_completed,2026-06-17T08:54:00Z,u_0719_s01,ins_u_0719_002,{},v2.3.0-fixed
evt_001043,u_0127,profile_saved,2026-06-17T08:55:00Z,u_0127_s01,ins_u_0127_003,{},v2.3.0-fixed
evt_001044,u_0219,onboarding_step_viewed,2026-06-17T08:55:00Z,u_0219_s01,ins_u_0219_004,{},v2.3.0-fixed
evt_001045,u_0513,profile_saved,2026-06-17T08:55:00Z,u_0513_s01,ins_u_0513_003,{},v2.3.0-fixed
evt_001046,u_0330,session_abandoned,2026-06-17T08:56:00Z,u_0330_s01,ins_u_0330_003,{},v2.3.0-fixed
evt_001047,u_0481,profile_saved,2026-06-17T08:56:00Z,u_0481_s01,ins_u_0481_003,{},v2.3.0-fixed
evt_001048,u_0719,profile_saved,2026-06-17T08:56:00Z,u_0719_s01,ins_u_0719_003,{},v2.3.0-fixed
evt_001049,u_0102,signup_started,2026-06-17T09:01:00Z,u_0102_s01,ins_u_0102_001,{},v2.3.0-fixed
evt_001050,u_0481,onboarding_step_viewed,2026-06-17T09:01:00Z,u_0481_s01,ins_u_0481_004,{},v2.3.0-fixed
evt_001051,u_0513,onboarding_step_viewed,2026-06-17T09:01:00Z,u_0513_s01,ins_u_0513_004,{},v2.3.0-fixed
evt_001052,u_0719,onboarding_step_viewed,2026-06-17T09:01:00Z,u_0719_s01,ins_u_0719_004,{},v2.3.0-fixed
evt_001053,u_0102,session_abandoned,2026-06-17T09:09:00Z,u_0102_s01,ins_u_0102_002,{},v2.3.0-fixed
evt_001054,u_0481,feature_used,2026-06-17T09:11:00Z,u_0481_s01,ins_u_0481_005,"{""feature"": ""insights""}",v2.3.0-fixed
evt_001055,u_0297,signup_started,2026-06-17T09:15:00Z,u_0297_s01,ins_u_0297_001,{},v2.3.0-fixed
evt_001056,u_0513,feature_used,2026-06-17T09:18:00Z,u_0513_s01,ins_u_0513_005,"{""feature"": ""insights""}",v2.3.0-fixed
evt_001057,u_0127,feature_used,2026-06-17T09:19:00Z,u_0127_s01,ins_u_0127_004,"{""feature"": ""insights""}",v2.3.0-fixed
evt_001058,u_0719,feature_used,2026-06-17T09:19:00Z,u_0719_s01,ins_u_0719_005,"{""feature"": ""insights""}",v2.3.0-fixed
evt_001059,u_0674,signup_started,2026-06-17T09:21:00Z,u_0674_s01,ins_u_0674_001,{},v2.3.0-fixed
evt_001060,u_0631,signup_started,2026-06-17T09:22:00Z,u_0631_s01,ins_u_0631_001,{},v2.3.0-fixed
evt_001061,u_0297,signup_completed,2026-06-17T09:23:00Z,u_0297_s01,ins_u_0297_002,{},v2.3.0-fixed
evt_001062,u_0574,signup_started,2026-06-17T09:24:00Z,u_0574_s01,ins_u_0574_001,{},v2.3.0-fixed
evt_001063,u_0631,session_abandoned,2026-06-17T09:24:00Z,u_0631_s01,ins_u_0631_002,{},v2.3.0-fixed
evt_001064,u_0219,onboarding_completed,2026-06-17T09:26:00Z,u_0219_s01,ins_u_0219_005,"{""completed_at"": ""2026-06-17T09:16:00Z""}",v2.3.0-fixed
evt_001065,u_0513,onboarding_completed,2026-06-17T09:27:00Z,u_0513_s01,ins_u_0513_006,"{""completed_at"": ""2026-06-17T09:23:00Z""}",v2.3.0-fixed
evt_001066,u_0674,signup_completed,2026-06-17T09:27:00Z,u_0674_s01,ins_u_0674_002,{},v2.3.0-fixed
evt_001067,u_0297,profile_saved,2026-06-17T09:28:00Z,u_0297_s01,ins_u_0297_003,{},v2.3.0-fixed
evt_001068,u_0574,session_abandoned,2026-06-17T09:28:00Z,u_0574_s01,ins_u_0574_002,{},v2.3.0-fixed
evt_001069,u_0698,onboarding_completed,2026-06-17T09:29:00Z,u_0698_s01,ins_u_0698_005,"{""completed_at"": ""2026-06-17T09:20:00Z""}",v2.3.0-fixed
evt_001070,u_0297,onboarding_step_viewed,2026-06-17T09:33:00Z,u_0297_s01,ins_u_0297_004,{},v2.3.0-fixed
evt_001071,u_0674,profile_saved,2026-06-17T09:33:00Z,u_0674_s01,ins_u_0674_003,{},v2.3.0-fixed
evt_001072,u_0356,signup_started,2026-06-17T09:34:00Z,u_0356_s01,ins_u_0356_001,{},v2.3.0-fixed
evt_001073,u_0710,signup_started,2026-06-17T09:35:00Z,u_0710_s01,ins_u_0710_001,{},v2.3.0-fixed
evt_001074,u_0674,onboarding_step_viewed,2026-06-17T09:36:00Z,u_0674_s01,ins_u_0674_004,{},v2.3.0-fixed
evt_001075,u_0356,signup_completed,2026-06-17T09:37:00Z,u_0356_s01,ins_u_0356_002,{},v2.3.0-fixed
evt_001076,u_0719,onboarding_completed,2026-06-17T09:37:00Z,u_0719_s01,ins_u_0719_006,"{""completed_at"": ""2026-06-17T09:28:00Z""}",v2.3.0-fixed
evt_001077,u_0481,onboarding_completed,2026-06-17T09:38:00Z,u_0481_s01,ins_u_0481_006,"{""completed_at"": ""2026-06-17T09:34:00Z""}",v2.3.0-fixed
evt_001078,u_0710,signup_completed,2026-06-17T09:40:00Z,u_0710_s01,ins_u_0710_002,{},v2.3.0-fixed
evt_001079,u_0356,profile_saved,2026-06-17T09:42:00Z,u_0356_s01,ins_u_0356_003,{},v2.3.0-fixed
evt_001080,u_0710,profile_saved,2026-06-17T09:42:00Z,u_0710_s01,ins_u_0710_003,{},v2.3.0-fixed
evt_001081,u_0356,onboarding_step_viewed,2026-06-17T09:44:00Z,u_0356_s01,ins_u_0356_004,{},v2.3.0-fixed
evt_001082,u_0710,onboarding_step_viewed,2026-06-17T09:46:00Z,u_0710_s01,ins_u_0710_004,{},v2.3.0-fixed
evt_001083,u_0740,signup_started,2026-06-17T09:51:00Z,u_0740_s01,ins_u_0740_001,{},v2.3.0-fixed
evt_001084,u_0674,feature_used,2026-06-17T09:52:00Z,u_0674_s01,ins_u_0674_005,"{""feature"": ""board""}",v2.3.0-fixed
evt_001085,u_0710,feature_used,2026-06-17T09:53:00Z,u_0710_s01,ins_u_0710_005,"{""feature"": ""board""}",v2.3.0-fixed
evt_001086,u_0719,activation_completed,2026-06-17T09:53:00Z,u_0719_s01,ins_u_0719_007,{},v2.3.0-fixed
evt_001087,u_0740,session_abandoned,2026-06-17T09:53:00Z,u_0740_s01,ins_u_0740_002,{},v2.3.0-fixed
evt_001088,u_0356,feature_used,2026-06-17T09:54:00Z,u_0356_s01,ins_u_0356_005,"{""feature"": ""board""}",v2.3.0-fixed
evt_001089,u_0513,activation_completed,2026-06-17T09:54:00Z,u_0513_s01,ins_u_0513_007,{},v2.3.0-fixed
evt_001090,u_0043,signup_started,2026-06-17T09:57:00Z,u_0043_s01,ins_u_0043_001,{},v2.3.0-fixed
evt_001091,u_0429,signup_started,2026-06-17T09:59:00Z,u_0429_s01,ins_u_0429_001,{},v2.3.0-fixed
evt_001092,u_0043,signup_completed,2026-06-17T10:00:00Z,u_0043_s01,ins_u_0043_002,{},v2.3.0-fixed
evt_001093,u_0429,signup_completed,2026-06-17T10:05:00Z,u_0429_s01,ins_u_0429_002,{},v2.3.0-fixed
evt_001094,u_0043,session_abandoned,2026-06-17T10:09:00Z,u_0043_s01,ins_u_0043_003,{},v2.3.0-fixed
evt_001095,u_0429,session_abandoned,2026-06-17T10:09:00Z,u_0429_s01,ins_u_0429_003,{},v2.3.0-fixed
evt_001096,u_0297,onboarding_completed,2026-06-17T10:13:00Z,u_0297_s01,ins_u_0297_005,"{""completed_at"": ""2026-06-17T10:01:00Z""}",v2.3.0-fixed
evt_001097,u_0297,activation_completed,2026-06-17T10:14:00Z,u_0297_s01,ins_u_0297_006,{},v2.3.0-fixed
evt_001098,u_0356,onboarding_completed,2026-06-17T10:15:00Z,u_0356_s01,ins_u_0356_006,"{""completed_at"": ""2026-06-17T10:15:00Z""}",v2.3.0-fixed
evt_001099,u_0411,signup_started,2026-06-17T10:15:00Z,u_0411_s01,ins_u_0411_001,{},v2.3.0-fixed
evt_001100,u_0674,onboarding_completed,2026-06-17T10:15:00Z,u_0674_s01,ins_u_0674_006,"{""completed_at"": ""2026-06-17T10:10:00Z""}",v2.3.0-fixed
evt_001101,u_0411,session_abandoned,2026-06-17T10:20:00Z,u_0411_s01,ins_u_0411_002,{},v2.3.0-fixed
evt_001102,u_0710,onboarding_completed,2026-06-17T10:23:00Z,u_0710_s01,ins_u_0710_006,"{""completed_at"": ""2026-06-17T10:16:00Z""}",v2.3.0-fixed
evt_001103,u_0113,signup_started,2026-06-17T10:24:00Z,u_0113_s01,ins_u_0113_001,{},v2.3.0-fixed
evt_001104,u_0122,signup_started,2026-06-17T10:27:00Z,u_0122_s01,ins_u_0122_001,{},v2.3.0-fixed
evt_001105,u_0113,signup_completed,2026-06-17T10:29:00Z,u_0113_s01,ins_u_0113_002,{},v2.3.0-fixed
evt_001106,u_0113,profile_saved,2026-06-17T10:31:00Z,u_0113_s01,ins_u_0113_003,{},v2.3.0-fixed
evt_001107,u_0552,signup_started,2026-06-17T10:31:00Z,u_0552_s01,ins_u_0552_001,{},v2.3.0-fixed
evt_001108,u_0643,signup_started,2026-06-17T10:31:00Z,u_0643_s01,ins_u_0643_001,{},v2.3.0-fixed
evt_001109,u_0552,signup_completed,2026-06-17T10:32:00Z,u_0552_s01,ins_u_0552_002,{},v2.3.0-fixed
evt_001110,u_0113,onboarding_step_viewed,2026-06-17T10:33:00Z,u_0113_s01,ins_u_0113_004,{},v2.3.0-fixed
evt_001111,u_0122,signup_completed,2026-06-17T10:35:00Z,u_0122_s01,ins_u_0122_002,{},v2.3.0-fixed
evt_001112,u_0643,session_abandoned,2026-06-17T10:35:00Z,u_0643_s01,ins_u_0643_002,{},v2.3.0-fixed
evt_001113,u_0674,activation_completed,2026-06-17T10:35:00Z,u_0674_s01,ins_u_0674_007,{},v2.3.0-fixed
evt_001114,u_0552,session_abandoned,2026-06-17T10:37:00Z,u_0552_s01,ins_u_0552_003,{},v2.3.0-fixed
evt_001115,u_0600,signup_started,2026-06-17T10:37:00Z,u_0600_s01,ins_u_0600_001,{},v2.3.0-fixed
evt_001116,u_0052,signup_started,2026-06-17T10:41:00Z,u_0052_s01,ins_u_0052_001,{},v2.3.0-fixed
evt_001117,u_0122,profile_saved,2026-06-17T10:43:00Z,u_0122_s01,ins_u_0122_003,{},v2.3.0-fixed
evt_001118,u_0714,signup_started,2026-06-17T10:43:00Z,u_0714_s01,ins_u_0714_001,{},v2.3.0-fixed
evt_001119,u_0052,signup_completed,2026-06-17T10:44:00Z,u_0052_s01,ins_u_0052_002,{},v2.3.0-fixed
evt_001120,u_0122,onboarding_step_viewed,2026-06-17T10:45:00Z,u_0122_s01,ins_u_0122_004,{},v2.3.0-fixed
evt_001121,u_0600,signup_completed,2026-06-17T10:45:00Z,u_0600_s01,ins_u_0600_002,{},v2.3.0-fixed
evt_001122,u_0052,profile_saved,2026-06-17T10:46:00Z,u_0052_s01,ins_u_0052_003,{},v2.3.0-fixed
evt_001123,u_0751,signup_started,2026-06-17T10:47:00Z,u_0751_s01,ins_u_0751_001,{},v2.3.0-fixed
evt_001124,u_0052,onboarding_step_viewed,2026-06-17T10:49:00Z,u_0052_s01,ins_u_0052_004,{},v2.3.0-fixed
evt_001125,u_0714,signup_completed,2026-06-17T10:49:00Z,u_0714_s01,ins_u_0714_002,{},v2.3.0-fixed
evt_001126,u_0600,profile_saved,2026-06-17T10:53:00Z,u_0600_s01,ins_u_0600_003,{},v2.3.0-fixed
evt_001127,u_0714,profile_saved,2026-06-17T10:53:00Z,u_0714_s01,ins_u_0714_003,{},v2.3.0-fixed
evt_001128,u_0113,feature_used,2026-06-17T10:55:00Z,u_0113_s01,ins_u_0113_005,"{""feature"": ""insights""}",v2.3.0-fixed
evt_001129,u_0360,signup_started,2026-06-17T10:55:00Z,u_0360_s01,ins_u_0360_001,{},v2.3.0-fixed
evt_001130,u_0600,onboarding_step_viewed,2026-06-17T10:55:00Z,u_0600_s01,ins_u_0600_004,{},v2.3.0-fixed
evt_001131,u_0751,signup_completed,2026-06-17T10:55:00Z,u_0751_s01,ins_u_0751_002,{},v2.3.0-fixed
evt_001132,u_0113,onboarding_completed,2026-06-17T10:58:00Z,u_0113_s01,ins_u_0113_006,"{""completed_at"": ""2026-06-17T11:00:00Z""}",v2.3.0-fixed
evt_001133,u_0360,signup_completed,2026-06-17T10:59:00Z,u_0360_s01,ins_u_0360_002,{},v2.3.0-fixed
evt_001134,u_0714,onboarding_step_viewed,2026-06-17T10:59:00Z,u_0714_s01,ins_u_0714_004,{},v2.3.0-fixed
evt_001135,u_0122,feature_used,2026-06-17T11:01:00Z,u_0122_s01,ins_u_0122_005,"{""feature"": ""board""}",v2.3.0-fixed
evt_001136,u_0744,signup_started,2026-06-17T11:01:00Z,u_0744_s01,ins_u_0744_001,{},v2.3.0-fixed
evt_001137,u_0600,feature_used,2026-06-17T11:03:00Z,u_0600_s01,ins_u_0600_005,"{""feature"": ""board""}",v2.3.0-fixed
evt_001138,u_0751,profile_saved,2026-06-17T11:03:00Z,u_0751_s01,ins_u_0751_003,{},v2.3.0-fixed
evt_001139,u_0744,signup_completed,2026-06-17T11:07:00Z,u_0744_s01,ins_u_0744_002,{},v2.3.0-fixed
evt_001140,u_0751,onboarding_step_viewed,2026-06-17T11:08:00Z,u_0751_s01,ins_u_0751_004,{},v2.3.0-fixed
evt_001141,u_0360,profile_saved,2026-06-17T11:09:00Z,u_0360_s01,ins_u_0360_003,{},v2.3.0-fixed
evt_001142,u_0389,signup_started,2026-06-17T11:09:00Z,u_0389_s01,ins_u_0389_001,{},v2.3.0-fixed
evt_001143,u_0122,onboarding_completed,2026-06-17T11:10:00Z,u_0122_s01,ins_u_0122_006,"{""completed_at"": ""2026-06-17T11:20:00Z""}",v2.3.0-fixed
evt_001144,u_0360,error_shown,2026-06-17T11:10:00Z,u_0360_s01,ins_u_0360_004,"{""code"": ""onboarding_timeout""}",v2.3.0-fixed
evt_001145,u_0360,onboarding_step_viewed,2026-06-17T11:12:00Z,u_0360_s01,ins_u_0360_005,{},v2.3.0-fixed
evt_001146,u_0389,session_abandoned,2026-06-17T11:12:00Z,u_0389_s01,ins_u_0389_002,{},v2.3.0-fixed
evt_001147,u_0732,signup_started,2026-06-17T11:14:00Z,u_0732_s01,ins_u_0732_001,{},v2.3.0-fixed
evt_001148,u_0714,feature_used,2026-06-17T11:16:00Z,u_0714_s01,ins_u_0714_005,"{""feature"": ""board""}",v2.3.0-fixed
evt_001149,u_0744,profile_saved,2026-06-17T11:16:00Z,u_0744_s01,ins_u_0744_003,{},v2.3.0-fixed
evt_001150,u_0039,signup_started,2026-06-17T11:17:00Z,u_0039_s01,ins_u_0039_001,{},v2.3.0-fixed
evt_001151,u_0544,signup_started,2026-06-17T11:17:00Z,u_0544_s01,ins_u_0544_001,{},v2.3.0-fixed
evt_001152,u_0744,error_shown,2026-06-17T11:17:00Z,u_0744_s01,ins_u_0744_004,"{""code"": ""onboarding_timeout""}",v2.3.0-fixed
evt_001153,u_0732,signup_completed,2026-06-17T11:18:00Z,u_0732_s01,ins_u_0732_002,{},v2.3.0-fixed
evt_001154,u_0586,signup_started,2026-06-17T11:19:00Z,u_0586_s01,ins_u_0586_001,{},v2.3.0-fixed
evt_001155,u_0039,signup_completed,2026-06-17T11:20:00Z,u_0039_s01,ins_u_0039_002,{},v2.3.0-fixed
evt_001156,u_0113,activation_completed,2026-06-17T11:20:00Z,u_0113_s01,ins_u_0113_007,{},v2.3.0-fixed
evt_001157,u_0744,onboarding_step_viewed,2026-06-17T11:20:00Z,u_0744_s01,ins_u_0744_005,{},v2.3.0-fixed
evt_001158,u_0699,signup_started,2026-06-17T11:21:00Z,u_0699_s01,ins_u_0699_001,{},v2.3.0-fixed
evt_001159,u_0699,session_abandoned,2026-06-17T11:22:00Z,u_0699_s01,ins_u_0699_002,{},v2.3.0-fixed
evt_001160,u_0360,feature_used,2026-06-17T11:24:00Z,u_0360_s01,ins_u_0360_006,"{""feature"": ""board""}",v2.3.0-fixed
evt_001161,u_0751,feature_used,2026-06-17T11:24:00Z,u_0751_s01,ins_u_0751_005,"{""feature"": ""insights""}",v2.3.0-fixed
evt_001162,u_0753,signup_started,2026-06-17T11:24:00Z,u_0753_s01,ins_u_0753_001,{},v2.3.0-fixed
evt_001163,u_0039,profile_saved,2026-06-17T11:25:00Z,u_0039_s01,ins_u_0039_003,{},v2.3.0-fixed
evt_001164,u_0544,signup_completed,2026-06-17T11:25:00Z,u_0544_s01,ins_u_0544_002,{},v2.3.0-fixed
evt_001165,u_0586,signup_completed,2026-06-17T11:25:00Z,u_0586_s01,ins_u_0586_002,{},v2.3.0-fixed
evt_001166,u_0732,session_abandoned,2026-06-17T11:25:00Z,u_0732_s01,ins_u_0732_003,{},v2.3.0-fixed
evt_001167,u_0600,onboarding_completed,2026-06-17T11:26:00Z,u_0600_s01,ins_u_0600_006,"{""completed_at"": ""2026-06-17T11:20:00Z""}",v2.3.0-fixed
evt_001168,u_0586,profile_saved,2026-06-17T11:30:00Z,u_0586_s01,ins_u_0586_003,{},v2.3.0-fixed
evt_001169,u_0753,signup_completed,2026-06-17T11:30:00Z,u_0753_s01,ins_u_0753_002,{},v2.3.0-fixed
evt_001170,u_0714,onboarding_completed,2026-06-17T11:31:00Z,u_0714_s01,ins_u_0714_006,"{""completed_at"": ""2026-06-17T11:22:00Z""}",v2.3.0-fixed
evt_001171,u_0586,onboarding_step_viewed,2026-06-17T11:32:00Z,u_0586_s01,ins_u_0586_004,{},v2.3.0-fixed
evt_001172,u_0753,profile_saved,2026-06-17T11:34:00Z,u_0753_s01,ins_u_0753_003,{},v2.3.0-fixed
evt_001173,u_0544,profile_saved,2026-06-17T11:35:00Z,u_0544_s01,ins_u_0544_003,{},v2.3.0-fixed
evt_001174,u_0744,feature_used,2026-06-17T11:35:00Z,u_0744_s01,ins_u_0744_006,"{""feature"": ""board""}",v2.3.0-fixed
evt_001175,u_0122,activation_completed,2026-06-17T11:37:00Z,u_0122_s01,ins_u_0122_007,{},v2.3.0-fixed
evt_001176,u_0360,onboarding_completed,2026-06-17T11:38:00Z,u_0360_s01,ins_u_0360_007,"{""completed_at"": ""2026-06-17T11:43:00Z""}",v2.3.0-fixed
evt_001177,u_0753,onboarding_step_viewed,2026-06-17T11:38:00Z,u_0753_s01,ins_u_0753_004,{},v2.3.0-fixed
evt_001178,u_0052,activation_completed,2026-06-17T11:41:00Z,u_0052_s01,ins_u_0052_005,{},v2.3.0-fixed
evt_001179,u_0544,onboarding_step_viewed,2026-06-17T11:41:00Z,u_0544_s01,ins_u_0544_004,{},v2.3.0-fixed
evt_001180,u_0586,feature_used,2026-06-17T11:43:00Z,u_0586_s01,ins_u_0586_005,"{""feature"": ""board""}",v2.3.0-fixed
evt_001181,u_0751,onboarding_completed,2026-06-17T11:44:00Z,u_0751_s01,ins_u_0751_006,"{""completed_at"": ""2026-06-17T11:37:00Z""}",v2.3.0-fixed
evt_001182,u_0595,signup_started,2026-06-17T11:53:00Z,u_0595_s01,ins_u_0595_001,{},v2.3.0-fixed
evt_001183,u_0744,onboarding_completed,2026-06-17T11:54:00Z,u_0744_s01,ins_u_0744_007,"{""completed_at"": ""2026-06-17T11:54:00Z""}",v2.3.0-fixed
evt_001184,u_0753,feature_used,2026-06-17T11:55:00Z,u_0753_s01,ins_u_0753_005,"{""feature"": ""insights""}",v2.3.0-fixed
evt_001185,u_0595,signup_completed,2026-06-17T11:56:00Z,u_0595_s01,ins_u_0595_002,{},v2.3.0-fixed
evt_001186,u_0496,signup_started,2026-06-17T11:57:00Z,u_0496_s01,ins_u_0496_001,{},v2.3.0-fixed
evt_001187,u_0360,activation_completed,2026-06-17T11:59:00Z,u_0360_s01,ins_u_0360_008,{},v2.3.0-fixed
evt_001188,u_0039,onboarding_completed,2026-06-17T12:03:00Z,u_0039_s01,ins_u_0039_004,"{""completed_at"": ""2026-06-17T12:03:00Z""}",v2.3.0-fixed
evt_001189,u_0496,signup_completed,2026-06-17T12:03:00Z,u_0496_s01,ins_u_0496_002,{},v2.3.0-fixed
evt_001190,u_0595,profile_saved,2026-06-17T12:05:00Z,u_0595_s01,ins_u_0595_003,{},v2.3.0-fixed
evt_001191,u_0595,onboarding_step_viewed,2026-06-17T12:07:00Z,u_0595_s01,ins_u_0595_004,{},v2.3.0-fixed
evt_001192,u_0159,signup_started,2026-06-17T12:12:00Z,u_0159_s01,ins_u_0159_001,{},v2.3.0-fixed
evt_001193,u_0496,profile_saved,2026-06-17T12:12:00Z,u_0496_s01,ins_u_0496_003,{},v2.3.0-fixed
evt_001194,u_0600,activation_completed,2026-06-17T12:13:00Z,u_0600_s01,ins_u_0600_007,{},v2.3.0-fixed
evt_001195,u_0744,activation_completed,2026-06-17T12:13:00Z,u_0744_s01,ins_u_0744_008,{},v2.3.0-fixed
evt_001196,u_0496,onboarding_step_viewed,2026-06-17T12:15:00Z,u_0496_s01,ins_u_0496_004,{},v2.3.0-fixed
evt_001197,u_0753,onboarding_completed,2026-06-17T12:16:00Z,u_0753_s01,ins_u_0753_006,"{""completed_at"": ""2026-06-17T12:06:00Z""}",v2.3.0-fixed
evt_001198,u_0544,onboarding_completed,2026-06-17T12:17:00Z,u_0544_s01,ins_u_0544_005,"{""completed_at"": ""2026-06-17T12:08:00Z""}",v2.3.0-fixed
evt_001199,u_0159,session_abandoned,2026-06-17T12:20:00Z,u_0159_s01,ins_u_0159_002,{},v2.3.0-fixed
evt_001200,u_0160,signup_started,2026-06-17T12:25:00Z,u_0160_s01,ins_u_0160_001,{},v2.3.0-fixed
evt_001201,u_0039,activation_completed,2026-06-17T12:26:00Z,u_0039_s01,ins_u_0039_005,{},v2.3.0-fixed
evt_001202,u_0160,signup_completed,2026-06-17T12:27:00Z,u_0160_s01,ins_u_0160_002,{},v2.3.0-fixed
evt_001203,u_0496,feature_used,2026-06-17T12:31:00Z,u_0496_s01,ins_u_0496_005,"{""feature"": ""board""}",v2.3.0-fixed
evt_001204,u_0160,session_abandoned,2026-06-17T12:33:00Z,u_0160_s01,ins_u_0160_003,{},v2.3.0-fixed
evt_001205,u_0084,signup_started,2026-06-17T12:34:00Z,u_0084_s01,ins_u_0084_001,{},v2.3.0-fixed
evt_001206,u_0476,signup_started,2026-06-17T12:34:00Z,u_0476_s01,ins_u_0476_001,{},v2.3.0-fixed
evt_001207,u_0595,onboarding_completed,2026-06-17T12:34:00Z,u_0595_s01,ins_u_0595_005,"{""completed_at"": ""2026-06-17T12:45:00Z""}",v2.3.0-fixed
evt_001208,u_0476,session_abandoned,2026-06-17T12:35:00Z,u_0476_s01,ins_u_0476_002,{},v2.3.0-fixed
evt_001209,u_0084,signup_completed,2026-06-17T12:38:00Z,u_0084_s01,ins_u_0084_002,{},v2.3.0-fixed
evt_001210,u_0544,activation_completed,2026-06-17T12:40:00Z,u_0544_s01,ins_u_0544_006,{},v2.3.0-fixed
evt_001211,u_0271,signup_started,2026-06-17T12:41:00Z,u_0271_s01,ins_u_0271_001,{},v2.3.0-fixed
evt_001212,u_0084,session_abandoned,2026-06-17T12:42:00Z,u_0084_s01,ins_u_0084_003,{},v2.3.0-fixed
evt_001213,u_0496,onboarding_completed,2026-06-17T12:42:00Z,u_0496_s01,ins_u_0496_006,"{""completed_at"": ""2026-06-17T12:45:00Z""}",v2.3.0-fixed
evt_001214,u_0246,signup_started,2026-06-17T12:49:00Z,u_0246_s01,ins_u_0246_001,{},v2.3.0-fixed
evt_001215,u_0271,signup_completed,2026-06-17T12:49:00Z,u_0271_s01,ins_u_0271_002,{},v2.3.0-fixed
evt_001216,u_0753,activation_completed,2026-06-17T12:51:00Z,u_0753_s01,ins_u_0753_007,{},v2.3.0-fixed
evt_001217,u_0210,signup_started,2026-06-17T12:52:00Z,u_0210_s01,ins_u_0210_001,{},v2.3.0-fixed
evt_001218,u_0246,signup_completed,2026-06-17T12:52:00Z,u_0246_s01,ins_u_0246_002,{},v2.3.0-fixed
evt_001219,u_0210,signup_completed,2026-06-17T12:54:00Z,u_0210_s01,ins_u_0210_002,{},v2.3.0-fixed
evt_001220,u_0595,activation_completed,2026-06-17T12:54:00Z,u_0595_s01,ins_u_0595_006,{},v2.3.0-fixed
evt_001221,u_0246,profile_saved,2026-06-17T12:55:00Z,u_0246_s01,ins_u_0246_003,{},v2.3.0-fixed
evt_001222,u_0210,profile_saved,2026-06-17T12:56:00Z,u_0210_s01,ins_u_0210_003,{},v2.3.0-fixed
evt_001223,u_0246,error_shown,2026-06-17T12:56:00Z,u_0246_s01,ins_u_0246_004,"{""code"": ""onboarding_timeout""}",v2.3.0-fixed
evt_001224,u_0590,signup_started,2026-06-17T12:56:00Z,u_0590_s01,ins_u_0590_001,{},v2.3.0-fixed
evt_001225,u_0271,profile_saved,2026-06-17T12:57:00Z,u_0271_s01,ins_u_0271_003,{},v2.3.0-fixed
evt_001226,u_0210,onboarding_step_viewed,2026-06-17T12:58:00Z,u_0210_s01,ins_u_0210_004,{},v2.3.0-fixed
evt_001227,u_0335,signup_started,2026-06-17T12:59:00Z,u_0335_s01,ins_u_0335_001,{},v2.3.0-fixed
evt_001228,u_0246,onboarding_step_viewed,2026-06-17T13:00:00Z,u_0246_s01,ins_u_0246_005,{},v2.3.0-fixed
evt_001229,u_0271,onboarding_step_viewed,2026-06-17T13:01:00Z,u_0271_s01,ins_u_0271_004,{},v2.3.0-fixed
evt_001230,u_0590,signup_completed,2026-06-17T13:01:00Z,u_0590_s01,ins_u_0590_002,{},v2.3.0-fixed
evt_001231,u_0335,signup_completed,2026-06-17T13:02:00Z,u_0335_s01,ins_u_0335_002,{},v2.3.0-fixed
evt_001232,u_0199,signup_started,2026-06-17T13:04:00Z,u_0199_s01,ins_u_0199_001,{},v2.3.0-fixed
evt_001233,u_0335,profile_saved,2026-06-17T13:04:00Z,u_0335_s01,ins_u_0335_003,{},v2.3.0-fixed
evt_001234,u_0496,activation_completed,2026-06-17T13:05:00Z,u_0496_s01,ins_u_0496_007,{},v2.3.0-fixed
evt_001235,u_0335,onboarding_step_viewed,2026-06-17T13:07:00Z,u_0335_s01,ins_u_0335_004,{},v2.3.0-fixed
evt_001236,u_0590,profile_saved,2026-06-17T13:11:00Z,u_0590_s01,ins_u_0590_003,{},v2.3.0-fixed
evt_001237,u_0199,signup_completed,2026-06-17T13:12:00Z,u_0199_s01,ins_u_0199_002,{},v2.3.0-fixed
evt_001238,u_0210,feature_used,2026-06-17T13:14:00Z,u_0210_s01,ins_u_0210_005,"{""feature"": ""board""}",v2.3.0-fixed
evt_001239,u_0590,onboarding_step_viewed,2026-06-17T13:16:00Z,u_0590_s01,ins_u_0590_004,{},v2.3.0-fixed
evt_001240,u_0213,signup_started,2026-06-17T13:17:00Z,u_0213_s01,ins_u_0213_001,{},v2.3.0-fixed
evt_001241,u_0477,signup_started,2026-06-17T13:18:00Z,u_0477_s01,ins_u_0477_001,{},v2.3.0-fixed
evt_001242,u_0199,session_abandoned,2026-06-17T13:20:00Z,u_0199_s01,ins_u_0199_003,{},v2.3.0-fixed
evt_001243,u_0477,session_abandoned,2026-06-17T13:20:00Z,u_0477_s01,ins_u_0477_002,{},v2.3.0-fixed
evt_001244,u_0671,signup_started,2026-06-17T13:22:00Z,u_0671_s01,ins_u_0671_001,{},v2.3.0-fixed
evt_001245,u_0213,signup_completed,2026-06-17T13:23:00Z,u_0213_s01,ins_u_0213_002,{},v2.3.0-fixed
evt_001246,u_0590,feature_used,2026-06-17T13:23:00Z,u_0590_s01,ins_u_0590_005,"{""feature"": ""board""}",v2.3.0-fixed
evt_001247,u_0271,onboarding_completed,2026-06-17T13:24:00Z,u_0271_s01,ins_u_0271_005,"{""completed_at"": ""2026-06-17T13:31:00Z""}",v2.3.0-fixed
evt_001248,u_0352,signup_started,2026-06-17T13:25:00Z,u_0352_s01,ins_u_0352_001,{},v2.3.0-fixed
evt_001249,u_0335,feature_used,2026-06-17T13:28:00Z,u_0335_s01,ins_u_0335_005,"{""feature"": ""insights""}",v2.3.0-fixed
evt_001250,u_0352,signup_completed,2026-06-17T13:29:00Z,u_0352_s01,ins_u_0352_002,{},v2.3.0-fixed
evt_001251,u_0210,onboarding_completed,2026-06-17T13:30:00Z,u_0210_s01,ins_u_0210_006,"{""completed_at"": ""2026-06-17T13:23:00Z""}",v2.3.0-fixed
evt_001252,u_0341,signup_started,2026-06-17T13:30:00Z,u_0341_s01,ins_u_0341_001,{},v2.3.0-fixed
evt_001253,u_0671,session_abandoned,2026-06-17T13:30:00Z,u_0671_s01,ins_u_0671_002,{},v2.3.0-fixed
evt_001254,u_0213,session_abandoned,2026-06-17T13:31:00Z,u_0213_s01,ins_u_0213_003,{},v2.3.0-fixed
evt_001255,u_0352,profile_saved,2026-06-17T13:33:00Z,u_0352_s01,ins_u_0352_003,{},v2.3.0-fixed
evt_001256,u_0015,signup_started,2026-06-17T13:37:00Z,u_0015_s01,ins_u_0015_001,{},v2.3.0-fixed
evt_001257,u_0246,onboarding_completed,2026-06-17T13:37:00Z,u_0246_s01,ins_u_0246_006,"{""completed_at"": ""2026-06-17T13:28:00Z""}",v2.3.0-fixed
evt_001258,u_0341,signup_completed,2026-06-17T13:37:00Z,u_0341_s01,ins_u_0341_002,{},v2.3.0-fixed
evt_001259,u_0352,onboarding_step_viewed,2026-06-17T13:38:00Z,u_0352_s01,ins_u_0352_004,{},v2.3.0-fixed
evt_001260,u_0335,onboarding_completed,2026-06-17T13:40:00Z,u_0335_s01,ins_u_0335_006,"{""completed_at"": ""2026-06-17T13:43:00Z""}",v2.3.0-fixed
evt_001261,u_0015,signup_completed,2026-06-17T13:42:00Z,u_0015_s01,ins_u_0015_002,{},v2.3.0-fixed
evt_001262,u_0590,onboarding_completed,2026-06-17T13:42:00Z,u_0590_s01,ins_u_0590_006,"{""completed_at"": ""2026-06-17T13:43:00Z""}",v2.3.0-fixed
evt_001263,u_0341,session_abandoned,2026-06-17T13:43:00Z,u_0341_s01,ins_u_0341_003,{},v2.3.0-fixed
evt_001264,u_0015,profile_saved,2026-06-17T13:47:00Z,u_0015_s01,ins_u_0015_003,{},v2.3.0-fixed
evt_001265,u_0352,feature_used,2026-06-17T13:48:00Z,u_0352_s01,ins_u_0352_005,"{""feature"": ""board""}",v2.3.0-fixed
evt_001266,u_0015,onboarding_step_viewed,2026-06-17T13:51:00Z,u_0015_s01,ins_u_0015_004,{},v2.3.0-fixed
evt_001267,u_0621,signup_started,2026-06-17T13:54:00Z,u_0621_s01,ins_u_0621_001,{},v2.3.0-fixed
evt_001268,u_0271,activation_completed,2026-06-17T13:57:00Z,u_0271_s01,ins_u_0271_006,{},v2.3.0-fixed
evt_001269,u_0232,signup_started,2026-06-17T13:59:00Z,u_0232_s01,ins_u_0232_001,{},v2.3.0-fixed
evt_001270,u_0210,activation_completed,2026-06-17T14:00:00Z,u_0210_s01,ins_u_0210_007,{},v2.3.0-fixed
evt_001271,u_0596,signup_started,2026-06-17T14:00:00Z,u_0596_s01,ins_u_0596_001,{},v2.3.0-fixed
evt_001272,u_0232,session_abandoned,2026-06-17T14:01:00Z,u_0232_s01,ins_u_0232_002,{},v2.3.0-fixed
evt_001273,u_0621,signup_completed,2026-06-17T14:02:00Z,u_0621_s01,ins_u_0621_002,{},v2.3.0-fixed
evt_001274,u_0015,feature_used,2026-06-17T14:04:00Z,u_0015_s01,ins_u_0015_005,"{""feature"": ""insights""}",v2.3.0-fixed
evt_001275,u_0596,signup_completed,2026-06-17T14:07:00Z,u_0596_s01,ins_u_0596_002,{},v2.3.0-fixed
evt_001276,u_0590,activation_completed,2026-06-17T14:08:00Z,u_0590_s01,ins_u_0590_007,{},v2.3.0-fixed
evt_001277,u_0592,signup_started,2026-06-17T14:08:00Z,u_0592_s01,ins_u_0592_001,{},v2.3.0-fixed
evt_001278,u_0104,signup_started,2026-06-17T14:09:00Z,u_0104_s01,ins_u_0104_001,{},v2.3.0-fixed
evt_001279,u_0621,profile_saved,2026-06-17T14:09:00Z,u_0621_s01,ins_u_0621_003,{},v2.3.0-fixed
evt_001280,u_0621,onboarding_step_viewed,2026-06-17T14:12:00Z,u_0621_s01,ins_u_0621_004,{},v2.3.0-fixed
evt_001281,u_0592,signup_completed,2026-06-17T14:13:00Z,u_0592_s01,ins_u_0592_002,{},v2.3.0-fixed
evt_001282,u_0596,profile_saved,2026-06-17T14:14:00Z,u_0596_s01,ins_u_0596_003,{},v2.3.0-fixed
evt_001283,u_0207,signup_started,2026-06-17T14:15:00Z,u_0207_s01,ins_u_0207_001,{},v2.3.0-fixed
evt_001284,u_0104,signup_completed,2026-06-17T14:16:00Z,u_0104_s01,ins_u_0104_002,{},v2.3.0-fixed
evt_001285,u_0514,signup_started,2026-06-17T14:16:00Z,u_0514_s01,ins_u_0514_001,{},v2.3.0-fixed
evt_001286,u_0596,onboarding_step_viewed,2026-06-17T14:16:00Z,u_0596_s01,ins_u_0596_004,{},v2.3.0-fixed
evt_001287,u_0207,session_abandoned,2026-06-17T14:17:00Z,u_0207_s01,ins_u_0207_002,{},v2.3.0-fixed
evt_001288,u_0352,onboarding_completed,2026-06-17T14:18:00Z,u_0352_s01,ins_u_0352_006,"{""completed_at"": ""2026-06-17T14:07:00Z""}",v2.3.0-fixed
evt_001289,u_0592,session_abandoned,2026-06-17T14:18:00Z,u_0592_s01,ins_u_0592_003,{},v2.3.0-fixed
evt_001290,u_0514,signup_completed,2026-06-17T14:22:00Z,u_0514_s01,ins_u_0514_002,{},v2.3.0-fixed
evt_001291,u_0015,onboarding_completed,2026-06-17T14:26:00Z,u_0015_s01,ins_u_0015_006,"{""completed_at"": ""2026-06-17T14:21:00Z""}",v2.3.0-fixed
evt_001292,u_0104,profile_saved,2026-06-17T14:26:00Z,u_0104_s01,ins_u_0104_003,{},v2.3.0-fixed
evt_001293,u_0514,profile_saved,2026-06-17T14:28:00Z,u_0514_s01,ins_u_0514_003,{},v2.3.0-fixed
evt_001294,u_0514,onboarding_step_viewed,2026-06-17T14:32:00Z,u_0514_s01,ins_u_0514_004,{},v2.3.0-fixed
evt_001295,u_0581,signup_started,2026-06-17T14:32:00Z,u_0581_s01,ins_u_0581_001,{},v2.3.0-fixed
evt_001296,u_0585,signup_started,2026-06-17T14:34:00Z,u_0585_s01,ins_u_0585_001,{},v2.3.0-fixed
evt_001297,u_0334,signup_started,2026-06-17T14:38:00Z,u_0334_s01,ins_u_0334_001,{},v2.3.0-fixed
evt_001298,u_0566,signup_started,2026-06-17T14:39:00Z,u_0566_s01,ins_u_0566_001,{},v2.3.0-fixed
evt_001299,u_0581,signup_completed,2026-06-17T14:39:00Z,u_0581_s01,ins_u_0581_002,{},v2.3.0-fixed
evt_001300,u_0754,signup_started,2026-06-17T14:40:00Z,u_0754_s01,ins_u_0754_001,{},v2.3.0-fixed
evt_001301,u_0566,session_abandoned,2026-06-17T14:42:00Z,u_0566_s01,ins_u_0566_002,{},v2.3.0-fixed
evt_001302,u_0585,signup_completed,2026-06-17T14:42:00Z,u_0585_s01,ins_u_0585_002,{},v2.3.0-fixed
evt_001303,u_0334,signup_completed,2026-06-17T14:45:00Z,u_0334_s01,ins_u_0334_002,{},v2.3.0-fixed
evt_001304,u_0754,signup_completed,2026-06-17T14:45:00Z,u_0754_s01,ins_u_0754_002,{},v2.3.0-fixed
evt_001305,u_0581,session_abandoned,2026-06-17T14:46:00Z,u_0581_s01,ins_u_0581_003,{},v2.3.0-fixed
evt_001306,u_0596,onboarding_completed,2026-06-17T14:46:00Z,u_0596_s01,ins_u_0596_005,"{""completed_at"": ""2026-06-17T14:46:00Z""}",v2.3.0-fixed
evt_001307,u_0585,profile_saved,2026-06-17T14:48:00Z,u_0585_s01,ins_u_0585_003,{},v2.3.0-fixed
evt_001308,u_0334,profile_saved,2026-06-17T14:50:00Z,u_0334_s01,ins_u_0334_003,{},v2.3.0-fixed
evt_001309,u_0585,onboarding_step_viewed,2026-06-17T14:50:00Z,u_0585_s01,ins_u_0585_004,{},v2.3.0-fixed
evt_001310,u_0754,profile_saved,2026-06-17T14:50:00Z,u_0754_s01,ins_u_0754_003,{},v2.3.0-fixed
evt_001311,u_0492,signup_started,2026-06-17T14:51:00Z,u_0492_s01,ins_u_0492_001,{},v2.3.0-fixed
evt_001312,u_0492,signup_completed,2026-06-17T14:52:00Z,u_0492_s01,ins_u_0492_002,{},v2.3.0-fixed
evt_001313,u_0514,feature_used,2026-06-17T14:52:00Z,u_0514_s01,ins_u_0514_005,"{""feature"": ""board""}",v2.3.0-fixed
evt_001314,u_0717,signup_started,2026-06-17T14:52:00Z,u_0717_s01,ins_u_0717_001,{},v2.3.0-fixed
evt_001315,u_0281,signup_started,2026-06-17T14:54:00Z,u_0281_s01,ins_u_0281_001,{},v2.3.0-fixed
evt_001316,u_0334,onboarding_step_viewed,2026-06-17T14:54:00Z,u_0334_s01,ins_u_0334_004,{},v2.3.0-fixed
evt_001317,u_0759,signup_started,2026-06-17T14:54:00Z,u_0759_s01,ins_u_0759_001,{},v2.3.0-fixed
evt_001318,u_0025,signup_started,2026-06-17T14:56:00Z,u_0025_s01,ins_u_0025_001,{},v2.3.0-fixed
evt_001319,u_0025,session_abandoned,2026-06-17T14:57:00Z,u_0025_s01,ins_u_0025_002,{},v2.3.0-fixed
evt_001320,u_0220,signup_started,2026-06-17T14:57:00Z,u_0220_s01,ins_u_0220_001,{},v2.3.0-fixed
evt_001321,u_0778,signup_started,2026-06-17T14:57:00Z,u_0778_s01,ins_u_0778_001,{},v2.3.0-fixed
evt_001322,u_0281,signup_completed,2026-06-17T14:58:00Z,u_0281_s01,ins_u_0281_002,{},v2.3.0-fixed
evt_001323,u_0492,session_abandoned,2026-06-17T14:58:00Z,u_0492_s01,ins_u_0492_003,{},v2.3.0-fixed
evt_001324,u_0754,feature_used,2026-06-17T14:58:00Z,u_0754_s01,ins_u_0754_004,"{""feature"": ""board""}",v2.3.0-fixed
evt_001325,u_0717,signup_completed,2026-06-17T14:59:00Z,u_0717_s01,ins_u_0717_002,{},v2.3.0-fixed
evt_001326,u_0104,onboarding_completed,2026-06-17T15:00:00Z,u_0104_s01,ins_u_0104_004,"{""completed_at"": ""2026-06-17T14:52:00Z""}",v2.3.0-fixed
evt_001327,u_0759,session_abandoned,2026-06-17T15:00:00Z,u_0759_s01,ins_u_0759_002,{},v2.3.0-fixed
evt_001328,u_0538,signup_started,2026-06-17T15:01:00Z,u_0538_s01,ins_u_0538_001,{},v2.3.0-fixed
evt_001329,u_0015,activation_completed,2026-06-17T15:02:00Z,u_0015_s01,ins_u_0015_007,{},v2.3.0-fixed
evt_001330,u_0788,signup_started,2026-06-17T15:03:00Z,u_0788_s01,ins_u_0788_001,{},v2.3.0-fixed
evt_001331,u_0220,session_abandoned,2026-06-17T15:04:00Z,u_0220_s01,ins_u_0220_002,{},v2.3.0-fixed
evt_001332,u_0538,signup_completed,2026-06-17T15:04:00Z,u_0538_s01,ins_u_0538_002,{},v2.3.0-fixed
evt_001333,u_0717,session_abandoned,2026-06-17T15:04:00Z,u_0717_s01,ins_u_0717_003,{},v2.3.0-fixed
evt_001334,u_0778,signup_completed,2026-06-17T15:05:00Z,u_0778_s01,ins_u_0778_002,{},v2.3.0-fixed
evt_001335,u_0281,profile_saved,2026-06-17T15:06:00Z,u_0281_s01,ins_u_0281_003,{},v2.3.0-fixed
evt_001336,u_0651,signup_started,2026-06-17T15:06:00Z,u_0651_s01,ins_u_0651_001,{},v2.3.0-fixed
evt_001337,u_0281,error_shown,2026-06-17T15:07:00Z,u_0281_s01,ins_u_0281_004,"{""code"": ""onboarding_timeout""}",v2.3.0-fixed
evt_001338,u_0281,onboarding_step_viewed,2026-06-17T15:08:00Z,u_0281_s01,ins_u_0281_005,{},v2.3.0-fixed
evt_001339,u_0538,profile_saved,2026-06-17T15:08:00Z,u_0538_s01,ins_u_0538_003,{},v2.3.0-fixed
evt_001340,u_0596,activation_completed,2026-06-17T15:09:00Z,u_0596_s01,ins_u_0596_006,{},v2.3.0-fixed
evt_001341,u_0678,signup_started,2026-06-17T15:10:00Z,u_0678_s01,ins_u_0678_001,{},v2.3.0-fixed
evt_001342,u_0334,feature_used,2026-06-17T15:11:00Z,u_0334_s01,ins_u_0334_005,"{""feature"": ""board""}",v2.3.0-fixed
evt_001343,u_0788,signup_completed,2026-06-17T15:11:00Z,u_0788_s01,ins_u_0788_002,{},v2.3.0-fixed
evt_001344,u_0651,signup_completed,2026-06-17T15:12:00Z,u_0651_s01,ins_u_0651_002,{},v2.3.0-fixed
evt_001345,u_0778,profile_saved,2026-06-17T15:12:00Z,u_0778_s01,ins_u_0778_003,{},v2.3.0-fixed
evt_001346,u_0538,onboarding_step_viewed,2026-06-17T15:14:00Z,u_0538_s01,ins_u_0538_004,{},v2.3.0-fixed
evt_001347,u_0678,session_abandoned,2026-06-17T15:14:00Z,u_0678_s01,ins_u_0678_002,{},v2.3.0-fixed
evt_001348,u_0763,signup_started,2026-06-17T15:15:00Z,u_0763_s01,ins_u_0763_001,{},v2.3.0-fixed
evt_001349,u_0788,profile_saved,2026-06-17T15:16:00Z,u_0788_s01,ins_u_0788_003,{},v2.3.0-fixed
evt_001350,u_0788,error_shown,2026-06-17T15:17:00Z,u_0788_s01,ins_u_0788_004,"{""code"": ""onboarding_timeout""}",v2.3.0-fixed
evt_001351,u_0778,onboarding_step_viewed,2026-06-17T15:18:00Z,u_0778_s01,ins_u_0778_004,{},v2.3.0-fixed
evt_001352,u_0763,signup_completed,2026-06-17T15:20:00Z,u_0763_s01,ins_u_0763_002,{},v2.3.0-fixed
evt_001353,u_0788,onboarding_step_viewed,2026-06-17T15:20:00Z,u_0788_s01,ins_u_0788_005,{},v2.3.0-fixed
evt_001354,u_0651,profile_saved,2026-06-17T15:21:00Z,u_0651_s01,ins_u_0651_003,{},v2.3.0-fixed
evt_001355,u_0334,onboarding_completed,2026-06-17T15:23:00Z,u_0334_s01,ins_u_0334_006,"{""completed_at"": ""2026-06-17T15:18:00Z""}",v2.3.0-fixed
evt_001356,u_0651,onboarding_step_viewed,2026-06-17T15:25:00Z,u_0651_s01,ins_u_0651_004,{},v2.3.0-fixed
evt_001357,u_0792,signup_started,2026-06-17T15:25:00Z,u_0792_s01,ins_u_0792_001,{},v2.3.0-fixed
evt_001358,u_0763,profile_saved,2026-06-17T15:26:00Z,u_0763_s01,ins_u_0763_003,{},v2.3.0-fixed
evt_001359,u_0754,onboarding_completed,2026-06-17T15:28:00Z,u_0754_s01,ins_u_0754_005,"{""completed_at"": ""2026-06-17T15:30:00Z""}",v2.3.0-fixed
evt_001360,u_0763,onboarding_step_viewed,2026-06-17T15:29:00Z,u_0763_s01,ins_u_0763_004,{},v2.3.0-fixed
evt_001361,u_0778,feature_used,2026-06-17T15:29:00Z,u_0778_s01,ins_u_0778_005,"{""feature"": ""board""}",v2.3.0-fixed
evt_001362,u_0538,feature_used,2026-06-17T15:30:00Z,u_0538_s01,ins_u_0538_005,"{""feature"": ""board""}",v2.3.0-fixed
evt_001363,u_0202,signup_started,2026-06-17T15:32:00Z,u_0202_s01,ins_u_0202_001,{},v2.3.0-fixed
evt_001364,u_0792,signup_completed,2026-06-17T15:33:00Z,u_0792_s01,ins_u_0792_002,{},v2.3.0-fixed
evt_001365,u_0071,signup_started,2026-06-17T15:35:00Z,u_0071_s01,ins_u_0071_001,{},v2.3.0-fixed
evt_001366,u_0585,activation_completed,2026-06-17T15:35:00Z,u_0585_s01,ins_u_0585_005,{},v2.3.0-fixed
evt_001367,u_0651,feature_used,2026-06-17T15:36:00Z,u_0651_s01,ins_u_0651_005,"{""feature"": ""insights""}",v2.3.0-fixed
evt_001368,u_0792,profile_saved,2026-06-17T15:38:00Z,u_0792_s01,ins_u_0792_003,{},v2.3.0-fixed
evt_001369,u_0104,activation_completed,2026-06-17T15:39:00Z,u_0104_s01,ins_u_0104_005,{},v2.3.0-fixed
evt_001370,u_0538,onboarding_completed,2026-06-17T15:39:00Z,u_0538_s01,ins_u_0538_006,"{""completed_at"": ""2026-06-17T15:47:00Z""}",v2.3.0-fixed
evt_001371,u_0071,session_abandoned,2026-06-17T15:40:00Z,u_0071_s01,ins_u_0071_002,{},v2.3.0-fixed
evt_001372,u_0202,signup_completed,2026-06-17T15:40:00Z,u_0202_s01,ins_u_0202_002,{},v2.3.0-fixed
evt_001373,u_0334,activation_completed,2026-06-17T15:41:00Z,u_0334_s01,ins_u_0334_007,{},v2.3.0-fixed
evt_001374,u_0694,signup_started,2026-06-17T15:42:00Z,u_0694_s01,ins_u_0694_001,{},v2.3.0-fixed
evt_001375,u_0778,onboarding_completed,2026-06-17T15:42:00Z,u_0778_s01,ins_u_0778_006,"{""completed_at"": ""2026-06-17T15:51:00Z""}",v2.3.0-fixed
evt_001376,u_0788,onboarding_completed,2026-06-17T15:42:00Z,u_0788_s01,ins_u_0788_006,"{""completed_at"": ""2026-06-17T15:47:00Z""}",v2.3.0-fixed
evt_001377,u_0792,onboarding_step_viewed,2026-06-17T15:42:00Z,u_0792_s01,ins_u_0792_004,{},v2.3.0-fixed
evt_001378,u_0763,feature_used,2026-06-17T15:44:00Z,u_0763_s01,ins_u_0763_005,"{""feature"": ""insights""}",v2.3.0-fixed
evt_001379,u_0694,signup_completed,2026-06-17T15:46:00Z,u_0694_s01,ins_u_0694_002,{},v2.3.0-fixed
evt_001380,u_0202,session_abandoned,2026-06-17T15:47:00Z,u_0202_s01,ins_u_0202_003,{},v2.3.0-fixed
evt_001381,u_0694,session_abandoned,2026-06-17T15:51:00Z,u_0694_s01,ins_u_0694_003,{},v2.3.0-fixed
evt_001382,u_0771,signup_started,2026-06-17T15:52:00Z,u_0771_s01,ins_u_0771_001,{},v2.3.0-fixed
evt_001383,u_0651,onboarding_completed,2026-06-17T15:55:00Z,u_0651_s01,ins_u_0651_006,"{""completed_at"": ""2026-06-17T16:01:00Z""}",v2.3.0-fixed
evt_001384,u_0763,onboarding_completed,2026-06-17T15:57:00Z,u_0763_s01,ins_u_0763_006,"{""completed_at"": ""2026-06-17T16:01:00Z""}",v2.3.0-fixed
evt_001385,u_0792,feature_used,2026-06-17T15:59:00Z,u_0792_s01,ins_u_0792_005,"{""feature"": ""board""}",v2.3.0-fixed
evt_001386,u_0771,signup_completed,2026-06-17T16:00:00Z,u_0771_s01,ins_u_0771_002,{},v2.3.0-fixed
evt_001387,u_0771,session_abandoned,2026-06-17T16:04:00Z,u_0771_s01,ins_u_0771_003,{},v2.3.0-fixed
evt_001388,u_0538,activation_completed,2026-06-17T16:05:00Z,u_0538_s01,ins_u_0538_007,{},v2.3.0-fixed
evt_001389,u_0768,signup_started,2026-06-17T16:06:00Z,u_0768_s01,ins_u_0768_001,{},v2.3.0-fixed
evt_001390,u_0169,signup_started,2026-06-17T16:08:00Z,u_0169_s01,ins_u_0169_001,{},v2.3.0-fixed
evt_001391,u_0768,signup_completed,2026-06-17T16:09:00Z,u_0768_s01,ins_u_0768_002,{},v2.3.0-fixed
evt_001392,u_0169,signup_completed,2026-06-17T16:11:00Z,u_0169_s01,ins_u_0169_002,{},v2.3.0-fixed
evt_001393,u_0768,profile_saved,2026-06-17T16:11:00Z,u_0768_s01,ins_u_0768_003,{},v2.3.0-fixed
evt_001394,u_0792,onboarding_completed,2026-06-17T16:13:00Z,u_0792_s01,ins_u_0792_006,"{""completed_at"": ""2026-06-17T16:16:00Z""}",v2.3.0-fixed
evt_001395,u_0169,profile_saved,2026-06-17T16:14:00Z,u_0169_s01,ins_u_0169_003,{},v2.3.0-fixed
evt_001396,u_0169,error_shown,2026-06-17T16:15:00Z,u_0169_s01,ins_u_0169_004,"{""code"": ""onboarding_timeout""}",v2.3.0-fixed
evt_001397,u_0169,onboarding_step_viewed,2026-06-17T16:16:00Z,u_0169_s01,ins_u_0169_005,{},v2.3.0-fixed
evt_001398,u_0768,onboarding_step_viewed,2026-06-17T16:16:00Z,u_0768_s01,ins_u_0768_004,{},v2.3.0-fixed
evt_001399,u_0392,signup_started,2026-06-17T16:18:00Z,u_0392_s01,ins_u_0392_001,{},v2.3.0-fixed
evt_001400,u_0610,signup_started,2026-06-17T16:19:00Z,u_0610_s01,ins_u_0610_001,{},v2.3.0-fixed
evt_001401,u_0768,feature_used,2026-06-17T16:21:00Z,u_0768_s01,ins_u_0768_005,"{""feature"": ""board""}",v2.3.0-fixed
evt_001402,u_0068,signup_started,2026-06-17T16:22:00Z,u_0068_s01,ins_u_0068_001,{},v2.3.0-fixed
evt_001403,u_0610,signup_completed,2026-06-17T16:22:00Z,u_0610_s01,ins_u_0610_002,{},v2.3.0-fixed
evt_001404,u_0443,signup_started,2026-06-17T16:23:00Z,u_0443_s01,ins_u_0443_001,{},v2.3.0-fixed
evt_001405,u_0196,signup_started,2026-06-17T16:24:00Z,u_0196_s01,ins_u_0196_001,{},v2.3.0-fixed
evt_001406,u_0392,signup_completed,2026-06-17T16:25:00Z,u_0392_s01,ins_u_0392_002,{},v2.3.0-fixed
evt_001407,u_0443,signup_completed,2026-06-17T16:25:00Z,u_0443_s01,ins_u_0443_002,{},v2.3.0-fixed
evt_001408,u_0788,activation_completed,2026-06-17T16:25:00Z,u_0788_s01,ins_u_0788_007,{},v2.3.0-fixed
evt_001409,u_0792,activation_completed,2026-06-17T16:27:00Z,u_0792_s01,ins_u_0792_007,{},v2.3.0-fixed
evt_001410,u_0060,signup_started,2026-06-17T16:28:00Z,u_0060_s01,ins_u_0060_001,{},v2.3.0-fixed
evt_001411,u_0443,session_abandoned,2026-06-17T16:29:00Z,u_0443_s01,ins_u_0443_003,{},v2.3.0-fixed
evt_001412,u_0068,signup_completed,2026-06-17T16:30:00Z,u_0068_s01,ins_u_0068_002,{},v2.3.0-fixed
evt_001413,u_0328,signup_started,2026-06-17T16:30:00Z,u_0328_s01,ins_u_0328_001,{},v2.3.0-fixed
evt_001414,u_0392,session_abandoned,2026-06-17T16:30:00Z,u_0392_s01,ins_u_0392_003,{},v2.3.0-fixed
evt_001415,u_0191,signup_started,2026-06-17T16:31:00Z,u_0191_s01,ins_u_0191_001,{},v2.3.0-fixed
evt_001416,u_0196,signup_completed,2026-06-17T16:31:00Z,u_0196_s01,ins_u_0196_002,{},v2.3.0-fixed
evt_001417,u_0328,signup_completed,2026-06-17T16:31:00Z,u_0328_s01,ins_u_0328_002,{},v2.3.0-fixed
evt_001418,u_0610,profile_saved,2026-06-17T16:31:00Z,u_0610_s01,ins_u_0610_003,{},v2.3.0-fixed
evt_001419,u_0651,activation_completed,2026-06-17T16:31:00Z,u_0651_s01,ins_u_0651_007,{},v2.3.0-fixed
evt_001420,u_0060,signup_completed,2026-06-17T16:33:00Z,u_0060_s01,ins_u_0060_002,{},v2.3.0-fixed
evt_001421,u_0169,feature_used,2026-06-17T16:33:00Z,u_0169_s01,ins_u_0169_006,"{""feature"": ""insights""}",v2.3.0-fixed
evt_001422,u_0191,signup_completed,2026-06-17T16:33:00Z,u_0191_s01,ins_u_0191_002,{},v2.3.0-fixed
evt_001423,u_0229,signup_started,2026-06-17T16:34:00Z,u_0229_s01,ins_u_0229_001,{},v2.3.0-fixed
evt_001424,u_0328,profile_saved,2026-06-17T16:34:00Z,u_0328_s01,ins_u_0328_003,{},v2.3.0-fixed
evt_001425,u_0229,signup_completed,2026-06-17T16:35:00Z,u_0229_s01,ins_u_0229_002,{},v2.3.0-fixed
evt_001426,u_0610,onboarding_step_viewed,2026-06-17T16:35:00Z,u_0610_s01,ins_u_0610_004,{},v2.3.0-fixed
evt_001427,u_0093,signup_started,2026-06-17T16:36:00Z,u_0093_s01,ins_u_0093_001,{},v2.3.0-fixed
evt_001428,u_0486,signup_started,2026-06-17T16:36:00Z,u_0486_s01,ins_u_0486_001,{},v2.3.0-fixed
evt_001429,u_0763,activation_completed,2026-06-17T16:36:00Z,u_0763_s01,ins_u_0763_007,{},v2.3.0-fixed
evt_001430,u_0060,session_abandoned,2026-06-17T16:37:00Z,u_0060_s01,ins_u_0060_003,{},v2.3.0-fixed
evt_001431,u_0328,onboarding_step_viewed,2026-06-17T16:37:00Z,u_0328_s01,ins_u_0328_004,{},v2.3.0-fixed
evt_001432,u_0196,profile_saved,2026-06-17T16:38:00Z,u_0196_s01,ins_u_0196_003,{},v2.3.0-fixed
evt_001433,u_0068,session_abandoned,2026-06-17T16:39:00Z,u_0068_s01,ins_u_0068_003,{},v2.3.0-fixed
evt_001434,u_0343,signup_started,2026-06-17T16:39:00Z,u_0343_s01,ins_u_0343_001,{},v2.3.0-fixed
evt_001435,u_0191,profile_saved,2026-06-17T16:40:00Z,u_0191_s01,ins_u_0191_003,{},v2.3.0-fixed
evt_001436,u_0461,signup_started,2026-06-17T16:40:00Z,u_0461_s01,ins_u_0461_001,{},v2.3.0-fixed
evt_001437,u_0229,session_abandoned,2026-06-17T16:41:00Z,u_0229_s01,ins_u_0229_003,{},v2.3.0-fixed
evt_001438,u_0093,signup_completed,2026-06-17T16:42:00Z,u_0093_s01,ins_u_0093_002,{},v2.3.0-fixed
evt_001439,u_0170,signup_started,2026-06-17T16:42:00Z,u_0170_s01,ins_u_0170_001,{},v2.3.0-fixed
evt_001440,u_0343,signup_completed,2026-06-17T16:42:00Z,u_0343_s01,ins_u_0343_002,{},v2.3.0-fixed
evt_001441,u_0170,signup_completed,2026-06-17T16:43:00Z,u_0170_s01,ins_u_0170_002,{},v2.3.0-fixed
evt_001442,u_0191,onboarding_step_viewed,2026-06-17T16:43:00Z,u_0191_s01,ins_u_0191_004,{},v2.3.0-fixed
evt_001443,u_0486,signup_completed,2026-06-17T16:43:00Z,u_0486_s01,ins_u_0486_002,{},v2.3.0-fixed
evt_001444,u_0078,signup_started,2026-06-17T16:44:00Z,u_0078_s01,ins_u_0078_001,{},v2.3.0-fixed
evt_001445,u_0169,onboarding_completed,2026-06-17T16:44:00Z,u_0169_s01,ins_u_0169_007,"{""completed_at"": ""2026-06-17T16:41:00Z""}",v2.3.0-fixed
evt_001446,u_0196,onboarding_step_viewed,2026-06-17T16:44:00Z,u_0196_s01,ins_u_0196_004,{},v2.3.0-fixed
evt_001447,u_0461,signup_completed,2026-06-17T16:44:00Z,u_0461_s01,ins_u_0461_002,{},v2.3.0-fixed
evt_001448,u_0078,signup_completed,2026-06-17T16:47:00Z,u_0078_s01,ins_u_0078_002,{},v2.3.0-fixed
evt_001449,u_0093,session_abandoned,2026-06-17T16:48:00Z,u_0093_s01,ins_u_0093_003,{},v2.3.0-fixed
evt_001450,u_0343,profile_saved,2026-06-17T16:51:00Z,u_0343_s01,ins_u_0343_003,{},v2.3.0-fixed
evt_001451,u_0486,profile_saved,2026-06-17T16:51:00Z,u_0486_s01,ins_u_0486_003,{},v2.3.0-fixed
evt_001452,u_0170,profile_saved,2026-06-17T16:53:00Z,u_0170_s01,ins_u_0170_003,{},v2.3.0-fixed
evt_001453,u_0196,feature_used,2026-06-17T16:53:00Z,u_0196_s01,ins_u_0196_005,"{""feature"": ""board""}",v2.3.0-fixed
evt_001454,u_0343,onboarding_step_viewed,2026-06-17T16:53:00Z,u_0343_s01,ins_u_0343_004,{},v2.3.0-fixed
evt_001455,u_0461,profile_saved,2026-06-17T16:54:00Z,u_0461_s01,ins_u_0461_003,{},v2.3.0-fixed
evt_001456,u_0519,signup_started,2026-06-17T16:54:00Z,u_0519_s01,ins_u_0519_001,{},v2.3.0-fixed
evt_001457,u_0078,session_abandoned,2026-06-17T16:55:00Z,u_0078_s01,ins_u_0078_003,{},v2.3.0-fixed
evt_001458,u_0768,onboarding_completed,2026-06-17T16:55:00Z,u_0768_s01,ins_u_0768_006,"{""completed_at"": ""2026-06-17T16:49:00Z""}",v2.3.0-fixed
evt_001459,u_0519,signup_completed,2026-06-17T16:56:00Z,u_0519_s01,ins_u_0519_002,{},v2.3.0-fixed
evt_001460,u_0191,feature_used,2026-06-17T16:57:00Z,u_0191_s01,ins_u_0191_005,"{""feature"": ""insights""}",v2.3.0-fixed
evt_001461,u_0461,onboarding_step_viewed,2026-06-17T16:57:00Z,u_0461_s01,ins_u_0461_004,{},v2.3.0-fixed
evt_001462,u_0170,onboarding_step_viewed,2026-06-17T16:58:00Z,u_0170_s01,ins_u_0170_004,{},v2.3.0-fixed
evt_001463,u_0593,signup_started,2026-06-17T17:03:00Z,u_0593_s01,ins_u_0593_001,{},v2.3.0-fixed
evt_001464,u_0519,profile_saved,2026-06-17T17:06:00Z,u_0519_s01,ins_u_0519_003,{},v2.3.0-fixed
evt_001465,u_0593,signup_completed,2026-06-17T17:08:00Z,u_0593_s01,ins_u_0593_002,{},v2.3.0-fixed
evt_001466,u_0328,onboarding_completed,2026-06-17T17:10:00Z,u_0328_s01,ins_u_0328_005,"{""completed_at"": ""2026-06-17T17:06:00Z""}",v2.3.0-fixed
evt_001467,u_0343,feature_used,2026-06-17T17:10:00Z,u_0343_s01,ins_u_0343_005,"{""feature"": ""insights""}",v2.3.0-fixed
evt_001468,u_0741,signup_started,2026-06-17T17:10:00Z,u_0741_s01,ins_u_0741_001,{},v2.3.0-fixed
evt_001469,u_0519,onboarding_step_viewed,2026-06-17T17:11:00Z,u_0519_s01,ins_u_0519_004,{},v2.3.0-fixed
evt_001470,u_0486,feature_used,2026-06-17T17:15:00Z,u_0486_s01,ins_u_0486_004,"{""feature"": ""board""}",v2.3.0-fixed
evt_001471,u_0519,feature_used,2026-06-17T17:16:00Z,u_0519_s01,ins_u_0519_005,"{""feature"": ""insights""}",v2.3.0-fixed
evt_001472,u_0741,session_abandoned,2026-06-17T17:16:00Z,u_0741_s01,ins_u_0741_002,{},v2.3.0-fixed
evt_001473,u_0196,onboarding_completed,2026-06-17T17:17:00Z,u_0196_s01,ins_u_0196_006,"{""completed_at"": ""2026-06-17T17:16:00Z""}",v2.3.0-fixed
evt_001474,u_0593,profile_saved,2026-06-17T17:17:00Z,u_0593_s01,ins_u_0593_003,{},v2.3.0-fixed
evt_001475,u_0461,feature_used,2026-06-17T17:18:00Z,u_0461_s01,ins_u_0461_005,"{""feature"": ""insights""}",v2.3.0-fixed
evt_001476,u_0593,error_shown,2026-06-17T17:18:00Z,u_0593_s01,ins_u_0593_004,"{""code"": ""onboarding_timeout""}",v2.3.0-fixed
evt_001477,u_0191,onboarding_completed,2026-06-17T17:24:00Z,u_0191_s01,ins_u_0191_006,"{""completed_at"": ""2026-06-17T17:20:00Z""}",v2.3.0-fixed
evt_001478,u_0461,onboarding_completed,2026-06-17T17:25:00Z,u_0461_s01,ins_u_0461_006,"{""completed_at"": ""2026-06-17T17:32:00Z""}",v2.3.0-fixed
evt_001479,u_0620,signup_started,2026-06-17T17:25:00Z,u_0620_s01,ins_u_0620_001,{},v2.3.0-fixed
evt_001480,u_0170,onboarding_completed,2026-06-17T17:29:00Z,u_0170_s01,ins_u_0170_005,"{""completed_at"": ""2026-06-17T17:21:00Z""}",v2.3.0-fixed
evt_001481,u_0486,onboarding_completed,2026-06-17T17:31:00Z,u_0486_s01,ins_u_0486_005,"{""completed_at"": ""2026-06-17T17:21:00Z""}",v2.3.0-fixed
evt_001482,u_0620,session_abandoned,2026-06-17T17:31:00Z,u_0620_s01,ins_u_0620_002,{},v2.3.0-fixed
evt_001483,u_0177,signup_started,2026-06-17T17:32:00Z,u_0177_s01,ins_u_0177_001,{},v2.3.0-fixed
evt_001484,u_0343,onboarding_completed,2026-06-17T17:33:00Z,u_0343_s01,ins_u_0343_006,"{""completed_at"": ""2026-06-17T17:23:00Z""}",v2.3.0-fixed
evt_001485,u_0169,activation_completed,2026-06-17T17:34:00Z,u_0169_s01,ins_u_0169_008,{},v2.3.0-fixed
evt_001486,u_0177,signup_completed,2026-06-17T17:35:00Z,u_0177_s01,ins_u_0177_002,{},v2.3.0-fixed
evt_001487,u_0593,feature_used,2026-06-17T17:35:00Z,u_0593_s01,ins_u_0593_005,"{""feature"": ""insights""}",v2.3.0-fixed
evt_001488,u_0177,profile_saved,2026-06-17T17:40:00Z,u_0177_s01,ins_u_0177_003,{},v2.3.0-fixed
evt_001489,u_0696,signup_started,2026-06-17T17:41:00Z,u_0696_s01,ins_u_0696_001,{},v2.3.0-fixed
evt_001490,u_0593,onboarding_completed,2026-06-17T17:43:00Z,u_0593_s01,ins_u_0593_006,"{""completed_at"": ""2026-06-17T17:49:00Z""}",v2.3.0-fixed
evt_001491,u_0633,return_visit,2026-06-17T17:43:00Z,u_0633_s02,ins_u_0633_008,{},v2.3.0-fixed
evt_001492,u_0177,onboarding_step_viewed,2026-06-17T17:44:00Z,u_0177_s01,ins_u_0177_004,{},v2.3.0-fixed
evt_001493,u_0384,signup_started,2026-06-17T17:44:00Z,u_0384_s01,ins_u_0384_001,{},v2.3.0-fixed
evt_001494,u_0191,activation_completed,2026-06-17T17:46:00Z,u_0191_s01,ins_u_0191_007,{},v2.3.0-fixed
evt_001495,u_0384,signup_completed,2026-06-17T17:46:00Z,u_0384_s01,ins_u_0384_002,{},v2.3.0-fixed
evt_001496,u_0696,session_abandoned,2026-06-17T17:47:00Z,u_0696_s01,ins_u_0696_002,{},v2.3.0-fixed
evt_001497,u_0633,feature_used,2026-06-17T17:48:00Z,u_0633_s02,ins_u_0633_009,"{""feature"": ""insights""}",v2.3.0-fixed
evt_001498,u_0519,onboarding_completed,2026-06-17T17:49:00Z,u_0519_s01,ins_u_0519_006,"{""completed_at"": ""2026-06-17T17:33:00Z""}",v2.3.0-fixed
evt_001499,u_0785,signup_started,2026-06-17T17:50:00Z,u_0785_s01,ins_u_0785_001,{},v2.3.0-fixed
evt_001500,u_0785,signup_completed,2026-06-17T17:51:00Z,u_0785_s01,ins_u_0785_002,{},v2.3.0-fixed
evt_001501,u_0384,session_abandoned,2026-06-17T17:54:00Z,u_0384_s01,ins_u_0384_003,{},v2.3.0-fixed
evt_001502,u_0785,session_abandoned,2026-06-17T17:57:00Z,u_0785_s01,ins_u_0785_003,{},v2.3.0-fixed
evt_001503,u_0661,signup_started,2026-06-17T17:59:00Z,u_0661_s01,ins_u_0661_001,{},v2.3.0-fixed
evt_001504,u_0461,activation_completed,2026-06-17T18:00:00Z,u_0461_s01,ins_u_0461_007,{},v2.3.0-fixed
evt_001505,u_0170,activation_completed,2026-06-17T18:01:00Z,u_0170_s01,ins_u_0170_006,{},v2.3.0-fixed
evt_001506,u_0572,signup_started,2026-06-17T18:02:00Z,u_0572_s01,ins_u_0572_001,{},v2.3.0-fixed
evt_001507,u_0177,feature_used,2026-06-17T18:03:00Z,u_0177_s01,ins_u_0177_005,"{""feature"": ""insights""}",v2.3.0-fixed
evt_001508,u_0661,signup_completed,2026-06-17T18:04:00Z,u_0661_s01,ins_u_0661_002,{},v2.3.0-fixed
evt_001509,u_0572,session_abandoned,2026-06-17T18:06:00Z,u_0572_s01,ins_u_0572_002,{},v2.3.0-fixed
evt_001510,u_0661,profile_saved,2026-06-17T18:09:00Z,u_0661_s01,ins_u_0661_003,{},v2.3.0-fixed
evt_001511,u_0554,signup_started,2026-06-17T18:14:00Z,u_0554_s01,ins_u_0554_001,{},v2.3.0-fixed
evt_001512,u_0554,signup_completed,2026-06-17T18:15:00Z,u_0554_s01,ins_u_0554_002,{},v2.3.0-fixed
evt_001513,u_0554,profile_saved,2026-06-17T18:20:00Z,u_0554_s01,ins_u_0554_003,{},v2.3.0-fixed
evt_001514,u_0554,error_shown,2026-06-17T18:21:00Z,u_0554_s01,ins_u_0554_004,"{""code"": ""onboarding_timeout""}",v2.3.0-fixed
evt_001515,u_0177,onboarding_completed,2026-06-17T18:23:00Z,u_0177_s01,ins_u_0177_006,"{""completed_at"": ""2026-06-17T18:18:00Z""}",v2.3.0-fixed
evt_001516,u_0554,onboarding_step_viewed,2026-06-17T18:25:00Z,u_0554_s01,ins_u_0554_005,{},v2.3.0-fixed
evt_001517,u_0345,signup_started,2026-06-17T18:26:00Z,u_0345_s01,ins_u_0345_001,{},v2.3.0-fixed
evt_001518,u_0661,feature_used,2026-06-17T18:26:00Z,u_0661_s01,ins_u_0661_004,"{""feature"": ""insights""}",v2.3.0-fixed
evt_001519,u_0345,signup_completed,2026-06-17T18:33:00Z,u_0345_s01,ins_u_0345_002,{},v2.3.0-fixed
evt_001520,u_0593,activation_completed,2026-06-17T18:34:00Z,u_0593_s01,ins_u_0593_007,{},v2.3.0-fixed
evt_001521,u_0368,signup_started,2026-06-17T18:36:00Z,u_0368_s01,ins_u_0368_001,{},v2.3.0-fixed
evt_001522,u_0718,signup_started,2026-06-17T18:36:00Z,u_0718_s01,ins_u_0718_001,{},v2.3.0-fixed
evt_001523,u_0282,signup_started,2026-06-17T18:38:00Z,u_0282_s01,ins_u_0282_001,{},v2.3.0-fixed
evt_001524,u_0345,profile_saved,2026-06-17T18:40:00Z,u_0345_s01,ins_u_0345_003,{},v2.3.0-fixed
evt_001525,u_0718,signup_completed,2026-06-17T18:42:00Z,u_0718_s01,ins_u_0718_002,{},v2.3.0-fixed
evt_001526,u_0368,session_abandoned,2026-06-17T18:43:00Z,u_0368_s01,ins_u_0368_002,{},v2.3.0-fixed
evt_001527,u_0282,signup_completed,2026-06-17T18:45:00Z,u_0282_s01,ins_u_0282_002,{},v2.3.0-fixed
evt_001528,u_0345,onboarding_step_viewed,2026-06-17T18:45:00Z,u_0345_s01,ins_u_0345_004,{},v2.3.0-fixed
evt_001529,u_0793,signup_started,2026-06-17T18:47:00Z,u_0793_s01,ins_u_0793_001,{},v2.3.0-fixed
evt_001530,u_0282,profile_saved,2026-06-17T18:48:00Z,u_0282_s01,ins_u_0282_003,{},v2.3.0-fixed
evt_001531,u_0345,feature_used,2026-06-17T18:48:00Z,u_0345_s01,ins_u_0345_005,"{""feature"": ""insights""}",v2.3.0-fixed
evt_001532,u_0661,onboarding_completed,2026-06-17T18:49:00Z,u_0661_s01,ins_u_0661_005,"{""completed_at"": ""2026-06-17T18:40:00Z""}",v2.3.0-fixed
evt_001533,u_0718,profile_saved,2026-06-17T18:50:00Z,u_0718_s01,ins_u_0718_003,{},v2.3.0-fixed
evt_001534,u_0750,signup_started,2026-06-17T18:51:00Z,u_0750_s01,ins_u_0750_001,{},v2.3.0-fixed
evt_001535,u_0282,onboarding_step_viewed,2026-06-17T18:53:00Z,u_0282_s01,ins_u_0282_004,{},v2.3.0-fixed
evt_001536,u_0718,onboarding_step_viewed,2026-06-17T18:54:00Z,u_0718_s01,ins_u_0718_004,{},v2.3.0-fixed
evt_001537,u_0793,session_abandoned,2026-06-17T18:54:00Z,u_0793_s01,ins_u_0793_002,{},v2.3.0-fixed
evt_001538,u_0554,onboarding_completed,2026-06-17T18:56:00Z,u_0554_s01,ins_u_0554_006,"{""completed_at"": ""2026-06-17T18:49:00Z""}",v2.3.0-fixed
evt_001539,u_0661,activation_completed,2026-06-17T18:59:00Z,u_0661_s01,ins_u_0661_006,{},v2.3.0-fixed
evt_001540,u_0750,signup_completed,2026-06-17T18:59:00Z,u_0750_s01,ins_u_0750_002,{},v2.3.0-fixed
evt_001541,u_0750,profile_saved,2026-06-17T19:04:00Z,u_0750_s01,ins_u_0750_003,{},v2.3.0-fixed
evt_001542,u_0718,feature_used,2026-06-17T19:05:00Z,u_0718_s01,ins_u_0718_005,"{""feature"": ""board""}",v2.3.0-fixed
evt_001543,u_0282,feature_used,2026-06-17T19:07:00Z,u_0282_s01,ins_u_0282_005,"{""feature"": ""board""}",v2.3.0-fixed
evt_001544,u_0004,signup_started,2026-06-17T19:09:00Z,u_0004_s01,ins_u_0004_001,{},v2.3.0-fixed
evt_001545,u_0345,onboarding_completed,2026-06-17T19:09:00Z,u_0345_s01,ins_u_0345_006,"{""completed_at"": ""2026-06-17T19:07:00Z""}",v2.3.0-fixed
evt_001546,u_0750,onboarding_step_viewed,2026-06-17T19:10:00Z,u_0750_s01,ins_u_0750_004,{},v2.3.0-fixed
evt_001547,u_0004,signup_completed,2026-06-17T19:12:00Z,u_0004_s01,ins_u_0004_002,{},v2.3.0-fixed
evt_001548,u_0301,signup_started,2026-06-17T19:17:00Z,u_0301_s01,ins_u_0301_001,{},v2.3.0-fixed
evt_001549,u_0004,profile_saved,2026-06-17T19:20:00Z,u_0004_s01,ins_u_0004_003,{},v2.3.0-fixed
evt_001550,u_0004,onboarding_step_viewed,2026-06-17T19:22:00Z,u_0004_s01,ins_u_0004_004,{},v2.3.0-fixed
evt_001551,u_0554,activation_completed,2026-06-17T19:23:00Z,u_0554_s01,ins_u_0554_007,{},v2.3.0-fixed
evt_001552,u_0301,signup_completed,2026-06-17T19:24:00Z,u_0301_s01,ins_u_0301_002,{},v2.3.0-fixed
evt_001553,u_0282,onboarding_completed,2026-06-17T19:27:00Z,u_0282_s01,ins_u_0282_006,"{""completed_at"": ""2026-06-17T19:27:00Z""}",v2.3.0-fixed
evt_001554,u_0718,onboarding_completed,2026-06-17T19:27:00Z,u_0718_s01,ins_u_0718_006,"{""completed_at"": ""2026-06-17T19:21:00Z""}",v2.3.0-fixed
evt_001555,u_0217,signup_started,2026-06-17T19:30:00Z,u_0217_s01,ins_u_0217_001,{},v2.3.0-fixed
evt_001556,u_0154,signup_started,2026-06-17T19:32:00Z,u_0154_s01,ins_u_0154_001,{},v2.3.0-fixed
evt_001557,u_0301,session_abandoned,2026-06-17T19:32:00Z,u_0301_s01,ins_u_0301_003,{},v2.3.0-fixed
evt_001558,u_0570,signup_started,2026-06-17T19:32:00Z,u_0570_s01,ins_u_0570_001,{},v2.3.0-fixed
evt_001559,u_0342,signup_started,2026-06-17T19:34:00Z,u_0342_s01,ins_u_0342_001,{},v2.3.0-fixed
evt_001560,u_0345,activation_completed,2026-06-17T19:34:00Z,u_0345_s01,ins_u_0345_007,{},v2.3.0-fixed
evt_001561,u_0738,signup_started,2026-06-17T19:34:00Z,u_0738_s01,ins_u_0738_001,{},v2.3.0-fixed
evt_001562,u_0154,signup_completed,2026-06-17T19:36:00Z,u_0154_s01,ins_u_0154_002,{},v2.3.0-fixed
evt_001563,u_0004,feature_used,2026-06-17T19:37:00Z,u_0004_s01,ins_u_0004_005,"{""feature"": ""board""}",v2.3.0-fixed
evt_001564,u_0570,session_abandoned,2026-06-17T19:37:00Z,u_0570_s01,ins_u_0570_002,{},v2.3.0-fixed
evt_001565,u_0738,signup_completed,2026-06-17T19:37:00Z,u_0738_s01,ins_u_0738_002,{},v2.3.0-fixed
evt_001566,u_0217,signup_completed,2026-06-17T19:38:00Z,u_0217_s01,ins_u_0217_002,{},v2.3.0-fixed
evt_001567,u_0342,signup_completed,2026-06-17T19:38:00Z,u_0342_s01,ins_u_0342_002,{},v2.3.0-fixed
evt_001568,u_0738,profile_saved,2026-06-17T19:42:00Z,u_0738_s01,ins_u_0738_003,{},v2.3.0-fixed
evt_001569,u_0342,profile_saved,2026-06-17T19:43:00Z,u_0342_s01,ins_u_0342_003,{},v2.3.0-fixed
evt_001570,u_0738,error_shown,2026-06-17T19:43:00Z,u_0738_s01,ins_u_0738_004,"{""code"": ""onboarding_timeout""}",v2.3.0-fixed
evt_001571,u_0217,session_abandoned,2026-06-17T19:44:00Z,u_0217_s01,ins_u_0217_003,{},v2.3.0-fixed
evt_001572,u_0750,onboarding_completed,2026-06-17T19:44:00Z,u_0750_s01,ins_u_0750_005,"{""completed_at"": ""2026-06-17T19:32:00Z""}",v2.3.0-fixed
evt_001573,u_0503,signup_started,2026-06-17T19:45:00Z,u_0503_s01,ins_u_0503_001,{},v2.3.0-fixed
evt_001574,u_0154,profile_saved,2026-06-17T19:46:00Z,u_0154_s01,ins_u_0154_003,{},v2.3.0-fixed
evt_001575,u_0342,onboarding_step_viewed,2026-06-17T19:48:00Z,u_0342_s01,ins_u_0342_004,{},v2.3.0-fixed
evt_001576,u_0503,signup_completed,2026-06-17T19:48:00Z,u_0503_s01,ins_u_0503_002,{},v2.3.0-fixed
evt_001577,u_0675,signup_started,2026-06-17T19:48:00Z,u_0675_s01,ins_u_0675_001,{},v2.3.0-fixed
evt_001578,u_0738,onboarding_step_viewed,2026-06-17T19:48:00Z,u_0738_s01,ins_u_0738_005,{},v2.3.0-fixed
evt_001579,u_0154,onboarding_step_viewed,2026-06-17T19:50:00Z,u_0154_s01,ins_u_0154_004,{},v2.3.0-fixed
evt_001580,u_0738,feature_used,2026-06-17T19:50:00Z,u_0738_s01,ins_u_0738_006,"{""feature"": ""board""}",v2.3.0-fixed
evt_001581,u_0172,signup_started,2026-06-17T19:52:00Z,u_0172_s01,ins_u_0172_001,{},v2.3.0-fixed
evt_001582,u_0675,session_abandoned,2026-06-17T19:52:00Z,u_0675_s01,ins_u_0675_002,{},v2.3.0-fixed
evt_001583,u_0004,onboarding_completed,2026-06-17T19:53:00Z,u_0004_s01,ins_u_0004_006,"{""completed_at"": ""2026-06-17T19:59:00Z""}",v2.3.0-fixed
evt_001584,u_0172,signup_completed,2026-06-17T19:53:00Z,u_0172_s01,ins_u_0172_002,{},v2.3.0-fixed
evt_001585,u_0503,session_abandoned,2026-06-17T19:55:00Z,u_0503_s01,ins_u_0503_003,{},v2.3.0-fixed
evt_001586,u_0172,profile_saved,2026-06-17T19:56:00Z,u_0172_s01,ins_u_0172_003,{},v2.3.0-fixed
evt_001587,u_0079,signup_started,2026-06-17T19:57:00Z,u_0079_s01,ins_u_0079_001,{},v2.3.0-fixed
evt_001588,u_0172,error_shown,2026-06-17T19:57:00Z,u_0172_s01,ins_u_0172_004,"{""code"": ""onboarding_timeout""}",v2.3.0-fixed
evt_001589,u_0172,onboarding_step_viewed,2026-06-17T19:59:00Z,u_0172_s01,ins_u_0172_005,{},v2.3.0-fixed
evt_001590,u_0154,feature_used,2026-06-17T20:00:00Z,u_0154_s01,ins_u_0154_005,"{""feature"": ""board""}",v2.3.0-fixed
evt_001591,u_0079,session_abandoned,2026-06-17T20:01:00Z,u_0079_s01,ins_u_0079_002,{},v2.3.0-fixed
evt_001592,u_0342,feature_used,2026-06-17T20:06:00Z,u_0342_s01,ins_u_0342_005,"{""feature"": ""board""}",v2.3.0-fixed
evt_001593,u_0669,signup_started,2026-06-17T20:10:00Z,u_0669_s01,ins_u_0669_001,{},v2.3.0-fixed
evt_001594,u_0750,activation_completed,2026-06-17T20:10:00Z,u_0750_s01,ins_u_0750_006,{},v2.3.0-fixed
evt_001595,u_0342,onboarding_completed,2026-06-17T20:12:00Z,u_0342_s01,ins_u_0342_006,"{""completed_at"": ""2026-06-17T20:23:00Z""}",v2.3.0-fixed
evt_001596,u_0669,signup_completed,2026-06-17T20:17:00Z,u_0669_s01,ins_u_0669_002,{},v2.3.0-fixed
evt_001597,u_0669,profile_saved,2026-06-17T20:20:00Z,u_0669_s01,ins_u_0669_003,{},v2.3.0-fixed
evt_001598,u_0669,onboarding_step_viewed,2026-06-17T20:22:00Z,u_0669_s01,ins_u_0669_004,{},v2.3.0-fixed
evt_001599,u_0172,onboarding_completed,2026-06-17T20:24:00Z,u_0172_s01,ins_u_0172_006,"{""completed_at"": ""2026-06-17T20:36:00Z""}",v2.3.0-fixed
evt_001600,u_0154,onboarding_completed,2026-06-17T20:25:00Z,u_0154_s01,ins_u_0154_006,"{""completed_at"": ""2026-06-17T20:24:00Z""}",v2.3.0-fixed
evt_001601,u_0708,signup_started,2026-06-17T20:27:00Z,u_0708_s01,ins_u_0708_001,{},v2.3.0-fixed
evt_001602,u_0738,onboarding_completed,2026-06-17T20:27:00Z,u_0738_s01,ins_u_0738_007,"{""completed_at"": ""2026-06-17T20:16:00Z""}",v2.3.0-fixed
evt_001603,u_0669,feature_used,2026-06-17T20:29:00Z,u_0669_s01,ins_u_0669_005,"{""feature"": ""insights""}",v2.3.0-fixed
evt_001604,u_0708,session_abandoned,2026-06-17T20:31:00Z,u_0708_s01,ins_u_0708_002,{},v2.3.0-fixed
evt_001605,u_0004,activation_completed,2026-06-17T20:35:00Z,u_0004_s01,ins_u_0004_007,{},v2.3.0-fixed
evt_001606,u_0738,activation_completed,2026-06-17T20:40:00Z,u_0738_s01,ins_u_0738_008,{},v2.3.0-fixed
evt_001607,u_0473,signup_started,2026-06-17T20:44:00Z,u_0473_s01,ins_u_0473_001,{},v2.3.0-fixed
evt_001608,u_0669,onboarding_completed,2026-06-17T20:49:00Z,u_0669_s01,ins_u_0669_006,"{""completed_at"": ""2026-06-17T20:48:00Z""}",v2.3.0-fixed
evt_001609,u_0543,signup_started,2026-06-17T20:50:00Z,u_0543_s01,ins_u_0543_001,{},v2.3.0-fixed
evt_001610,u_0473,signup_completed,2026-06-17T20:52:00Z,u_0473_s01,ins_u_0473_002,{},v2.3.0-fixed
evt_001611,u_0543,signup_completed,2026-06-17T20:52:00Z,u_0543_s01,ins_u_0543_002,{},v2.3.0-fixed
evt_001612,u_0543,profile_saved,2026-06-17T21:00:00Z,u_0543_s01,ins_u_0543_003,{},v2.3.0-fixed
evt_001613,u_0473,profile_saved,2026-06-17T21:01:00Z,u_0473_s01,ins_u_0473_003,{},v2.3.0-fixed
evt_001614,u_0543,error_shown,2026-06-17T21:01:00Z,u_0543_s01,ins_u_0543_004,"{""code"": ""onboarding_timeout""}",v2.3.0-fixed
evt_001615,u_0473,onboarding_step_viewed,2026-06-17T21:03:00Z,u_0473_s01,ins_u_0473_004,{},v2.3.0-fixed
evt_001616,u_0172,activation_completed,2026-06-17T21:06:00Z,u_0172_s01,ins_u_0172_007,{},v2.3.0-fixed
evt_001617,u_0473,feature_used,2026-06-17T21:17:00Z,u_0473_s01,ins_u_0473_005,"{""feature"": ""insights""}",v2.3.0-fixed
evt_001618,u_0543,onboarding_completed,2026-06-17T21:31:00Z,u_0543_s01,ins_u_0543_005,"{""completed_at"": ""2026-06-17T21:32:00Z""}",v2.3.0-fixed
evt_001619,u_0669,activation_completed,2026-06-17T21:32:00Z,u_0669_s01,ins_u_0669_007,{},v2.3.0-fixed
evt_001620,u_0473,onboarding_completed,2026-06-17T21:37:00Z,u_0473_s01,ins_u_0473_006,"{""completed_at"": ""2026-06-17T21:33:00Z""}",v2.3.0-fixed
evt_001621,u_0473,activation_completed,2026-06-17T22:02:00Z,u_0473_s01,ins_u_0473_007,{},v2.3.0-fixed
evt_001622,u_0412,return_visit,2026-06-18T01:28:00Z,u_0412_s02,ins_u_0412_007,{},v2.3.0-fixed
evt_001623,u_0408,return_visit,2026-06-18T02:05:00Z,u_0408_s02,ins_u_0408_007,{},v2.3.0-fixed
evt_001624,u_0408,feature_used,2026-06-18T02:10:00Z,u_0408_s02,ins_u_0408_008,"{""feature"": ""insights""}",v2.3.0-fixed
evt_001625,u_0261,return_visit,2026-06-18T06:29:00Z,u_0261_s02,ins_u_0261_006,{},v2.3.0-fixed
evt_001626,u_0261,feature_used,2026-06-18T06:34:00Z,u_0261_s02,ins_u_0261_007,"{""feature"": ""insights""}",v2.3.0-fixed
evt_001627,u_0428,signup_started,2026-06-18T08:03:00Z,u_0428_s01,ins_u_0428_001,{},v2.3.0-fixed
evt_001628,u_0428,signup_completed,2026-06-18T08:07:00Z,u_0428_s01,ins_u_0428_002,{},v2.3.0-fixed
evt_001629,u_0100,signup_started,2026-06-18T08:11:00Z,u_0100_s01,ins_u_0100_001,{},v2.3.0-fixed
evt_001630,u_0434,signup_started,2026-06-18T08:11:00Z,u_0434_s01,ins_u_0434_001,{},v2.3.0-fixed
evt_001631,u_0428,profile_saved,2026-06-18T08:13:00Z,u_0428_s01,ins_u_0428_003,{},v2.3.0-fixed
evt_001632,u_0434,signup_completed,2026-06-18T08:13:00Z,u_0434_s01,ins_u_0434_002,{},v2.3.0-fixed
evt_001633,u_0100,signup_completed,2026-06-18T08:16:00Z,u_0100_s01,ins_u_0100_002,{},v2.3.0-fixed
evt_001634,u_0428,onboarding_step_viewed,2026-06-18T08:16:00Z,u_0428_s01,ins_u_0428_004,{},v2.3.0-fixed
evt_001635,u_0434,profile_saved,2026-06-18T08:20:00Z,u_0434_s01,ins_u_0434_003,{},v2.3.0-fixed
evt_001636,u_0660,signup_started,2026-06-18T08:23:00Z,u_0660_s01,ins_u_0660_001,{},v2.3.0-fixed
evt_001637,u_0100,profile_saved,2026-06-18T08:24:00Z,u_0100_s01,ins_u_0100_003,{},v2.3.0-fixed
evt_001638,u_0660,signup_completed,2026-06-18T08:25:00Z,u_0660_s01,ins_u_0660_002,{},v2.3.0-fixed
evt_001639,u_0100,onboarding_step_viewed,2026-06-18T08:27:00Z,u_0100_s01,ins_u_0100_004,{},v2.3.0-fixed
evt_001640,u_0660,profile_saved,2026-06-18T08:31:00Z,u_0660_s01,ins_u_0660_003,{},v2.3.0-fixed
evt_001641,u_0660,onboarding_step_viewed,2026-06-18T08:36:00Z,u_0660_s01,ins_u_0660_004,{},v2.3.0-fixed
evt_001642,u_0045,signup_started,2026-06-18T08:48:00Z,u_0045_s01,ins_u_0045_001,{},v2.3.0-fixed
evt_001643,u_0045,signup_completed,2026-06-18T08:50:00Z,u_0045_s01,ins_u_0045_002,{},v2.3.0-fixed
evt_001644,u_0428,onboarding_completed,2026-06-18T08:55:00Z,u_0428_s01,ins_u_0428_005,"{""completed_at"": ""2026-06-18T08:39:00Z""}",v2.3.0-fixed
evt_001645,u_0499,signup_started,2026-06-18T08:56:00Z,u_0499_s01,ins_u_0499_001,{},v2.3.0-fixed
evt_001646,u_0660,onboarding_completed,2026-06-18T08:57:00Z,u_0660_s01,ins_u_0660_005,"{""completed_at"": ""2026-06-18T09:10:00Z""}",v2.3.0-fixed
evt_001647,u_0045,profile_saved,2026-06-18T08:59:00Z,u_0045_s01,ins_u_0045_003,{},v2.3.0-fixed
evt_001648,u_0431,signup_started,2026-06-18T08:59:00Z,u_0431_s01,ins_u_0431_001,{},v2.3.0-fixed
evt_001649,u_0045,onboarding_step_viewed,2026-06-18T09:01:00Z,u_0045_s01,ins_u_0045_004,{},v2.3.0-fixed
evt_001650,u_0434,onboarding_completed,2026-06-18T09:01:00Z,u_0434_s01,ins_u_0434_004,"{""completed_at"": ""2026-06-18T08:46:00Z""}",v2.3.0-fixed
evt_001651,u_0431,session_abandoned,2026-06-18T09:02:00Z,u_0431_s01,ins_u_0431_002,{},v2.3.0-fixed
evt_001652,u_0499,signup_completed,2026-06-18T09:02:00Z,u_0499_s01,ins_u_0499_002,{},v2.3.0-fixed
evt_001653,u_0428,activation_completed,2026-06-18T09:05:00Z,u_0428_s01,ins_u_0428_006,{},v2.3.0-fixed
evt_001654,u_0499,profile_saved,2026-06-18T09:06:00Z,u_0499_s01,ins_u_0499_003,{},v2.3.0-fixed
evt_001655,u_0499,feature_used,2026-06-18T09:15:00Z,u_0499_s01,ins_u_0499_004,"{""feature"": ""insights""}",v2.3.0-fixed
evt_001656,u_0100,activation_completed,2026-06-18T09:18:00Z,u_0100_s01,ins_u_0100_005,{},v2.3.0-fixed
evt_001657,u_0168,signup_started,2026-06-18T09:20:00Z,u_0168_s01,ins_u_0168_001,{},v2.3.0-fixed
evt_001658,u_0045,feature_used,2026-06-18T09:21:00Z,u_0045_s01,ins_u_0045_005,"{""feature"": ""insights""}",v2.3.0-fixed
evt_001659,u_0524,signup_started,2026-06-18T09:21:00Z,u_0524_s01,ins_u_0524_001,{},v2.3.0-fixed
evt_001660,u_0524,signup_completed,2026-06-18T09:24:00Z,u_0524_s01,ins_u_0524_002,{},v2.3.0-fixed
evt_001661,u_0559,signup_started,2026-06-18T09:27:00Z,u_0559_s01,ins_u_0559_001,{},v2.3.0-fixed
evt_001662,u_0168,session_abandoned,2026-06-18T09:28:00Z,u_0168_s01,ins_u_0168_002,{},v2.3.0-fixed
evt_001663,u_0559,signup_completed,2026-06-18T09:30:00Z,u_0559_s01,ins_u_0559_002,{},v2.3.0-fixed
evt_001664,u_0211,signup_started,2026-06-18T09:31:00Z,u_0211_s01,ins_u_0211_001,{},v2.3.0-fixed
evt_001665,u_0215,signup_started,2026-06-18T09:31:00Z,u_0215_s01,ins_u_0215_001,{},v2.3.0-fixed
evt_001666,u_0045,onboarding_completed,2026-06-18T09:32:00Z,u_0045_s01,ins_u_0045_006,"{""completed_at"": ""2026-06-18T09:31:00Z""}",v2.3.0-fixed
evt_001667,u_0524,profile_saved,2026-06-18T09:33:00Z,u_0524_s01,ins_u_0524_003,{},v2.3.0-fixed
evt_001668,u_0559,profile_saved,2026-06-18T09:34:00Z,u_0559_s01,ins_u_0559_003,{},v2.3.0-fixed
evt_001669,u_0524,onboarding_step_viewed,2026-06-18T09:35:00Z,u_0524_s01,ins_u_0524_004,{},v2.3.0-fixed
evt_001670,u_0559,onboarding_step_viewed,2026-06-18T09:36:00Z,u_0559_s01,ins_u_0559_004,{},v2.3.0-fixed
evt_001671,u_0211,signup_completed,2026-06-18T09:38:00Z,u_0211_s01,ins_u_0211_002,{},v2.3.0-fixed
evt_001672,u_0215,signup_completed,2026-06-18T09:38:00Z,u_0215_s01,ins_u_0215_002,{},v2.3.0-fixed
evt_001673,u_0174,signup_started,2026-06-18T09:39:00Z,u_0174_s01,ins_u_0174_001,{},v2.3.0-fixed
evt_001674,u_0338,signup_started,2026-06-18T09:39:00Z,u_0338_s01,ins_u_0338_001,{},v2.3.0-fixed
evt_001675,u_0211,profile_saved,2026-06-18T09:41:00Z,u_0211_s01,ins_u_0211_003,{},v2.3.0-fixed
evt_001676,u_0499,onboarding_completed,2026-06-18T09:42:00Z,u_0499_s01,ins_u_0499_005,"{""completed_at"": ""2026-06-18T09:43:00Z""}",v2.3.0-fixed
evt_001677,u_0211,onboarding_step_viewed,2026-06-18T09:44:00Z,u_0211_s01,ins_u_0211_004,{},v2.3.0-fixed
evt_001678,u_0338,signup_completed,2026-06-18T09:44:00Z,u_0338_s01,ins_u_0338_002,{},v2.3.0-fixed
evt_001679,u_0770,signup_started,2026-06-18T09:44:00Z,u_0770_s01,ins_u_0770_001,{},v2.3.0-fixed
evt_001680,u_0215,profile_saved,2026-06-18T09:45:00Z,u_0215_s01,ins_u_0215_003,{},v2.3.0-fixed
evt_001681,u_0736,signup_started,2026-06-18T09:45:00Z,u_0736_s01,ins_u_0736_001,{},v2.3.0-fixed
evt_001682,u_0174,signup_completed,2026-06-18T09:46:00Z,u_0174_s01,ins_u_0174_002,{},v2.3.0-fixed
evt_001683,u_0215,error_shown,2026-06-18T09:46:00Z,u_0215_s01,ins_u_0215_004,"{""code"": ""onboarding_timeout""}",v2.3.0-fixed
evt_001684,u_0338,profile_saved,2026-06-18T09:47:00Z,u_0338_s01,ins_u_0338_003,{},v2.3.0-fixed
evt_001685,u_0215,onboarding_step_viewed,2026-06-18T09:48:00Z,u_0215_s01,ins_u_0215_005,{},v2.3.0-fixed
evt_001686,u_0338,error_shown,2026-06-18T09:48:00Z,u_0338_s01,ins_u_0338_004,"{""code"": ""onboarding_timeout""}",v2.3.0-fixed
evt_001687,u_0521,signup_started,2026-06-18T09:48:00Z,u_0521_s01,ins_u_0521_001,{},v2.3.0-fixed
evt_001688,u_0736,signup_completed,2026-06-18T09:48:00Z,u_0736_s01,ins_u_0736_002,{},v2.3.0-fixed
evt_001689,u_0770,session_abandoned,2026-06-18T09:49:00Z,u_0770_s01,ins_u_0770_002,{},v2.3.0-fixed
evt_001690,u_0338,onboarding_step_viewed,2026-06-18T09:50:00Z,u_0338_s01,ins_u_0338_005,{},v2.3.0-fixed
evt_001691,u_0105,signup_started,2026-06-18T09:51:00Z,u_0105_s01,ins_u_0105_001,{},v2.3.0-fixed
evt_001692,u_0521,signup_completed,2026-06-18T09:51:00Z,u_0521_s01,ins_u_0521_002,{},v2.3.0-fixed
evt_001693,u_0670,signup_started,2026-06-18T09:51:00Z,u_0670_s01,ins_u_0670_001,{},v2.3.0-fixed
evt_001694,u_0002,signup_started,2026-06-18T09:52:00Z,u_0002_s01,ins_u_0002_001,{},v2.3.0-fixed
evt_001695,u_0174,profile_saved,2026-06-18T09:52:00Z,u_0174_s01,ins_u_0174_003,{},v2.3.0-fixed
evt_001696,u_0215,feature_used,2026-06-18T09:53:00Z,u_0215_s01,ins_u_0215_006,"{""feature"": ""insights""}",v2.3.0-fixed
evt_001697,u_0105,signup_completed,2026-06-18T09:55:00Z,u_0105_s01,ins_u_0105_002,{},v2.3.0-fixed
evt_001698,u_0499,activation_completed,2026-06-18T09:56:00Z,u_0499_s01,ins_u_0499_006,{},v2.3.0-fixed
evt_001699,u_0002,signup_completed,2026-06-18T09:57:00Z,u_0002_s01,ins_u_0002_002,{},v2.3.0-fixed
evt_001700,u_0670,signup_completed,2026-06-18T09:57:00Z,u_0670_s01,ins_u_0670_002,{},v2.3.0-fixed
evt_001701,u_0736,profile_saved,2026-06-18T09:58:00Z,u_0736_s01,ins_u_0736_003,{},v2.3.0-fixed
evt_001702,u_0521,profile_saved,2026-06-18T09:59:00Z,u_0521_s01,ins_u_0521_003,{},v2.3.0-fixed
evt_001703,u_0105,session_abandoned,2026-06-18T10:00:00Z,u_0105_s01,ins_u_0105_003,{},v2.3.0-fixed
evt_001704,u_0736,onboarding_step_viewed,2026-06-18T10:00:00Z,u_0736_s01,ins_u_0736_004,{},v2.3.0-fixed
evt_001705,u_0211,feature_used,2026-06-18T10:02:00Z,u_0211_s01,ins_u_0211_005,"{""feature"": ""insights""}",v2.3.0-fixed
evt_001706,u_0670,session_abandoned,2026-06-18T10:02:00Z,u_0670_s01,ins_u_0670_003,{},v2.3.0-fixed
evt_001707,u_0002,profile_saved,2026-06-18T10:06:00Z,u_0002_s01,ins_u_0002_003,{},v2.3.0-fixed
evt_001708,u_0524,onboarding_completed,2026-06-18T10:06:00Z,u_0524_s01,ins_u_0524_005,"{""completed_at"": ""2026-06-18T10:09:00Z""}",v2.3.0-fixed
evt_001709,u_0002,error_shown,2026-06-18T10:07:00Z,u_0002_s01,ins_u_0002_004,"{""code"": ""onboarding_timeout""}",v2.3.0-fixed
evt_001710,u_0338,feature_used,2026-06-18T10:08:00Z,u_0338_s01,ins_u_0338_006,"{""feature"": ""board""}",v2.3.0-fixed
evt_001711,u_0521,feature_used,2026-06-18T10:09:00Z,u_0521_s01,ins_u_0521_004,"{""feature"": ""insights""}",v2.3.0-fixed
evt_001712,u_0002,onboarding_step_viewed,2026-06-18T10:11:00Z,u_0002_s01,ins_u_0002_005,{},v2.3.0-fixed
evt_001713,u_0215,onboarding_completed,2026-06-18T10:12:00Z,u_0215_s01,ins_u_0215_007,"{""completed_at"": ""2026-06-18T10:16:00Z""}",v2.3.0-fixed
evt_001714,u_0559,onboarding_completed,2026-06-18T10:14:00Z,u_0559_s01,ins_u_0559_005,"{""completed_at"": ""2026-06-18T10:06:00Z""}",v2.3.0-fixed
evt_001715,u_0338,onboarding_completed,2026-06-18T10:15:00Z,u_0338_s01,ins_u_0338_007,"{""completed_at"": ""2026-06-18T10:24:00Z""}",v2.3.0-fixed
evt_001716,u_0556,signup_started,2026-06-18T10:18:00Z,u_0556_s01,ins_u_0556_001,{},v2.3.0-fixed
evt_001717,u_0736,feature_used,2026-06-18T10:19:00Z,u_0736_s01,ins_u_0736_005,"{""feature"": ""board""}",v2.3.0-fixed
evt_001718,u_0211,onboarding_completed,2026-06-18T10:23:00Z,u_0211_s01,ins_u_0211_006,"{""completed_at"": ""2026-06-18T10:17:00Z""}",v2.3.0-fixed
evt_001719,u_0222,signup_started,2026-06-18T10:23:00Z,u_0222_s01,ins_u_0222_001,{},v2.3.0-fixed
evt_001720,u_0556,session_abandoned,2026-06-18T10:23:00Z,u_0556_s01,ins_u_0556_002,{},v2.3.0-fixed
evt_001721,u_0388,signup_started,2026-06-18T10:25:00Z,u_0388_s01,ins_u_0388_001,{},v2.3.0-fixed
evt_001722,u_0222,signup_completed,2026-06-18T10:27:00Z,u_0222_s01,ins_u_0222_002,{},v2.3.0-fixed
evt_001723,u_0002,feature_used,2026-06-18T10:28:00Z,u_0002_s01,ins_u_0002_006,"{""feature"": ""board""}",v2.3.0-fixed
evt_001724,u_0174,onboarding_completed,2026-06-18T10:28:00Z,u_0174_s01,ins_u_0174_004,"{""completed_at"": ""2026-06-18T10:20:00Z""}",v2.3.0-fixed
evt_001725,u_0211,activation_completed,2026-06-18T10:29:00Z,u_0211_s01,ins_u_0211_007,{},v2.3.0-fixed
evt_001726,u_0736,onboarding_completed,2026-06-18T10:31:00Z,u_0736_s01,ins_u_0736_006,"{""completed_at"": ""2026-06-18T10:26:00Z""}",v2.3.0-fixed
evt_001727,u_0388,signup_completed,2026-06-18T10:32:00Z,u_0388_s01,ins_u_0388_002,{},v2.3.0-fixed
evt_001728,u_0521,onboarding_completed,2026-06-18T10:33:00Z,u_0521_s01,ins_u_0521_005,"{""completed_at"": ""2026-06-18T10:28:00Z""}",v2.3.0-fixed
evt_001729,u_0524,activation_completed,2026-06-18T10:33:00Z,u_0524_s01,ins_u_0524_006,{},v2.3.0-fixed
evt_001730,u_0222,profile_saved,2026-06-18T10:35:00Z,u_0222_s01,ins_u_0222_003,{},v2.3.0-fixed
evt_001731,u_0388,profile_saved,2026-06-18T10:35:00Z,u_0388_s01,ins_u_0388_003,{},v2.3.0-fixed
evt_001732,u_0222,onboarding_step_viewed,2026-06-18T10:37:00Z,u_0222_s01,ins_u_0222_004,{},v2.3.0-fixed
evt_001733,u_0002,onboarding_completed,2026-06-18T10:39:00Z,u_0002_s01,ins_u_0002_007,"{""completed_at"": ""2026-06-18T10:36:00Z""}",v2.3.0-fixed
evt_001734,u_0388,onboarding_step_viewed,2026-06-18T10:40:00Z,u_0388_s01,ins_u_0388_004,{},v2.3.0-fixed
evt_001735,u_0559,activation_completed,2026-06-18T10:43:00Z,u_0559_s01,ins_u_0559_006,{},v2.3.0-fixed
evt_001736,u_0026,signup_started,2026-06-18T10:45:00Z,u_0026_s01,ins_u_0026_001,{},v2.3.0-fixed
evt_001737,u_0388,feature_used,2026-06-18T10:46:00Z,u_0388_s01,ins_u_0388_005,"{""feature"": ""board""}",v2.3.0-fixed
evt_001738,u_0752,signup_started,2026-06-18T10:48:00Z,u_0752_s01,ins_u_0752_001,{},v2.3.0-fixed
evt_001739,u_0026,session_abandoned,2026-06-18T10:49:00Z,u_0026_s01,ins_u_0026_002,{},v2.3.0-fixed
evt_001740,u_0521,activation_completed,2026-06-18T10:49:00Z,u_0521_s01,ins_u_0521_006,{},v2.3.0-fixed
evt_001741,u_0736,activation_completed,2026-06-18T10:56:00Z,u_0736_s01,ins_u_0736_007,{},v2.3.0-fixed
evt_001742,u_0752,session_abandoned,2026-06-18T10:56:00Z,u_0752_s01,ins_u_0752_002,{},v2.3.0-fixed
evt_001743,u_0602,signup_started,2026-06-18T10:57:00Z,u_0602_s01,ins_u_0602_001,{},v2.3.0-fixed
evt_001744,u_0597,signup_started,2026-06-18T10:58:00Z,u_0597_s01,ins_u_0597_001,{},v2.3.0-fixed
evt_001745,u_0602,signup_completed,2026-06-18T11:01:00Z,u_0602_s01,ins_u_0602_002,{},v2.3.0-fixed
evt_001746,u_0684,signup_started,2026-06-18T11:01:00Z,u_0684_s01,ins_u_0684_001,{},v2.3.0-fixed
evt_001747,u_0597,session_abandoned,2026-06-18T11:02:00Z,u_0597_s01,ins_u_0597_002,{},v2.3.0-fixed
evt_001748,u_0018,signup_started,2026-06-18T11:03:00Z,u_0018_s01,ins_u_0018_001,{},v2.3.0-fixed
evt_001749,u_0684,signup_completed,2026-06-18T11:04:00Z,u_0684_s01,ins_u_0684_002,{},v2.3.0-fixed
evt_001750,u_0388,onboarding_completed,2026-06-18T11:05:00Z,u_0388_s01,ins_u_0388_006,"{""completed_at"": ""2026-06-18T11:05:00Z""}",v2.3.0-fixed
evt_001751,u_0602,profile_saved,2026-06-18T11:05:00Z,u_0602_s01,ins_u_0602_003,{},v2.3.0-fixed
evt_001752,u_0002,activation_completed,2026-06-18T11:07:00Z,u_0002_s01,ins_u_0002_008,{},v2.3.0-fixed
evt_001753,u_0174,activation_completed,2026-06-18T11:09:00Z,u_0174_s01,ins_u_0174_005,{},v2.3.0-fixed
evt_001754,u_0018,signup_completed,2026-06-18T11:11:00Z,u_0018_s01,ins_u_0018_002,{},v2.3.0-fixed
evt_001755,u_0602,onboarding_step_viewed,2026-06-18T11:11:00Z,u_0602_s01,ins_u_0602_004,{},v2.3.0-fixed
evt_001756,u_0684,session_abandoned,2026-06-18T11:12:00Z,u_0684_s01,ins_u_0684_003,{},v2.3.0-fixed
evt_001757,u_0222,onboarding_completed,2026-06-18T11:18:00Z,u_0222_s01,ins_u_0222_005,"{""completed_at"": ""2026-06-18T11:11:00Z""}",v2.3.0-fixed
evt_001758,u_0018,profile_saved,2026-06-18T11:20:00Z,u_0018_s01,ins_u_0018_003,{},v2.3.0-fixed
evt_001759,u_0018,error_shown,2026-06-18T11:21:00Z,u_0018_s01,ins_u_0018_004,"{""code"": ""onboarding_timeout""}",v2.3.0-fixed
evt_001760,u_0602,feature_used,2026-06-18T11:23:00Z,u_0602_s01,ins_u_0602_005,"{""feature"": ""board""}",v2.3.0-fixed
evt_001761,u_0018,onboarding_step_viewed,2026-06-18T11:26:00Z,u_0018_s01,ins_u_0018_005,{},v2.3.0-fixed
evt_001762,u_0053,signup_started,2026-06-18T11:35:00Z,u_0053_s01,ins_u_0053_001,{},v2.3.0-fixed
evt_001763,u_0053,signup_completed,2026-06-18T11:37:00Z,u_0053_s01,ins_u_0053_002,{},v2.3.0-fixed
evt_001764,u_0003,signup_started,2026-06-18T11:40:00Z,u_0003_s01,ins_u_0003_001,{},v2.3.0-fixed
evt_001765,u_0602,onboarding_completed,2026-06-18T11:40:00Z,u_0602_s01,ins_u_0602_006,"{""completed_at"": ""2026-06-18T11:43:00Z""}",v2.3.0-fixed
evt_001766,u_0767,signup_started,2026-06-18T11:41:00Z,u_0767_s01,ins_u_0767_001,{},v2.3.0-fixed
evt_001767,u_0053,profile_saved,2026-06-18T11:43:00Z,u_0053_s01,ins_u_0053_003,{},v2.3.0-fixed
evt_001768,u_0018,feature_used,2026-06-18T11:44:00Z,u_0018_s01,ins_u_0018_006,"{""feature"": ""board""}",v2.3.0-fixed
evt_001769,u_0053,onboarding_step_viewed,2026-06-18T11:45:00Z,u_0053_s01,ins_u_0053_004,{},v2.3.0-fixed
evt_001770,u_0003,signup_completed,2026-06-18T11:46:00Z,u_0003_s01,ins_u_0003_002,{},v2.3.0-fixed
evt_001771,u_0767,signup_completed,2026-06-18T11:46:00Z,u_0767_s01,ins_u_0767_002,{},v2.3.0-fixed
evt_001772,u_0003,profile_saved,2026-06-18T11:49:00Z,u_0003_s01,ins_u_0003_003,{},v2.3.0-fixed
evt_001773,u_0677,signup_started,2026-06-18T11:52:00Z,u_0677_s01,ins_u_0677_001,{},v2.3.0-fixed
evt_001774,u_0003,onboarding_step_viewed,2026-06-18T11:54:00Z,u_0003_s01,ins_u_0003_004,{},v2.3.0-fixed
evt_001775,u_0222,activation_completed,2026-06-18T11:54:00Z,u_0222_s01,ins_u_0222_006,{},v2.3.0-fixed
evt_001776,u_0520,signup_started,2026-06-18T11:55:00Z,u_0520_s01,ins_u_0520_001,{},v2.3.0-fixed
evt_001777,u_0767,session_abandoned,2026-06-18T11:55:00Z,u_0767_s01,ins_u_0767_003,{},v2.3.0-fixed
evt_001778,u_0677,signup_completed,2026-06-18T11:57:00Z,u_0677_s01,ins_u_0677_002,{},v2.3.0-fixed
evt_001779,u_0126,signup_started,2026-06-18T11:58:00Z,u_0126_s01,ins_u_0126_001,{},v2.3.0-fixed
evt_001780,u_0520,signup_completed,2026-06-18T11:58:00Z,u_0520_s01,ins_u_0520_002,{},v2.3.0-fixed
evt_001781,u_0018,onboarding_completed,2026-06-18T11:59:00Z,u_0018_s01,ins_u_0018_007,"{""completed_at"": ""2026-06-18T11:56:00Z""}",v2.3.0-fixed
evt_001782,u_0520,session_abandoned,2026-06-18T12:03:00Z,u_0520_s01,ins_u_0520_003,{},v2.3.0-fixed
evt_001783,u_0677,profile_saved,2026-06-18T12:03:00Z,u_0677_s01,ins_u_0677_003,{},v2.3.0-fixed
evt_001784,u_0053,feature_used,2026-06-18T12:04:00Z,u_0053_s01,ins_u_0053_005,"{""feature"": ""insights""}",v2.3.0-fixed
evt_001785,u_0126,signup_completed,2026-06-18T12:06:00Z,u_0126_s01,ins_u_0126_002,{},v2.3.0-fixed
evt_001786,u_0677,onboarding_step_viewed,2026-06-18T12:06:00Z,u_0677_s01,ins_u_0677_004,{},v2.3.0-fixed
evt_001787,u_0243,signup_started,2026-06-18T12:14:00Z,u_0243_s01,ins_u_0243_001,{},v2.3.0-fixed
evt_001788,u_0126,profile_saved,2026-06-18T12:16:00Z,u_0126_s01,ins_u_0126_003,{},v2.3.0-fixed
evt_001789,u_0153,signup_started,2026-06-18T12:17:00Z,u_0153_s01,ins_u_0153_001,{},v2.3.0-fixed
evt_001790,u_0126,onboarding_step_viewed,2026-06-18T12:18:00Z,u_0126_s01,ins_u_0126_004,{},v2.3.0-fixed
evt_001791,u_0053,onboarding_completed,2026-06-18T12:19:00Z,u_0053_s01,ins_u_0053_006,"{""completed_at"": ""2026-06-18T12:18:00Z""}",v2.3.0-fixed
evt_001792,u_0243,session_abandoned,2026-06-18T12:22:00Z,u_0243_s01,ins_u_0243_002,{},v2.3.0-fixed
evt_001793,u_0153,signup_completed,2026-06-18T12:25:00Z,u_0153_s01,ins_u_0153_002,{},v2.3.0-fixed
evt_001794,u_0053,activation_completed,2026-06-18T12:30:00Z,u_0053_s01,ins_u_0053_007,{},v2.3.0-fixed
evt_001795,u_0018,activation_completed,2026-06-18T12:31:00Z,u_0018_s01,ins_u_0018_008,{},v2.3.0-fixed
evt_001796,u_0153,profile_saved,2026-06-18T12:31:00Z,u_0153_s01,ins_u_0153_003,{},v2.3.0-fixed
evt_001797,u_0003,onboarding_completed,2026-06-18T12:32:00Z,u_0003_s01,ins_u_0003_005,"{""completed_at"": ""2026-06-18T12:22:00Z""}",v2.3.0-fixed
evt_001798,u_0677,onboarding_completed,2026-06-18T12:35:00Z,u_0677_s01,ins_u_0677_005,"{""completed_at"": ""2026-06-18T12:34:00Z""}",v2.3.0-fixed
evt_001799,u_0153,onboarding_step_viewed,2026-06-18T12:36:00Z,u_0153_s01,ins_u_0153_004,{},v2.3.0-fixed
evt_001800,u_0126,feature_used,2026-06-18T12:41:00Z,u_0126_s01,ins_u_0126_005,"{""feature"": ""board""}",v2.3.0-fixed
evt_001801,u_0458,signup_started,2026-06-18T12:41:00Z,u_0458_s01,ins_u_0458_001,{},v2.3.0-fixed
evt_001802,u_0183,signup_started,2026-06-18T12:45:00Z,u_0183_s01,ins_u_0183_001,{},v2.3.0-fixed
evt_001803,u_0458,signup_completed,2026-06-18T12:45:00Z,u_0458_s01,ins_u_0458_002,{},v2.3.0-fixed
evt_001804,u_0069,signup_started,2026-06-18T12:48:00Z,u_0069_s01,ins_u_0069_001,{},v2.3.0-fixed
evt_001805,u_0069,signup_completed,2026-06-18T12:51:00Z,u_0069_s01,ins_u_0069_002,{},v2.3.0-fixed
evt_001806,u_0183,signup_completed,2026-06-18T12:52:00Z,u_0183_s01,ins_u_0183_002,{},v2.3.0-fixed
evt_001807,u_0458,profile_saved,2026-06-18T12:52:00Z,u_0458_s01,ins_u_0458_003,{},v2.3.0-fixed
evt_001808,u_0183,profile_saved,2026-06-18T12:57:00Z,u_0183_s01,ins_u_0183_003,{},v2.3.0-fixed
evt_001809,u_0458,onboarding_step_viewed,2026-06-18T12:57:00Z,u_0458_s01,ins_u_0458_004,{},v2.3.0-fixed
evt_001810,u_0069,session_abandoned,2026-06-18T12:58:00Z,u_0069_s01,ins_u_0069_003,{},v2.3.0-fixed
evt_001811,u_0183,onboarding_step_viewed,2026-06-18T13:00:00Z,u_0183_s01,ins_u_0183_004,{},v2.3.0-fixed
evt_001812,u_0594,signup_started,2026-06-18T13:04:00Z,u_0594_s01,ins_u_0594_001,{},v2.3.0-fixed
evt_001813,u_0760,signup_started,2026-06-18T13:09:00Z,u_0760_s01,ins_u_0760_001,{},v2.3.0-fixed
evt_001814,u_0594,signup_completed,2026-06-18T13:10:00Z,u_0594_s01,ins_u_0594_002,{},v2.3.0-fixed
evt_001815,u_0080,signup_started,2026-06-18T13:14:00Z,u_0080_s01,ins_u_0080_001,{},v2.3.0-fixed
evt_001816,u_0080,signup_completed,2026-06-18T13:15:00Z,u_0080_s01,ins_u_0080_002,{},v2.3.0-fixed
evt_001817,u_0153,onboarding_completed,2026-06-18T13:15:00Z,u_0153_s01,ins_u_0153_005,"{""completed_at"": ""2026-06-18T12:59:00Z""}",v2.3.0-fixed
evt_001818,u_0594,profile_saved,2026-06-18T13:16:00Z,u_0594_s01,ins_u_0594_003,{},v2.3.0-fixed
evt_001819,u_0760,signup_completed,2026-06-18T13:16:00Z,u_0760_s01,ins_u_0760_002,{},v2.3.0-fixed
evt_001820,u_0080,profile_saved,2026-06-18T13:18:00Z,u_0080_s01,ins_u_0080_003,{},v2.3.0-fixed
evt_001821,u_0458,onboarding_completed,2026-06-18T13:21:00Z,u_0458_s01,ins_u_0458_005,"{""completed_at"": ""2026-06-18T13:21:00Z""}",v2.3.0-fixed
evt_001822,u_0594,onboarding_step_viewed,2026-06-18T13:21:00Z,u_0594_s01,ins_u_0594_004,{},v2.3.0-fixed
evt_001823,u_0760,profile_saved,2026-06-18T13:21:00Z,u_0760_s01,ins_u_0760_003,{},v2.3.0-fixed
evt_001824,u_0080,onboarding_step_viewed,2026-06-18T13:24:00Z,u_0080_s01,ins_u_0080_004,{},v2.3.0-fixed
evt_001825,u_0049,signup_started,2026-06-18T13:25:00Z,u_0049_s01,ins_u_0049_001,{},v2.3.0-fixed
evt_001826,u_0110,signup_started,2026-06-18T13:26:00Z,u_0110_s01,ins_u_0110_001,{},v2.3.0-fixed
evt_001827,u_0049,signup_completed,2026-06-18T13:27:00Z,u_0049_s01,ins_u_0049_002,{},v2.3.0-fixed
evt_001828,u_0760,onboarding_step_viewed,2026-06-18T13:27:00Z,u_0760_s01,ins_u_0760_004,{},v2.3.0-fixed
evt_001829,u_0302,signup_started,2026-06-18T13:28:00Z,u_0302_s01,ins_u_0302_001,{},v2.3.0-fixed
evt_001830,u_0110,signup_completed,2026-06-18T13:31:00Z,u_0110_s01,ins_u_0110_002,{},v2.3.0-fixed
evt_001831,u_0760,feature_used,2026-06-18T13:31:00Z,u_0760_s01,ins_u_0760_005,"{""feature"": ""board""}",v2.3.0-fixed
evt_001832,u_0183,onboarding_completed,2026-06-18T13:33:00Z,u_0183_s01,ins_u_0183_005,"{""completed_at"": ""2026-06-18T13:32:00Z""}",v2.3.0-fixed
evt_001833,u_0049,profile_saved,2026-06-18T13:34:00Z,u_0049_s01,ins_u_0049_003,{},v2.3.0-fixed
evt_001834,u_0115,signup_started,2026-06-18T13:34:00Z,u_0115_s01,ins_u_0115_001,{},v2.3.0-fixed
evt_001835,u_0110,profile_saved,2026-06-18T13:35:00Z,u_0110_s01,ins_u_0110_003,{},v2.3.0-fixed
evt_001836,u_0115,signup_completed,2026-06-18T13:36:00Z,u_0115_s01,ins_u_0115_002,{},v2.3.0-fixed
evt_001837,u_0302,signup_completed,2026-06-18T13:36:00Z,u_0302_s01,ins_u_0302_002,{},v2.3.0-fixed
evt_001838,u_0080,feature_used,2026-06-18T13:37:00Z,u_0080_s01,ins_u_0080_005,"{""feature"": ""board""}",v2.3.0-fixed
evt_001839,u_0302,profile_saved,2026-06-18T13:42:00Z,u_0302_s01,ins_u_0302_003,{},v2.3.0-fixed
evt_001840,u_0110,feature_used,2026-06-18T13:43:00Z,u_0110_s01,ins_u_0110_004,"{""feature"": ""board""}",v2.3.0-fixed
evt_001841,u_0115,profile_saved,2026-06-18T13:44:00Z,u_0115_s01,ins_u_0115_003,{},v2.3.0-fixed
evt_001842,u_0153,activation_completed,2026-06-18T13:44:00Z,u_0153_s01,ins_u_0153_006,{},v2.3.0-fixed
evt_001843,u_0080,onboarding_completed,2026-06-18T13:46:00Z,u_0080_s01,ins_u_0080_006,"{""completed_at"": ""2026-06-18T13:58:00Z""}",v2.3.0-fixed
evt_001844,u_0560,signup_started,2026-06-18T13:47:00Z,u_0560_s01,ins_u_0560_001,{},v2.3.0-fixed
evt_001845,u_0498,signup_started,2026-06-18T13:48:00Z,u_0498_s01,ins_u_0498_001,{},v2.3.0-fixed
evt_001846,u_0498,signup_completed,2026-06-18T13:53:00Z,u_0498_s01,ins_u_0498_002,{},v2.3.0-fixed
evt_001847,u_0560,session_abandoned,2026-06-18T13:53:00Z,u_0560_s01,ins_u_0560_002,{},v2.3.0-fixed
evt_001848,u_0594,onboarding_completed,2026-06-18T13:53:00Z,u_0594_s01,ins_u_0594_005,"{""completed_at"": ""2026-06-18T13:43:00Z""}",v2.3.0-fixed
evt_001849,u_0273,signup_started,2026-06-18T13:58:00Z,u_0273_s01,ins_u_0273_001,{},v2.3.0-fixed
evt_001850,u_0498,session_abandoned,2026-06-18T13:59:00Z,u_0498_s01,ins_u_0498_003,{},v2.3.0-fixed
evt_001851,u_0049,onboarding_completed,2026-06-18T14:03:00Z,u_0049_s01,ins_u_0049_004,"{""completed_at"": ""2026-06-18T14:03:00Z""}",v2.3.0-fixed
evt_001852,u_0273,signup_completed,2026-06-18T14:04:00Z,u_0273_s01,ins_u_0273_002,{},v2.3.0-fixed
evt_001853,u_0760,onboarding_completed,2026-06-18T14:06:00Z,u_0760_s01,ins_u_0760_006,"{""completed_at"": ""2026-06-18T13:53:00Z""}",v2.3.0-fixed
evt_001854,u_0115,feature_used,2026-06-18T14:07:00Z,u_0115_s01,ins_u_0115_004,"{""feature"": ""insights""}",v2.3.0-fixed
evt_001855,u_0421,signup_started,2026-06-18T14:07:00Z,u_0421_s01,ins_u_0421_001,{},v2.3.0-fixed
evt_001856,u_0183,activation_completed,2026-06-18T14:08:00Z,u_0183_s01,ins_u_0183_006,{},v2.3.0-fixed
evt_001857,u_0421,session_abandoned,2026-06-18T14:10:00Z,u_0421_s01,ins_u_0421_002,{},v2.3.0-fixed
evt_001858,u_0449,signup_started,2026-06-18T14:10:00Z,u_0449_s01,ins_u_0449_001,{},v2.3.0-fixed
evt_001859,u_0115,onboarding_completed,2026-06-18T14:11:00Z,u_0115_s01,ins_u_0115_005,"{""completed_at"": ""2026-06-18T14:12:00Z""}",v2.3.0-fixed
evt_001860,u_0273,session_abandoned,2026-06-18T14:11:00Z,u_0273_s01,ins_u_0273_003,{},v2.3.0-fixed
evt_001861,u_0095,signup_started,2026-06-18T14:14:00Z,u_0095_s01,ins_u_0095_001,{},v2.3.0-fixed
evt_001862,u_0110,onboarding_completed,2026-06-18T14:14:00Z,u_0110_s01,ins_u_0110_005,"{""completed_at"": ""2026-06-18T14:10:00Z""}",v2.3.0-fixed
evt_001863,u_0095,session_abandoned,2026-06-18T14:16:00Z,u_0095_s01,ins_u_0095_002,{},v2.3.0-fixed
evt_001864,u_0449,signup_completed,2026-06-18T14:17:00Z,u_0449_s01,ins_u_0449_002,{},v2.3.0-fixed
evt_001865,u_0589,signup_started,2026-06-18T14:18:00Z,u_0589_s01,ins_u_0589_001,{},v2.3.0-fixed
evt_001866,u_0188,signup_started,2026-06-18T14:19:00Z,u_0188_s01,ins_u_0188_001,{},v2.3.0-fixed
evt_001867,u_0589,signup_completed,2026-06-18T14:19:00Z,u_0589_s01,ins_u_0589_002,{},v2.3.0-fixed
evt_001868,u_0135,signup_started,2026-06-18T14:23:00Z,u_0135_s01,ins_u_0135_001,{},v2.3.0-fixed
evt_001869,u_0589,profile_saved,2026-06-18T14:24:00Z,u_0589_s01,ins_u_0589_003,{},v2.3.0-fixed
evt_001870,u_0135,signup_completed,2026-06-18T14:25:00Z,u_0135_s01,ins_u_0135_002,{},v2.3.0-fixed
evt_001871,u_0188,signup_completed,2026-06-18T14:25:00Z,u_0188_s01,ins_u_0188_002,{},v2.3.0-fixed
evt_001872,u_0302,onboarding_completed,2026-06-18T14:26:00Z,u_0302_s01,ins_u_0302_004,"{""completed_at"": ""2026-06-18T14:09:00Z""}",v2.3.0-fixed
evt_001873,u_0449,profile_saved,2026-06-18T14:26:00Z,u_0449_s01,ins_u_0449_003,{},v2.3.0-fixed
evt_001874,u_0589,onboarding_step_viewed,2026-06-18T14:26:00Z,u_0589_s01,ins_u_0589_004,{},v2.3.0-fixed
evt_001875,u_0760,activation_completed,2026-06-18T14:26:00Z,u_0760_s01,ins_u_0760_007,{},v2.3.0-fixed
evt_001876,u_0449,onboarding_step_viewed,2026-06-18T14:31:00Z,u_0449_s01,ins_u_0449_004,{},v2.3.0-fixed
evt_001877,u_0111,signup_started,2026-06-18T14:32:00Z,u_0111_s01,ins_u_0111_001,{},v2.3.0-fixed
evt_001878,u_0135,profile_saved,2026-06-18T14:32:00Z,u_0135_s01,ins_u_0135_003,{},v2.3.0-fixed
evt_001879,u_0047,signup_started,2026-06-18T14:34:00Z,u_0047_s01,ins_u_0047_001,{},v2.3.0-fixed
evt_001880,u_0111,signup_completed,2026-06-18T14:34:00Z,u_0111_s01,ins_u_0111_002,{},v2.3.0-fixed
evt_001881,u_0188,session_abandoned,2026-06-18T14:34:00Z,u_0188_s01,ins_u_0188_003,{},v2.3.0-fixed
evt_001882,u_0589,feature_used,2026-06-18T14:34:00Z,u_0589_s01,ins_u_0589_005,"{""feature"": ""insights""}",v2.3.0-fixed
evt_001883,u_0135,onboarding_step_viewed,2026-06-18T14:35:00Z,u_0135_s01,ins_u_0135_004,{},v2.3.0-fixed
evt_001884,u_0047,signup_completed,2026-06-18T14:37:00Z,u_0047_s01,ins_u_0047_002,{},v2.3.0-fixed
evt_001885,u_0115,activation_completed,2026-06-18T14:38:00Z,u_0115_s01,ins_u_0115_006,{},v2.3.0-fixed
evt_001886,u_0449,feature_used,2026-06-18T14:38:00Z,u_0449_s01,ins_u_0449_005,"{""feature"": ""insights""}",v2.3.0-fixed
evt_001887,u_0627,signup_started,2026-06-18T14:41:00Z,u_0627_s01,ins_u_0627_001,{},v2.3.0-fixed
evt_001888,u_0111,profile_saved,2026-06-18T14:42:00Z,u_0111_s01,ins_u_0111_003,{},v2.3.0-fixed
evt_001889,u_0302,activation_completed,2026-06-18T14:43:00Z,u_0302_s01,ins_u_0302_005,{},v2.3.0-fixed
evt_001890,u_0047,profile_saved,2026-06-18T14:46:00Z,u_0047_s01,ins_u_0047_003,{},v2.3.0-fixed
evt_001891,u_0495,signup_started,2026-06-18T14:47:00Z,u_0495_s01,ins_u_0495_001,{},v2.3.0-fixed
evt_001892,u_0627,signup_completed,2026-06-18T14:47:00Z,u_0627_s01,ins_u_0627_002,{},v2.3.0-fixed
evt_001893,u_0773,signup_started,2026-06-18T14:47:00Z,u_0773_s01,ins_u_0773_001,{},v2.3.0-fixed
evt_001894,u_0047,onboarding_step_viewed,2026-06-18T14:48:00Z,u_0047_s01,ins_u_0047_004,{},v2.3.0-fixed
evt_001895,u_0056,signup_started,2026-06-18T14:49:00Z,u_0056_s01,ins_u_0056_001,{},v2.3.0-fixed
evt_001896,u_0111,feature_used,2026-06-18T14:49:00Z,u_0111_s01,ins_u_0111_004,"{""feature"": ""insights""}",v2.3.0-fixed
evt_001897,u_0773,signup_completed,2026-06-18T14:50:00Z,u_0773_s01,ins_u_0773_002,{},v2.3.0-fixed
evt_001898,u_0567,signup_started,2026-06-18T14:51:00Z,u_0567_s01,ins_u_0567_001,{},v2.3.0-fixed
evt_001899,u_0495,session_abandoned,2026-06-18T14:52:00Z,u_0495_s01,ins_u_0495_002,{},v2.3.0-fixed
evt_001900,u_0589,onboarding_completed,2026-06-18T14:52:00Z,u_0589_s01,ins_u_0589_006,"{""completed_at"": ""2026-06-18T15:01:00Z""}",v2.3.0-fixed
evt_001901,u_0627,session_abandoned,2026-06-18T14:52:00Z,u_0627_s01,ins_u_0627_003,{},v2.3.0-fixed
evt_001902,u_0367,signup_started,2026-06-18T14:53:00Z,u_0367_s01,ins_u_0367_001,{},v2.3.0-fixed
evt_001903,u_0189,signup_started,2026-06-18T14:54:00Z,u_0189_s01,ins_u_0189_001,{},v2.3.0-fixed
evt_001904,u_0449,onboarding_completed,2026-06-18T14:54:00Z,u_0449_s01,ins_u_0449_006,"{""completed_at"": ""2026-06-18T15:06:00Z""}",v2.3.0-fixed
evt_001905,u_0189,session_abandoned,2026-06-18T14:55:00Z,u_0189_s01,ins_u_0189_002,{},v2.3.0-fixed
evt_001906,u_0056,signup_completed,2026-06-18T14:56:00Z,u_0056_s01,ins_u_0056_002,{},v2.3.0-fixed
evt_001907,u_0367,signup_completed,2026-06-18T14:56:00Z,u_0367_s01,ins_u_0367_002,{},v2.3.0-fixed
evt_001908,u_0567,signup_completed,2026-06-18T14:56:00Z,u_0567_s01,ins_u_0567_002,{},v2.3.0-fixed
evt_001909,u_0773,session_abandoned,2026-06-18T14:59:00Z,u_0773_s01,ins_u_0773_003,{},v2.3.0-fixed
evt_001910,u_0367,session_abandoned,2026-06-18T15:04:00Z,u_0367_s01,ins_u_0367_003,{},v2.3.0-fixed
evt_001911,u_0567,profile_saved,2026-06-18T15:04:00Z,u_0567_s01,ins_u_0567_003,{},v2.3.0-fixed
evt_001912,u_0056,profile_saved,2026-06-18T15:05:00Z,u_0056_s01,ins_u_0056_003,{},v2.3.0-fixed
evt_001913,u_0135,onboarding_completed,2026-06-18T15:05:00Z,u_0135_s01,ins_u_0135_005,"{""completed_at"": ""2026-06-18T15:09:00Z""}",v2.3.0-fixed
evt_001914,u_0056,onboarding_step_viewed,2026-06-18T15:07:00Z,u_0056_s01,ins_u_0056_004,{},v2.3.0-fixed
evt_001915,u_0536,signup_started,2026-06-18T15:08:00Z,u_0536_s01,ins_u_0536_001,{},v2.3.0-fixed
evt_001916,u_0567,onboarding_step_viewed,2026-06-18T15:09:00Z,u_0567_s01,ins_u_0567_004,{},v2.3.0-fixed
evt_001917,u_0056,feature_used,2026-06-18T15:16:00Z,u_0056_s01,ins_u_0056_005,"{""feature"": ""board""}",v2.3.0-fixed
evt_001918,u_0536,session_abandoned,2026-06-18T15:16:00Z,u_0536_s01,ins_u_0536_002,{},v2.3.0-fixed
evt_001919,u_0111,onboarding_completed,2026-06-18T15:17:00Z,u_0111_s01,ins_u_0111_005,"{""completed_at"": ""2026-06-18T15:14:00Z""}",v2.3.0-fixed
evt_001920,u_0165,signup_started,2026-06-18T15:17:00Z,u_0165_s01,ins_u_0165_001,{},v2.3.0-fixed
evt_001921,u_0064,signup_started,2026-06-18T15:18:00Z,u_0064_s01,ins_u_0064_001,{},v2.3.0-fixed
evt_001922,u_0134,signup_started,2026-06-18T15:20:00Z,u_0134_s01,ins_u_0134_001,{},v2.3.0-fixed
evt_001923,u_0589,activation_completed,2026-06-18T15:20:00Z,u_0589_s01,ins_u_0589_007,{},v2.3.0-fixed
evt_001924,u_0165,session_abandoned,2026-06-18T15:22:00Z,u_0165_s01,ins_u_0165_002,{},v2.3.0-fixed
evt_001925,u_0134,signup_completed,2026-06-18T15:24:00Z,u_0134_s01,ins_u_0134_002,{},v2.3.0-fixed
evt_001926,u_0064,signup_completed,2026-06-18T15:25:00Z,u_0064_s01,ins_u_0064_002,{},v2.3.0-fixed
evt_001927,u_0134,session_abandoned,2026-06-18T15:30:00Z,u_0134_s01,ins_u_0134_003,{},v2.3.0-fixed
evt_001928,u_0567,onboarding_completed,2026-06-18T15:30:00Z,u_0567_s01,ins_u_0567_005,"{""completed_at"": ""2026-06-18T15:30:00Z""}",v2.3.0-fixed
evt_001929,u_0064,session_abandoned,2026-06-18T15:34:00Z,u_0064_s01,ins_u_0064_003,{},v2.3.0-fixed
evt_001930,u_0056,onboarding_completed,2026-06-18T15:35:00Z,u_0056_s01,ins_u_0056_006,"{""completed_at"": ""2026-06-18T15:31:00Z""}",v2.3.0-fixed
evt_001931,u_0449,activation_completed,2026-06-18T15:35:00Z,u_0449_s01,ins_u_0449_007,{},v2.3.0-fixed
evt_001932,u_0470,signup_started,2026-06-18T15:36:00Z,u_0470_s01,ins_u_0470_001,{},v2.3.0-fixed
evt_001933,u_0139,signup_started,2026-06-18T15:37:00Z,u_0139_s01,ins_u_0139_001,{},v2.3.0-fixed
evt_001934,u_0139,signup_completed,2026-06-18T15:39:00Z,u_0139_s01,ins_u_0139_002,{},v2.3.0-fixed
evt_001935,u_0470,signup_completed,2026-06-18T15:39:00Z,u_0470_s01,ins_u_0470_002,{},v2.3.0-fixed
evt_001936,u_0491,signup_started,2026-06-18T15:41:00Z,u_0491_s01,ins_u_0491_001,{},v2.3.0-fixed
evt_001937,u_0545,signup_started,2026-06-18T15:45:00Z,u_0545_s01,ins_u_0545_001,{},v2.3.0-fixed
evt_001938,u_0139,profile_saved,2026-06-18T15:46:00Z,u_0139_s01,ins_u_0139_003,{},v2.3.0-fixed
evt_001939,u_0491,signup_completed,2026-06-18T15:46:00Z,u_0491_s01,ins_u_0491_002,{},v2.3.0-fixed
evt_001940,u_0470,profile_saved,2026-06-18T15:47:00Z,u_0470_s01,ins_u_0470_003,{},v2.3.0-fixed
evt_001941,u_0139,onboarding_step_viewed,2026-06-18T15:48:00Z,u_0139_s01,ins_u_0139_004,{},v2.3.0-fixed
evt_001942,u_0135,activation_completed,2026-06-18T15:50:00Z,u_0135_s01,ins_u_0135_006,{},v2.3.0-fixed
evt_001943,u_0567,activation_completed,2026-06-18T15:50:00Z,u_0567_s01,ins_u_0567_006,{},v2.3.0-fixed
evt_001944,u_0470,onboarding_step_viewed,2026-06-18T15:53:00Z,u_0470_s01,ins_u_0470_004,{},v2.3.0-fixed
evt_001945,u_0545,signup_completed,2026-06-18T15:53:00Z,u_0545_s01,ins_u_0545_002,{},v2.3.0-fixed
evt_001946,u_0723,signup_started,2026-06-18T15:53:00Z,u_0723_s01,ins_u_0723_001,{},v2.3.0-fixed
evt_001947,u_0491,session_abandoned,2026-06-18T15:55:00Z,u_0491_s01,ins_u_0491_003,{},v2.3.0-fixed
evt_001948,u_0723,signup_completed,2026-06-18T15:55:00Z,u_0723_s01,ins_u_0723_002,{},v2.3.0-fixed
evt_001949,u_0056,activation_completed,2026-06-18T15:57:00Z,u_0056_s01,ins_u_0056_007,{},v2.3.0-fixed
evt_001950,u_0553,signup_started,2026-06-18T15:58:00Z,u_0553_s01,ins_u_0553_001,{},v2.3.0-fixed
evt_001951,u_0553,signup_completed,2026-06-18T16:02:00Z,u_0553_s01,ins_u_0553_002,{},v2.3.0-fixed
evt_001952,u_0136,signup_started,2026-06-18T16:03:00Z,u_0136_s01,ins_u_0136_001,{},v2.3.0-fixed
evt_001953,u_0545,profile_saved,2026-06-18T16:03:00Z,u_0545_s01,ins_u_0545_003,{},v2.3.0-fixed
evt_001954,u_0553,profile_saved,2026-06-18T16:04:00Z,u_0553_s01,ins_u_0553_003,{},v2.3.0-fixed
evt_001955,u_0553,error_shown,2026-06-18T16:05:00Z,u_0553_s01,ins_u_0553_004,"{""code"": ""onboarding_timeout""}",v2.3.0-fixed
evt_001956,u_0723,profile_saved,2026-06-18T16:05:00Z,u_0723_s01,ins_u_0723_003,{},v2.3.0-fixed
evt_001957,u_0470,feature_used,2026-06-18T16:07:00Z,u_0470_s01,ins_u_0470_005,"{""feature"": ""board""}",v2.3.0-fixed
evt_001958,u_0139,feature_used,2026-06-18T16:08:00Z,u_0139_s01,ins_u_0139_005,"{""feature"": ""insights""}",v2.3.0-fixed
evt_001959,u_0553,onboarding_step_viewed,2026-06-18T16:08:00Z,u_0553_s01,ins_u_0553_005,{},v2.3.0-fixed
evt_001960,u_0545,onboarding_step_viewed,2026-06-18T16:09:00Z,u_0545_s01,ins_u_0545_004,{},v2.3.0-fixed
evt_001961,u_0522,signup_started,2026-06-18T16:10:00Z,u_0522_s01,ins_u_0522_001,{},v2.3.0-fixed
evt_001962,u_0723,onboarding_step_viewed,2026-06-18T16:10:00Z,u_0723_s01,ins_u_0723_004,{},v2.3.0-fixed
evt_001963,u_0136,session_abandoned,2026-06-18T16:11:00Z,u_0136_s01,ins_u_0136_002,{},v2.3.0-fixed
evt_001964,u_0175,signup_started,2026-06-18T16:15:00Z,u_0175_s01,ins_u_0175_001,{},v2.3.0-fixed
evt_001965,u_0139,onboarding_completed,2026-06-18T16:16:00Z,u_0139_s01,ins_u_0139_006,"{""completed_at"": ""2026-06-18T16:17:00Z""}",v2.3.0-fixed
evt_001966,u_0522,session_abandoned,2026-06-18T16:17:00Z,u_0522_s01,ins_u_0522_002,{},v2.3.0-fixed
evt_001967,u_0723,feature_used,2026-06-18T16:18:00Z,u_0723_s01,ins_u_0723_005,"{""feature"": ""insights""}",v2.3.0-fixed
evt_001968,u_0553,feature_used,2026-06-18T16:20:00Z,u_0553_s01,ins_u_0553_006,"{""feature"": ""insights""}",v2.3.0-fixed
evt_001969,u_0377,signup_started,2026-06-18T16:22:00Z,u_0377_s01,ins_u_0377_001,{},v2.3.0-fixed
evt_001970,u_0175,session_abandoned,2026-06-18T16:23:00Z,u_0175_s01,ins_u_0175_002,{},v2.3.0-fixed
evt_001971,u_0022,signup_started,2026-06-18T16:25:00Z,u_0022_s01,ins_u_0022_001,{},v2.3.0-fixed
evt_001972,u_0377,signup_completed,2026-06-18T16:29:00Z,u_0377_s01,ins_u_0377_002,{},v2.3.0-fixed
evt_001973,u_0573,signup_started,2026-06-18T16:31:00Z,u_0573_s01,ins_u_0573_001,{},v2.3.0-fixed
evt_001974,u_0022,signup_completed,2026-06-18T16:33:00Z,u_0022_s01,ins_u_0022_002,{},v2.3.0-fixed
evt_001975,u_0573,session_abandoned,2026-06-18T16:33:00Z,u_0573_s01,ins_u_0573_002,{},v2.3.0-fixed
evt_001976,u_0798,signup_started,2026-06-18T16:33:00Z,u_0798_s01,ins_u_0798_001,{},v2.3.0-fixed
evt_001977,u_0545,onboarding_completed,2026-06-18T16:34:00Z,u_0545_s01,ins_u_0545_005,"{""completed_at"": ""2026-06-18T16:34:00Z""}",v2.3.0-fixed
evt_001978,u_0553,onboarding_completed,2026-06-18T16:34:00Z,u_0553_s01,ins_u_0553_007,"{""completed_at"": ""2026-06-18T16:39:00Z""}",v2.3.0-fixed
evt_001979,u_0772,signup_started,2026-06-18T16:35:00Z,u_0772_s01,ins_u_0772_001,{},v2.3.0-fixed
evt_001980,u_0377,session_abandoned,2026-06-18T16:36:00Z,u_0377_s01,ins_u_0377_003,{},v2.3.0-fixed
evt_001981,u_0772,signup_completed,2026-06-18T16:36:00Z,u_0772_s01,ins_u_0772_002,{},v2.3.0-fixed
evt_001982,u_0723,onboarding_completed,2026-06-18T16:37:00Z,u_0723_s01,ins_u_0723_006,"{""completed_at"": ""2026-06-18T16:44:00Z""}",v2.3.0-fixed
evt_001983,u_0022,profile_saved,2026-06-18T16:38:00Z,u_0022_s01,ins_u_0022_003,{},v2.3.0-fixed
evt_001984,u_0022,error_shown,2026-06-18T16:39:00Z,u_0022_s01,ins_u_0022_004,"{""code"": ""onboarding_timeout""}",v2.3.0-fixed
evt_001985,u_0798,signup_completed,2026-06-18T16:40:00Z,u_0798_s01,ins_u_0798_002,{},v2.3.0-fixed
evt_001986,u_0374,signup_started,2026-06-18T16:42:00Z,u_0374_s01,ins_u_0374_001,{},v2.3.0-fixed
evt_001987,u_0772,session_abandoned,2026-06-18T16:42:00Z,u_0772_s01,ins_u_0772_003,{},v2.3.0-fixed
evt_001988,u_0374,signup_completed,2026-06-18T16:43:00Z,u_0374_s01,ins_u_0374_002,{},v2.3.0-fixed
evt_001989,u_0022,onboarding_step_viewed,2026-06-18T16:44:00Z,u_0022_s01,ins_u_0022_005,{},v2.3.0-fixed
evt_001990,u_0470,activation_completed,2026-06-18T16:45:00Z,u_0470_s01,ins_u_0470_006,{},v2.3.0-fixed
evt_001991,u_0798,profile_saved,2026-06-18T16:49:00Z,u_0798_s01,ins_u_0798_003,{},v2.3.0-fixed
evt_001992,u_0374,profile_saved,2026-06-18T16:51:00Z,u_0374_s01,ins_u_0374_003,{},v2.3.0-fixed
evt_001993,u_0798,onboarding_step_viewed,2026-06-18T16:52:00Z,u_0798_s01,ins_u_0798_004,{},v2.3.0-fixed
evt_001994,u_0374,onboarding_step_viewed,2026-06-18T16:56:00Z,u_0374_s01,ins_u_0374_004,{},v2.3.0-fixed
evt_001995,u_0032,signup_started,2026-06-18T16:58:00Z,u_0032_s01,ins_u_0032_001,{},v2.3.0-fixed
evt_001996,u_0391,signup_started,2026-06-18T17:00:00Z,u_0391_s01,ins_u_0391_001,{},v2.3.0-fixed
evt_001997,u_0139,activation_completed,2026-06-18T17:03:00Z,u_0139_s01,ins_u_0139_007,{},v2.3.0-fixed
evt_001998,u_0260,signup_started,2026-06-18T17:03:00Z,u_0260_s01,ins_u_0260_001,{},v2.3.0-fixed
evt_001999,u_0022,onboarding_completed,2026-06-18T17:04:00Z,u_0022_s01,ins_u_0022_006,"{""completed_at"": ""2026-06-18T17:04:00Z""}",v2.3.0-fixed
evt_002000,u_0260,session_abandoned,2026-06-18T17:04:00Z,u_0260_s01,ins_u_0260_002,{},v2.3.0-fixed
evt_002001,u_0350,signup_started,2026-06-18T17:04:00Z,u_0350_s01,ins_u_0350_001,{},v2.3.0-fixed
evt_002002,u_0032,signup_completed,2026-06-18T17:06:00Z,u_0032_s01,ins_u_0032_002,{},v2.3.0-fixed
evt_002003,u_0391,signup_completed,2026-06-18T17:08:00Z,u_0391_s01,ins_u_0391_002,{},v2.3.0-fixed
evt_002004,u_0350,signup_completed,2026-06-18T17:09:00Z,u_0350_s01,ins_u_0350_002,{},v2.3.0-fixed
evt_002005,u_0032,profile_saved,2026-06-18T17:13:00Z,u_0032_s01,ins_u_0032_003,{},v2.3.0-fixed
evt_002006,u_0374,feature_used,2026-06-18T17:14:00Z,u_0374_s01,ins_u_0374_005,"{""feature"": ""board""}",v2.3.0-fixed
evt_002007,u_0557,signup_started,2026-06-18T17:14:00Z,u_0557_s01,ins_u_0557_001,{},v2.3.0-fixed
evt_002008,u_0391,profile_saved,2026-06-18T17:15:00Z,u_0391_s01,ins_u_0391_003,{},v2.3.0-fixed
evt_002009,u_0391,error_shown,2026-06-18T17:16:00Z,u_0391_s01,ins_u_0391_004,"{""code"": ""onboarding_timeout""}",v2.3.0-fixed
evt_002010,u_0557,signup_completed,2026-06-18T17:17:00Z,u_0557_s01,ins_u_0557_002,{},v2.3.0-fixed
evt_002011,u_0685,signup_started,2026-06-18T17:17:00Z,u_0685_s01,ins_u_0685_001,{},v2.3.0-fixed
evt_002012,u_0032,onboarding_step_viewed,2026-06-18T17:18:00Z,u_0032_s01,ins_u_0032_004,{},v2.3.0-fixed
evt_002013,u_0350,profile_saved,2026-06-18T17:18:00Z,u_0350_s01,ins_u_0350_003,{},v2.3.0-fixed
evt_002014,u_0350,onboarding_step_viewed,2026-06-18T17:21:00Z,u_0350_s01,ins_u_0350_004,{},v2.3.0-fixed
evt_002015,u_0685,signup_completed,2026-06-18T17:21:00Z,u_0685_s01,ins_u_0685_002,{},v2.3.0-fixed
evt_002016,u_0557,profile_saved,2026-06-18T17:23:00Z,u_0557_s01,ins_u_0557_003,{},v2.3.0-fixed
evt_002017,u_0032,feature_used,2026-06-18T17:25:00Z,u_0032_s01,ins_u_0032_005,"{""feature"": ""board""}",v2.3.0-fixed
evt_002018,u_0021,signup_started,2026-06-18T17:27:00Z,u_0021_s01,ins_u_0021_001,{},v2.3.0-fixed
evt_002019,u_0798,onboarding_completed,2026-06-18T17:27:00Z,u_0798_s01,ins_u_0798_005,"{""completed_at"": ""2026-06-18T17:28:00Z""}",v2.3.0-fixed
evt_002020,u_0021,signup_completed,2026-06-18T17:29:00Z,u_0021_s01,ins_u_0021_002,{},v2.3.0-fixed
evt_002021,u_0685,profile_saved,2026-06-18T17:29:00Z,u_0685_s01,ins_u_0685_003,{},v2.3.0-fixed
evt_002022,u_0557,feature_used,2026-06-18T17:31:00Z,u_0557_s01,ins_u_0557_004,"{""feature"": ""insights""}",v2.3.0-fixed
evt_002023,u_0374,onboarding_completed,2026-06-18T17:33:00Z,u_0374_s01,ins_u_0374_006,"{""completed_at"": ""2026-06-18T17:30:00Z""}",v2.3.0-fixed
evt_002024,u_0391,feature_used,2026-06-18T17:34:00Z,u_0391_s01,ins_u_0391_005,"{""feature"": ""insights""}",v2.3.0-fixed
evt_002025,u_0685,onboarding_step_viewed,2026-06-18T17:35:00Z,u_0685_s01,ins_u_0685_004,{},v2.3.0-fixed
evt_002026,u_0021,profile_saved,2026-06-18T17:39:00Z,u_0021_s01,ins_u_0021_003,{},v2.3.0-fixed
evt_002027,u_0021,onboarding_step_viewed,2026-06-18T17:42:00Z,u_0021_s01,ins_u_0021_004,{},v2.3.0-fixed
evt_002028,u_0032,onboarding_completed,2026-06-18T17:46:00Z,u_0032_s01,ins_u_0032_006,"{""completed_at"": ""2026-06-18T17:53:00Z""}",v2.3.0-fixed
evt_002029,u_0685,feature_used,2026-06-18T17:47:00Z,u_0685_s01,ins_u_0685_005,"{""feature"": ""insights""}",v2.3.0-fixed
evt_002030,u_0798,activation_completed,2026-06-18T17:48:00Z,u_0798_s01,ins_u_0798_006,{},v2.3.0-fixed
evt_002031,u_0391,onboarding_completed,2026-06-18T17:49:00Z,u_0391_s01,ins_u_0391_006,"{""completed_at"": ""2026-06-18T17:54:00Z""}",v2.3.0-fixed
evt_002032,u_0022,activation_completed,2026-06-18T17:52:00Z,u_0022_s01,ins_u_0022_007,{},v2.3.0-fixed
evt_002033,u_0132,signup_started,2026-06-18T17:52:00Z,u_0132_s01,ins_u_0132_001,{},v2.3.0-fixed
evt_002034,u_0132,signup_completed,2026-06-18T17:55:00Z,u_0132_s01,ins_u_0132_002,{},v2.3.0-fixed
evt_002035,u_0193,signup_started,2026-06-18T17:55:00Z,u_0193_s01,ins_u_0193_001,{},v2.3.0-fixed
evt_002036,u_0374,activation_completed,2026-06-18T17:55:00Z,u_0374_s01,ins_u_0374_007,{},v2.3.0-fixed
evt_002037,u_0193,signup_completed,2026-06-18T17:59:00Z,u_0193_s01,ins_u_0193_002,{},v2.3.0-fixed
evt_002038,u_0755,signup_started,2026-06-18T17:59:00Z,u_0755_s01,ins_u_0755_001,{},v2.3.0-fixed
evt_002039,u_0132,profile_saved,2026-06-18T18:00:00Z,u_0132_s01,ins_u_0132_003,{},v2.3.0-fixed
evt_002040,u_0193,profile_saved,2026-06-18T18:01:00Z,u_0193_s01,ins_u_0193_003,{},v2.3.0-fixed
evt_002041,u_0557,onboarding_completed,2026-06-18T18:01:00Z,u_0557_s01,ins_u_0557_005,"{""completed_at"": ""2026-06-18T17:57:00Z""}",v2.3.0-fixed
evt_002042,u_0350,onboarding_completed,2026-06-18T18:03:00Z,u_0350_s01,ins_u_0350_005,"{""completed_at"": ""2026-06-18T17:49:00Z""}",v2.3.0-fixed
evt_002043,u_0685,onboarding_completed,2026-06-18T18:03:00Z,u_0685_s01,ins_u_0685_006,"{""completed_at"": ""2026-06-18T18:04:00Z""}",v2.3.0-fixed
evt_002044,u_0065,signup_started,2026-06-18T18:04:00Z,u_0065_s01,ins_u_0065_001,{},v2.3.0-fixed
evt_002045,u_0193,onboarding_step_viewed,2026-06-18T18:04:00Z,u_0193_s01,ins_u_0193_004,{},v2.3.0-fixed
evt_002046,u_0032,activation_completed,2026-06-18T18:05:00Z,u_0032_s01,ins_u_0032_007,{},v2.3.0-fixed
evt_002047,u_0065,signup_completed,2026-06-18T18:05:00Z,u_0065_s01,ins_u_0065_002,{},v2.3.0-fixed
evt_002048,u_0132,onboarding_step_viewed,2026-06-18T18:05:00Z,u_0132_s01,ins_u_0132_004,{},v2.3.0-fixed
evt_002049,u_0755,signup_completed,2026-06-18T18:06:00Z,u_0755_s01,ins_u_0755_002,{},v2.3.0-fixed
evt_002050,u_0193,feature_used,2026-06-18T18:09:00Z,u_0193_s01,ins_u_0193_005,"{""feature"": ""insights""}",v2.3.0-fixed
evt_002051,u_0755,profile_saved,2026-06-18T18:09:00Z,u_0755_s01,ins_u_0755_003,{},v2.3.0-fixed
evt_002052,u_0065,profile_saved,2026-06-18T18:10:00Z,u_0065_s01,ins_u_0065_003,{},v2.3.0-fixed
evt_002053,u_0755,error_shown,2026-06-18T18:10:00Z,u_0755_s01,ins_u_0755_004,"{""code"": ""onboarding_timeout""}",v2.3.0-fixed
evt_002054,u_0557,activation_completed,2026-06-18T18:11:00Z,u_0557_s01,ins_u_0557_006,{},v2.3.0-fixed
evt_002055,u_0065,onboarding_step_viewed,2026-06-18T18:14:00Z,u_0065_s01,ins_u_0065_004,{},v2.3.0-fixed
evt_002056,u_0755,onboarding_step_viewed,2026-06-18T18:14:00Z,u_0755_s01,ins_u_0755_005,{},v2.3.0-fixed
evt_002057,u_0755,feature_used,2026-06-18T18:16:00Z,u_0755_s01,ins_u_0755_006,"{""feature"": ""insights""}",v2.3.0-fixed
evt_002058,u_0021,onboarding_completed,2026-06-18T18:17:00Z,u_0021_s01,ins_u_0021_005,"{""completed_at"": ""2026-06-18T18:10:00Z""}",v2.3.0-fixed
evt_002059,u_0357,signup_started,2026-06-18T18:18:00Z,u_0357_s01,ins_u_0357_001,{},v2.3.0-fixed
evt_002060,u_0357,signup_completed,2026-06-18T18:25:00Z,u_0357_s01,ins_u_0357_002,{},v2.3.0-fixed
evt_002061,u_0525,signup_started,2026-06-18T18:25:00Z,u_0525_s01,ins_u_0525_001,{},v2.3.0-fixed
evt_002062,u_0525,signup_completed,2026-06-18T18:29:00Z,u_0525_s01,ins_u_0525_002,{},v2.3.0-fixed
evt_002063,u_0065,feature_used,2026-06-18T18:31:00Z,u_0065_s01,ins_u_0065_005,"{""feature"": ""insights""}",v2.3.0-fixed
evt_002064,u_0021,activation_completed,2026-06-18T18:33:00Z,u_0021_s01,ins_u_0021_006,{},v2.3.0-fixed
evt_002065,u_0357,profile_saved,2026-06-18T18:33:00Z,u_0357_s01,ins_u_0357_003,{},v2.3.0-fixed
evt_002066,u_0525,profile_saved,2026-06-18T18:37:00Z,u_0525_s01,ins_u_0525_003,{},v2.3.0-fixed
evt_002067,u_0357,onboarding_step_viewed,2026-06-18T18:39:00Z,u_0357_s01,ins_u_0357_004,{},v2.3.0-fixed
evt_002068,u_0065,onboarding_completed,2026-06-18T18:41:00Z,u_0065_s01,ins_u_0065_006,"{""completed_at"": ""2026-06-18T18:50:00Z""}",v2.3.0-fixed
evt_002069,u_0525,onboarding_step_viewed,2026-06-18T18:42:00Z,u_0525_s01,ins_u_0525_004,{},v2.3.0-fixed
evt_002070,u_0755,onboarding_completed,2026-06-18T18:44:00Z,u_0755_s01,ins_u_0755_007,"{""completed_at"": ""2026-06-18T18:39:00Z""}",v2.3.0-fixed
evt_002071,u_0132,onboarding_completed,2026-06-18T18:45:00Z,u_0132_s01,ins_u_0132_005,"{""completed_at"": ""2026-06-18T18:36:00Z""}",v2.3.0-fixed
evt_002072,u_0193,onboarding_completed,2026-06-18T18:46:00Z,u_0193_s01,ins_u_0193_006,"{""completed_at"": ""2026-06-18T18:28:00Z""}",v2.3.0-fixed
evt_002073,u_0525,feature_used,2026-06-18T18:49:00Z,u_0525_s01,ins_u_0525_005,"{""feature"": ""insights""}",v2.3.0-fixed
evt_002074,u_0193,activation_completed,2026-06-18T18:52:00Z,u_0193_s01,ins_u_0193_007,{},v2.3.0-fixed
evt_002075,u_0783,signup_started,2026-06-18T18:52:00Z,u_0783_s01,ins_u_0783_001,{},v2.3.0-fixed
evt_002076,u_0783,signup_completed,2026-06-18T18:55:00Z,u_0783_s01,ins_u_0783_002,{},v2.3.0-fixed
evt_002077,u_0036,signup_started,2026-06-18T18:56:00Z,u_0036_s01,ins_u_0036_001,{},v2.3.0-fixed
evt_002078,u_0783,profile_saved,2026-06-18T18:59:00Z,u_0783_s01,ins_u_0783_003,{},v2.3.0-fixed
evt_002079,u_0464,signup_started,2026-06-18T19:03:00Z,u_0464_s01,ins_u_0464_001,{},v2.3.0-fixed
evt_002080,u_0036,signup_completed,2026-06-18T19:04:00Z,u_0036_s01,ins_u_0036_002,{},v2.3.0-fixed
evt_002081,u_0464,signup_completed,2026-06-18T19:04:00Z,u_0464_s01,ins_u_0464_002,{},v2.3.0-fixed
evt_002082,u_0783,onboarding_step_viewed,2026-06-18T19:04:00Z,u_0783_s01,ins_u_0783_004,{},v2.3.0-fixed
evt_002083,u_0397,signup_started,2026-06-18T19:05:00Z,u_0397_s01,ins_u_0397_001,{},v2.3.0-fixed
evt_002084,u_0525,onboarding_completed,2026-06-18T19:05:00Z,u_0525_s01,ins_u_0525_006,"{""completed_at"": ""2026-06-18T19:06:00Z""}",v2.3.0-fixed
evt_002085,u_0397,signup_completed,2026-06-18T19:06:00Z,u_0397_s01,ins_u_0397_002,{},v2.3.0-fixed
evt_002086,u_0149,signup_started,2026-06-18T19:10:00Z,u_0149_s01,ins_u_0149_001,{},v2.3.0-fixed
evt_002087,u_0383,signup_started,2026-06-18T19:10:00Z,u_0383_s01,ins_u_0383_001,{},v2.3.0-fixed
evt_002088,u_0464,session_abandoned,2026-06-18T19:11:00Z,u_0464_s01,ins_u_0464_003,{},v2.3.0-fixed
evt_002089,u_0036,profile_saved,2026-06-18T19:14:00Z,u_0036_s01,ins_u_0036_003,{},v2.3.0-fixed
evt_002090,u_0149,signup_completed,2026-06-18T19:14:00Z,u_0149_s01,ins_u_0149_002,{},v2.3.0-fixed
evt_002091,u_0397,session_abandoned,2026-06-18T19:15:00Z,u_0397_s01,ins_u_0397_003,{},v2.3.0-fixed
evt_002092,u_0036,onboarding_step_viewed,2026-06-18T19:17:00Z,u_0036_s01,ins_u_0036_004,{},v2.3.0-fixed
evt_002093,u_0383,session_abandoned,2026-06-18T19:17:00Z,u_0383_s01,ins_u_0383_002,{},v2.3.0-fixed
evt_002094,u_0149,session_abandoned,2026-06-18T19:23:00Z,u_0149_s01,ins_u_0149_003,{},v2.3.0-fixed
evt_002095,u_0036,feature_used,2026-06-18T19:28:00Z,u_0036_s01,ins_u_0036_005,"{""feature"": ""board""}",v2.3.0-fixed
evt_002096,u_0700,signup_started,2026-06-18T19:34:00Z,u_0700_s01,ins_u_0700_001,{},v2.3.0-fixed
evt_002097,u_0700,session_abandoned,2026-06-18T19:40:00Z,u_0700_s01,ins_u_0700_002,{},v2.3.0-fixed
evt_002098,u_0783,onboarding_completed,2026-06-18T19:44:00Z,u_0783_s01,ins_u_0783_005,"{""completed_at"": ""2026-06-18T19:27:00Z""}",v2.3.0-fixed
evt_002099,u_0357,activation_completed,2026-06-18T19:45:00Z,u_0357_s01,ins_u_0357_005,{},v2.3.0-fixed
evt_002100,u_0036,onboarding_completed,2026-06-18T19:50:00Z,u_0036_s01,ins_u_0036_006,"{""completed_at"": ""2026-06-18T19:52:00Z""}",v2.3.0-fixed
evt_002101,u_0537,signup_started,2026-06-18T20:06:00Z,u_0537_s01,ins_u_0537_001,{},v2.3.0-fixed
evt_002102,u_0537,signup_completed,2026-06-18T20:13:00Z,u_0537_s01,ins_u_0537_002,{},v2.3.0-fixed
evt_002103,u_0036,activation_completed,2026-06-18T20:14:00Z,u_0036_s01,ins_u_0036_007,{},v2.3.0-fixed
evt_002104,u_0099,signup_started,2026-06-18T20:22:00Z,u_0099_s01,ins_u_0099_001,{},v2.3.0-fixed
evt_002105,u_0537,profile_saved,2026-06-18T20:22:00Z,u_0537_s01,ins_u_0537_003,{},v2.3.0-fixed
evt_002106,u_0099,signup_completed,2026-06-18T20:27:00Z,u_0099_s01,ins_u_0099_002,{},v2.3.0-fixed
evt_002107,u_0537,onboarding_step_viewed,2026-06-18T20:27:00Z,u_0537_s01,ins_u_0537_004,{},v2.3.0-fixed
evt_002108,u_0099,profile_saved,2026-06-18T20:36:00Z,u_0099_s01,ins_u_0099_003,{},v2.3.0-fixed
evt_002109,u_0099,onboarding_step_viewed,2026-06-18T20:38:00Z,u_0099_s01,ins_u_0099_004,{},v2.3.0-fixed
evt_002110,u_0099,feature_used,2026-06-18T20:49:00Z,u_0099_s01,ins_u_0099_005,"{""feature"": ""insights""}",v2.3.0-fixed
evt_002111,u_0537,onboarding_completed,2026-06-18T20:53:00Z,u_0537_s01,ins_u_0537_005,"{""completed_at"": ""2026-06-18T20:58:00Z""}",v2.3.0-fixed
evt_002112,u_0096,signup_started,2026-06-18T20:58:00Z,u_0096_s01,ins_u_0096_001,{},v2.3.0-fixed
evt_002113,u_0096,signup_completed,2026-06-18T21:01:00Z,u_0096_s01,ins_u_0096_002,{},v2.3.0-fixed
evt_002114,u_0096,profile_saved,2026-06-18T21:06:00Z,u_0096_s01,ins_u_0096_003,{},v2.3.0-fixed
evt_002115,u_0096,onboarding_step_viewed,2026-06-18T21:08:00Z,u_0096_s01,ins_u_0096_004,{},v2.3.0-fixed
evt_002116,u_0099,onboarding_completed,2026-06-18T21:16:00Z,u_0099_s01,ins_u_0099_006,"{""completed_at"": ""2026-06-18T21:02:00Z""}",v2.3.0-fixed
evt_002117,u_0099,activation_completed,2026-06-18T21:23:00Z,u_0099_s01,ins_u_0099_007,{},v2.3.0-fixed
evt_002118,u_0096,onboarding_completed,2026-06-18T21:47:00Z,u_0096_s01,ins_u_0096_005,"{""completed_at"": ""2026-06-18T21:42:00Z""}",v2.3.0-fixed
evt_002119,u_0310,return_visit,2026-06-19T02:37:00Z,u_0310_s02,ins_u_0310_008,{},v2.3.0-fixed
evt_002120,u_0310,feature_used,2026-06-19T02:42:00Z,u_0310_s02,ins_u_0310_009,"{""feature"": ""insights""}",v2.3.0-fixed
evt_002121,u_0416,return_visit,2026-06-19T04:14:00Z,u_0416_s02,ins_u_0416_006,{},v2.3.0-fixed
evt_002122,u_0008,return_visit,2026-06-19T05:31:00Z,u_0008_s02,ins_u_0008_008,{},v2.3.0-fixed
evt_002123,u_0008,feature_used,2026-06-19T05:36:00Z,u_0008_s02,ins_u_0008_009,"{""feature"": ""insights""}",v2.3.0-fixed
evt_002124,u_0414,return_visit,2026-06-19T06:42:00Z,u_0414_s02,ins_u_0414_008,{},v2.3.0-fixed
evt_002125,u_0415,return_visit,2026-06-19T07:44:00Z,u_0415_s02,ins_u_0415_007,{},v2.3.0-fixed
evt_002126,u_0415,feature_used,2026-06-19T07:49:00Z,u_0415_s02,ins_u_0415_008,"{""feature"": ""insights""}",v2.3.0-fixed
evt_002127,u_0787,signup_started,2026-06-19T08:04:00Z,u_0787_s01,ins_u_0787_001,{},v2.3.0-fixed
evt_002128,u_0711,return_visit,2026-06-19T08:05:00Z,u_0711_s02,ins_u_0711_007,{},v2.3.0-fixed
evt_002129,u_0133,return_visit,2026-06-19T08:07:00Z,u_0133_s02,ins_u_0133_007,{},v2.3.0-fixed
evt_002130,u_0711,feature_used,2026-06-19T08:10:00Z,u_0711_s02,ins_u_0711_008,"{""feature"": ""insights""}",v2.3.0-fixed
evt_002131,u_0787,signup_completed,2026-06-19T08:10:00Z,u_0787_s01,ins_u_0787_002,{},v2.3.0-fixed
evt_002132,u_0133,feature_used,2026-06-19T08:12:00Z,u_0133_s02,ins_u_0133_008,"{""feature"": ""insights""}",v2.3.0-fixed
evt_002133,u_0011,signup_started,2026-06-19T08:13:00Z,u_0011_s01,ins_u_0011_001,{},v2.3.0-fixed
evt_002134,u_0787,profile_saved,2026-06-19T08:16:00Z,u_0787_s01,ins_u_0787_003,{},v2.3.0-fixed
evt_002135,u_0011,signup_completed,2026-06-19T08:21:00Z,u_0011_s01,ins_u_0011_002,{},v2.3.0-fixed
evt_002136,u_0070,signup_started,2026-06-19T08:22:00Z,u_0070_s01,ins_u_0070_001,{},v2.3.0-fixed
evt_002137,u_0787,onboarding_step_viewed,2026-06-19T08:22:00Z,u_0787_s01,ins_u_0787_004,{},v2.3.0-fixed
evt_002138,u_0550,signup_started,2026-06-19T08:23:00Z,u_0550_s01,ins_u_0550_001,{},v2.3.0-fixed
evt_002139,u_0011,session_abandoned,2026-06-19T08:28:00Z,u_0011_s01,ins_u_0011_003,{},v2.3.0-fixed
evt_002140,u_0070,session_abandoned,2026-06-19T08:29:00Z,u_0070_s01,ins_u_0070_002,{},v2.3.0-fixed
evt_002141,u_0550,signup_completed,2026-06-19T08:31:00Z,u_0550_s01,ins_u_0550_002,{},v2.3.0-fixed
evt_002142,u_0082,signup_started,2026-06-19T08:32:00Z,u_0082_s01,ins_u_0082_001,{},v2.3.0-fixed
evt_002143,u_0082,signup_completed,2026-06-19T08:33:00Z,u_0082_s01,ins_u_0082_002,{},v2.3.0-fixed
evt_002144,u_0550,profile_saved,2026-06-19T08:33:00Z,u_0550_s01,ins_u_0550_003,{},v2.3.0-fixed
evt_002145,u_0082,profile_saved,2026-06-19T08:35:00Z,u_0082_s01,ins_u_0082_003,{},v2.3.0-fixed
evt_002146,u_0550,onboarding_step_viewed,2026-06-19T08:35:00Z,u_0550_s01,ins_u_0550_004,{},v2.3.0-fixed
evt_002147,u_0082,onboarding_step_viewed,2026-06-19T08:40:00Z,u_0082_s01,ins_u_0082_004,{},v2.3.0-fixed
evt_002148,u_0787,onboarding_completed,2026-06-19T08:48:00Z,u_0787_s01,ins_u_0787_005,"{""completed_at"": ""2026-06-19T08:42:00Z""}",v2.3.0-fixed
evt_002149,u_0082,feature_used,2026-06-19T08:53:00Z,u_0082_s01,ins_u_0082_005,"{""feature"": ""board""}",v2.3.0-fixed
evt_002150,u_0550,feature_used,2026-06-19T08:56:00Z,u_0550_s01,ins_u_0550_005,"{""feature"": ""board""}",v2.3.0-fixed
evt_002151,u_0150,signup_started,2026-06-19T08:57:00Z,u_0150_s01,ins_u_0150_001,{},v2.3.0-fixed
evt_002152,u_0582,signup_started,2026-06-19T09:04:00Z,u_0582_s01,ins_u_0582_001,{},v2.3.0-fixed
evt_002153,u_0082,onboarding_completed,2026-06-19T09:05:00Z,u_0082_s01,ins_u_0082_006,"{""completed_at"": ""2026-06-19T09:02:00Z""}",v2.3.0-fixed
evt_002154,u_0150,signup_completed,2026-06-19T09:05:00Z,u_0150_s01,ins_u_0150_002,{},v2.3.0-fixed
evt_002155,u_0582,signup_completed,2026-06-19T09:08:00Z,u_0582_s01,ins_u_0582_002,{},v2.3.0-fixed
evt_002156,u_0150,profile_saved,2026-06-19T09:12:00Z,u_0150_s01,ins_u_0150_003,{},v2.3.0-fixed
evt_002157,u_0150,onboarding_step_viewed,2026-06-19T09:14:00Z,u_0150_s01,ins_u_0150_004,{},v2.3.0-fixed
evt_002158,u_0582,profile_saved,2026-06-19T09:18:00Z,u_0582_s01,ins_u_0582_003,{},v2.3.0-fixed
evt_002159,u_0017,signup_started,2026-06-19T09:22:00Z,u_0017_s01,ins_u_0017_001,{},v2.3.0-fixed
evt_002160,u_0582,onboarding_step_viewed,2026-06-19T09:23:00Z,u_0582_s01,ins_u_0582_004,{},v2.3.0-fixed
evt_002161,u_0468,signup_started,2026-06-19T09:25:00Z,u_0468_s01,ins_u_0468_001,{},v2.3.0-fixed
evt_002162,u_0017,session_abandoned,2026-06-19T09:26:00Z,u_0017_s01,ins_u_0017_002,{},v2.3.0-fixed
evt_002163,u_0468,session_abandoned,2026-06-19T09:32:00Z,u_0468_s01,ins_u_0468_002,{},v2.3.0-fixed
evt_002164,u_0582,feature_used,2026-06-19T09:35:00Z,u_0582_s01,ins_u_0582_005,"{""feature"": ""board""}",v2.3.0-fixed
evt_002165,u_0642,signup_started,2026-06-19T09:35:00Z,u_0642_s01,ins_u_0642_001,{},v2.3.0-fixed
evt_002166,u_0088,signup_started,2026-06-19T09:43:00Z,u_0088_s01,ins_u_0088_001,{},v2.3.0-fixed
evt_002167,u_0642,signup_completed,2026-06-19T09:43:00Z,u_0642_s01,ins_u_0642_002,{},v2.3.0-fixed
evt_002168,u_0088,signup_completed,2026-06-19T09:44:00Z,u_0088_s01,ins_u_0088_002,{},v2.3.0-fixed
evt_002169,u_0088,profile_saved,2026-06-19T09:49:00Z,u_0088_s01,ins_u_0088_003,{},v2.3.0-fixed
evt_002170,u_0642,session_abandoned,2026-06-19T09:49:00Z,u_0642_s01,ins_u_0642_003,{},v2.3.0-fixed
evt_002171,u_0088,onboarding_step_viewed,2026-06-19T09:53:00Z,u_0088_s01,ins_u_0088_004,{},v2.3.0-fixed
evt_002172,u_0150,onboarding_completed,2026-06-19T09:53:00Z,u_0150_s01,ins_u_0150_005,"{""completed_at"": ""2026-06-19T09:45:00Z""}",v2.3.0-fixed
evt_002173,u_0582,onboarding_completed,2026-06-19T10:01:00Z,u_0582_s01,ins_u_0582_006,"{""completed_at"": ""2026-06-19T09:56:00Z""}",v2.3.0-fixed
evt_002174,u_0241,signup_started,2026-06-19T10:10:00Z,u_0241_s01,ins_u_0241_001,{},v2.3.0-fixed
evt_002175,u_0241,session_abandoned,2026-06-19T10:11:00Z,u_0241_s01,ins_u_0241_002,{},v2.3.0-fixed
evt_002176,u_0076,signup_started,2026-06-19T10:13:00Z,u_0076_s01,ins_u_0076_001,{},v2.3.0-fixed
evt_002177,u_0076,session_abandoned,2026-06-19T10:14:00Z,u_0076_s01,ins_u_0076_002,{},v2.3.0-fixed
evt_002178,u_0511,signup_started,2026-06-19T10:18:00Z,u_0511_s01,ins_u_0511_001,{},v2.3.0-fixed
evt_002179,u_0511,signup_completed,2026-06-19T10:19:00Z,u_0511_s01,ins_u_0511_002,{},v2.3.0-fixed
evt_002180,u_0511,profile_saved,2026-06-19T10:21:00Z,u_0511_s01,ins_u_0511_003,{},v2.3.0-fixed
evt_002181,u_0511,onboarding_step_viewed,2026-06-19T10:25:00Z,u_0511_s01,ins_u_0511_004,{},v2.3.0-fixed
evt_002182,u_0088,onboarding_completed,2026-06-19T10:26:00Z,u_0088_s01,ins_u_0088_005,"{""completed_at"": ""2026-06-19T10:20:00Z""}",v2.3.0-fixed
evt_002183,u_0775,signup_started,2026-06-19T10:29:00Z,u_0775_s01,ins_u_0775_001,{},v2.3.0-fixed
evt_002184,u_0775,signup_completed,2026-06-19T10:30:00Z,u_0775_s01,ins_u_0775_002,{},v2.3.0-fixed
evt_002185,u_0775,profile_saved,2026-06-19T10:34:00Z,u_0775_s01,ins_u_0775_003,{},v2.3.0-fixed
evt_002186,u_0516,return_visit,2026-06-19T10:37:00Z,u_0516_s02,ins_u_0516_008,{},v2.3.0-fixed
evt_002187,u_0775,onboarding_step_viewed,2026-06-19T10:38:00Z,u_0775_s01,ins_u_0775_004,{},v2.3.0-fixed
evt_002188,u_0516,feature_used,2026-06-19T10:42:00Z,u_0516_s02,ins_u_0516_009,"{""feature"": ""insights""}",v2.3.0-fixed
evt_002189,u_0511,feature_used,2026-06-19T10:46:00Z,u_0511_s01,ins_u_0511_005,"{""feature"": ""insights""}",v2.3.0-fixed
evt_002190,u_0607,signup_started,2026-06-19T10:57:00Z,u_0607_s01,ins_u_0607_001,{},v2.3.0-fixed
evt_002191,u_0775,feature_used,2026-06-19T10:57:00Z,u_0775_s01,ins_u_0775_005,"{""feature"": ""insights""}",v2.3.0-fixed
evt_002192,u_0511,onboarding_completed,2026-06-19T10:58:00Z,u_0511_s01,ins_u_0511_006,"{""completed_at"": ""2026-06-19T11:01:00Z""}",v2.3.0-fixed
evt_002193,u_0088,activation_completed,2026-06-19T10:59:00Z,u_0088_s01,ins_u_0088_006,{},v2.3.0-fixed
evt_002194,u_0607,signup_completed,2026-06-19T11:00:00Z,u_0607_s01,ins_u_0607_002,{},v2.3.0-fixed
evt_002195,u_0124,signup_started,2026-06-19T11:02:00Z,u_0124_s01,ins_u_0124_001,{},v2.3.0-fixed
evt_002196,u_0607,profile_saved,2026-06-19T11:05:00Z,u_0607_s01,ins_u_0607_003,{},v2.3.0-fixed
evt_002197,u_0124,signup_completed,2026-06-19T11:06:00Z,u_0124_s01,ins_u_0124_002,{},v2.3.0-fixed
evt_002198,u_0775,onboarding_completed,2026-06-19T11:07:00Z,u_0775_s01,ins_u_0775_006,"{""completed_at"": ""2026-06-19T11:08:00Z""}",v2.3.0-fixed
evt_002199,u_0042,signup_started,2026-06-19T11:08:00Z,u_0042_s01,ins_u_0042_001,{},v2.3.0-fixed
evt_002200,u_0042,signup_completed,2026-06-19T11:11:00Z,u_0042_s01,ins_u_0042_002,{},v2.3.0-fixed
evt_002201,u_0124,session_abandoned,2026-06-19T11:11:00Z,u_0124_s01,ins_u_0124_003,{},v2.3.0-fixed
evt_002202,u_0353,signup_started,2026-06-19T11:12:00Z,u_0353_s01,ins_u_0353_001,{},v2.3.0-fixed
evt_002203,u_0332,signup_started,2026-06-19T11:16:00Z,u_0332_s01,ins_u_0332_001,{},v2.3.0-fixed
evt_002204,u_0353,signup_completed,2026-06-19T11:17:00Z,u_0353_s01,ins_u_0353_002,{},v2.3.0-fixed
evt_002205,u_0042,profile_saved,2026-06-19T11:19:00Z,u_0042_s01,ins_u_0042_003,{},v2.3.0-fixed
evt_002206,u_0042,onboarding_step_viewed,2026-06-19T11:21:00Z,u_0042_s01,ins_u_0042_004,{},v2.3.0-fixed
evt_002207,u_0332,signup_completed,2026-06-19T11:24:00Z,u_0332_s01,ins_u_0332_002,{},v2.3.0-fixed
evt_002208,u_0353,profile_saved,2026-06-19T11:24:00Z,u_0353_s01,ins_u_0353_003,{},v2.3.0-fixed
evt_002209,u_0689,return_visit,2026-06-19T11:24:00Z,u_0689_s02,ins_u_0689_006,{},v2.3.0-fixed
evt_002210,u_0353,error_shown,2026-06-19T11:25:00Z,u_0353_s01,ins_u_0353_004,"{""code"": ""onboarding_timeout""}",v2.3.0-fixed
evt_002211,u_0689,feature_used,2026-06-19T11:29:00Z,u_0689_s02,ins_u_0689_007,"{""feature"": ""insights""}",v2.3.0-fixed
evt_002212,u_0353,onboarding_step_viewed,2026-06-19T11:30:00Z,u_0353_s01,ins_u_0353_005,{},v2.3.0-fixed
evt_002213,u_0511,activation_completed,2026-06-19T11:30:00Z,u_0511_s01,ins_u_0511_007,{},v2.3.0-fixed
evt_002214,u_0636,signup_started,2026-06-19T11:30:00Z,u_0636_s01,ins_u_0636_001,{},v2.3.0-fixed
evt_002215,u_0607,onboarding_completed,2026-06-19T11:32:00Z,u_0607_s01,ins_u_0607_004,"{""completed_at"": ""2026-06-19T11:44:00Z""}",v2.3.0-fixed
evt_002216,u_0636,signup_completed,2026-06-19T11:32:00Z,u_0636_s01,ins_u_0636_002,{},v2.3.0-fixed
evt_002217,u_0332,session_abandoned,2026-06-19T11:33:00Z,u_0332_s01,ins_u_0332_003,{},v2.3.0-fixed
evt_002218,u_0353,feature_used,2026-06-19T11:35:00Z,u_0353_s01,ins_u_0353_006,"{""feature"": ""insights""}",v2.3.0-fixed
evt_002219,u_0225,signup_started,2026-06-19T11:37:00Z,u_0225_s01,ins_u_0225_001,{},v2.3.0-fixed
evt_002220,u_0161,signup_started,2026-06-19T11:41:00Z,u_0161_s01,ins_u_0161_001,{},v2.3.0-fixed
evt_002221,u_0161,signup_completed,2026-06-19T11:42:00Z,u_0161_s01,ins_u_0161_002,{},v2.3.0-fixed
evt_002222,u_0636,profile_saved,2026-06-19T11:42:00Z,u_0636_s01,ins_u_0636_003,{},v2.3.0-fixed
evt_002223,u_0225,signup_completed,2026-06-19T11:43:00Z,u_0225_s01,ins_u_0225_002,{},v2.3.0-fixed
evt_002224,u_0636,onboarding_step_viewed,2026-06-19T11:46:00Z,u_0636_s01,ins_u_0636_004,{},v2.3.0-fixed
evt_002225,u_0164,signup_started,2026-06-19T11:49:00Z,u_0164_s01,ins_u_0164_001,{},v2.3.0-fixed
evt_002226,u_0225,session_abandoned,2026-06-19T11:49:00Z,u_0225_s01,ins_u_0225_003,{},v2.3.0-fixed
evt_002227,u_0161,profile_saved,2026-06-19T11:51:00Z,u_0161_s01,ins_u_0161_003,{},v2.3.0-fixed
evt_002228,u_0164,signup_completed,2026-06-19T11:53:00Z,u_0164_s01,ins_u_0164_002,{},v2.3.0-fixed
evt_002229,u_0319,signup_started,2026-06-19T11:54:00Z,u_0319_s01,ins_u_0319_001,{},v2.3.0-fixed
evt_002230,u_0161,onboarding_step_viewed,2026-06-19T11:55:00Z,u_0161_s01,ins_u_0161_004,{},v2.3.0-fixed
evt_002231,u_0164,session_abandoned,2026-06-19T11:57:00Z,u_0164_s01,ins_u_0164_003,{},v2.3.0-fixed
evt_002232,u_0042,onboarding_completed,2026-06-19T11:58:00Z,u_0042_s01,ins_u_0042_005,"{""completed_at"": ""2026-06-19T11:45:00Z""}",v2.3.0-fixed
evt_002233,u_0319,signup_completed,2026-06-19T11:59:00Z,u_0319_s01,ins_u_0319_002,{},v2.3.0-fixed
evt_002234,u_0607,activation_completed,2026-06-19T12:02:00Z,u_0607_s01,ins_u_0607_005,{},v2.3.0-fixed
evt_002235,u_0319,profile_saved,2026-06-19T12:03:00Z,u_0319_s01,ins_u_0319_003,{},v2.3.0-fixed
evt_002236,u_0658,signup_started,2026-06-19T12:05:00Z,u_0658_s01,ins_u_0658_001,{},v2.3.0-fixed
evt_002237,u_0108,signup_started,2026-06-19T12:07:00Z,u_0108_s01,ins_u_0108_001,{},v2.3.0-fixed
evt_002238,u_0319,onboarding_step_viewed,2026-06-19T12:07:00Z,u_0319_s01,ins_u_0319_004,{},v2.3.0-fixed
evt_002239,u_0108,session_abandoned,2026-06-19T12:11:00Z,u_0108_s01,ins_u_0108_002,{},v2.3.0-fixed
evt_002240,u_0319,feature_used,2026-06-19T12:11:00Z,u_0319_s01,ins_u_0319_005,"{""feature"": ""insights""}",v2.3.0-fixed
evt_002241,u_0658,signup_completed,2026-06-19T12:13:00Z,u_0658_s01,ins_u_0658_002,{},v2.3.0-fixed
evt_002242,u_0658,profile_saved,2026-06-19T12:15:00Z,u_0658_s01,ins_u_0658_003,{},v2.3.0-fixed
evt_002243,u_0636,onboarding_completed,2026-06-19T12:19:00Z,u_0636_s01,ins_u_0636_005,"{""completed_at"": ""2026-06-19T12:16:00Z""}",v2.3.0-fixed
evt_002244,u_0658,onboarding_step_viewed,2026-06-19T12:19:00Z,u_0658_s01,ins_u_0658_004,{},v2.3.0-fixed
evt_002245,u_0006,signup_started,2026-06-19T12:20:00Z,u_0006_s01,ins_u_0006_001,{},v2.3.0-fixed
evt_002246,u_0240,signup_started,2026-06-19T12:20:00Z,u_0240_s01,ins_u_0240_001,{},v2.3.0-fixed
evt_002247,u_0472,signup_started,2026-06-19T12:22:00Z,u_0472_s01,ins_u_0472_001,{},v2.3.0-fixed
evt_002248,u_0006,signup_completed,2026-06-19T12:23:00Z,u_0006_s01,ins_u_0006_002,{},v2.3.0-fixed
evt_002249,u_0240,signup_completed,2026-06-19T12:25:00Z,u_0240_s01,ins_u_0240_002,{},v2.3.0-fixed
evt_002250,u_0240,profile_saved,2026-06-19T12:29:00Z,u_0240_s01,ins_u_0240_003,{},v2.3.0-fixed
evt_002251,u_0472,signup_completed,2026-06-19T12:30:00Z,u_0472_s01,ins_u_0472_002,{},v2.3.0-fixed
evt_002252,u_0006,profile_saved,2026-06-19T12:32:00Z,u_0006_s01,ins_u_0006_003,{},v2.3.0-fixed
evt_002253,u_0161,onboarding_completed,2026-06-19T12:33:00Z,u_0161_s01,ins_u_0161_005,"{""completed_at"": ""2026-06-19T12:30:00Z""}",v2.3.0-fixed
evt_002254,u_0006,onboarding_step_viewed,2026-06-19T12:34:00Z,u_0006_s01,ins_u_0006_004,{},v2.3.0-fixed
evt_002255,u_0472,profile_saved,2026-06-19T12:38:00Z,u_0472_s01,ins_u_0472_003,{},v2.3.0-fixed
evt_002256,u_0658,feature_used,2026-06-19T12:39:00Z,u_0658_s01,ins_u_0658_005,"{""feature"": ""board""}",v2.3.0-fixed
evt_002257,u_0319,onboarding_completed,2026-06-19T12:43:00Z,u_0319_s01,ins_u_0319_006,"{""completed_at"": ""2026-06-19T12:31:00Z""}",v2.3.0-fixed
evt_002258,u_0472,onboarding_step_viewed,2026-06-19T12:43:00Z,u_0472_s01,ins_u_0472_004,{},v2.3.0-fixed
evt_002259,u_0144,signup_started,2026-06-19T12:50:00Z,u_0144_s01,ins_u_0144_001,{},v2.3.0-fixed
evt_002260,u_0144,signup_completed,2026-06-19T12:51:00Z,u_0144_s01,ins_u_0144_002,{},v2.3.0-fixed
evt_002261,u_0240,feature_used,2026-06-19T12:54:00Z,u_0240_s01,ins_u_0240_004,"{""feature"": ""board""}",v2.3.0-fixed
evt_002262,u_0144,profile_saved,2026-06-19T12:56:00Z,u_0144_s01,ins_u_0144_003,{},v2.3.0-fixed
evt_002263,u_0319,activation_completed,2026-06-19T12:57:00Z,u_0319_s01,ins_u_0319_007,{},v2.3.0-fixed
evt_002264,u_0006,onboarding_completed,2026-06-19T13:06:00Z,u_0006_s01,ins_u_0006_005,"{""completed_at"": ""2026-06-19T13:03:00Z""}",v2.3.0-fixed
evt_002265,u_0161,activation_completed,2026-06-19T13:08:00Z,u_0161_s01,ins_u_0161_006,{},v2.3.0-fixed
evt_002266,u_0780,signup_started,2026-06-19T13:08:00Z,u_0780_s01,ins_u_0780_001,{},v2.3.0-fixed
evt_002267,u_0240,onboarding_completed,2026-06-19T13:13:00Z,u_0240_s01,ins_u_0240_005,"{""completed_at"": ""2026-06-19T13:03:00Z""}",v2.3.0-fixed
evt_002268,u_0472,onboarding_completed,2026-06-19T13:13:00Z,u_0472_s01,ins_u_0472_005,"{""completed_at"": ""2026-06-19T13:18:00Z""}",v2.3.0-fixed
evt_002269,u_0780,signup_completed,2026-06-19T13:13:00Z,u_0780_s01,ins_u_0780_002,{},v2.3.0-fixed
evt_002270,u_0144,feature_used,2026-06-19T13:14:00Z,u_0144_s01,ins_u_0144_004,"{""feature"": ""board""}",v2.3.0-fixed
evt_002271,u_0668,signup_started,2026-06-19T13:16:00Z,u_0668_s01,ins_u_0668_001,{},v2.3.0-fixed
evt_002272,u_0780,profile_saved,2026-06-19T13:16:00Z,u_0780_s01,ins_u_0780_003,{},v2.3.0-fixed
evt_002273,u_0668,signup_completed,2026-06-19T13:17:00Z,u_0668_s01,ins_u_0668_002,{},v2.3.0-fixed
evt_002274,u_0666,signup_started,2026-06-19T13:18:00Z,u_0666_s01,ins_u_0666_001,{},v2.3.0-fixed
evt_002275,u_0112,signup_started,2026-06-19T13:19:00Z,u_0112_s01,ins_u_0112_001,{},v2.3.0-fixed
evt_002276,u_0006,activation_completed,2026-06-19T13:21:00Z,u_0006_s01,ins_u_0006_006,{},v2.3.0-fixed
evt_002277,u_0780,onboarding_step_viewed,2026-06-19T13:21:00Z,u_0780_s01,ins_u_0780_004,{},v2.3.0-fixed
evt_002278,u_0497,signup_started,2026-06-19T13:22:00Z,u_0497_s01,ins_u_0497_001,{},v2.3.0-fixed
evt_002279,u_0666,signup_completed,2026-06-19T13:22:00Z,u_0666_s01,ins_u_0666_002,{},v2.3.0-fixed
evt_002280,u_0676,signup_started,2026-06-19T13:24:00Z,u_0676_s01,ins_u_0676_001,{},v2.3.0-fixed
evt_002281,u_0112,signup_completed,2026-06-19T13:25:00Z,u_0112_s01,ins_u_0112_002,{},v2.3.0-fixed
evt_002282,u_0497,signup_completed,2026-06-19T13:26:00Z,u_0497_s01,ins_u_0497_002,{},v2.3.0-fixed
evt_002283,u_0668,session_abandoned,2026-06-19T13:26:00Z,u_0668_s01,ins_u_0668_003,{},v2.3.0-fixed
evt_002284,u_0144,onboarding_completed,2026-06-19T13:28:00Z,u_0144_s01,ins_u_0144_005,"{""completed_at"": ""2026-06-19T13:22:00Z""}",v2.3.0-fixed
evt_002285,u_0112,profile_saved,2026-06-19T13:29:00Z,u_0112_s01,ins_u_0112_003,{},v2.3.0-fixed
evt_002286,u_0112,error_shown,2026-06-19T13:30:00Z,u_0112_s01,ins_u_0112_004,"{""code"": ""onboarding_timeout""}",v2.3.0-fixed
evt_002287,u_0676,signup_completed,2026-06-19T13:30:00Z,u_0676_s01,ins_u_0676_002,{},v2.3.0-fixed
evt_002288,u_0666,profile_saved,2026-06-19T13:32:00Z,u_0666_s01,ins_u_0666_003,{},v2.3.0-fixed
evt_002289,u_0497,profile_saved,2026-06-19T13:33:00Z,u_0497_s01,ins_u_0497_003,{},v2.3.0-fixed
evt_002290,u_0112,onboarding_step_viewed,2026-06-19T13:34:00Z,u_0112_s01,ins_u_0112_005,{},v2.3.0-fixed
evt_002291,u_0497,onboarding_step_viewed,2026-06-19T13:35:00Z,u_0497_s01,ins_u_0497_004,{},v2.3.0-fixed
evt_002292,u_0180,signup_started,2026-06-19T13:36:00Z,u_0180_s01,ins_u_0180_001,{},v2.3.0-fixed
evt_002293,u_0666,onboarding_step_viewed,2026-06-19T13:36:00Z,u_0666_s01,ins_u_0666_004,{},v2.3.0-fixed
evt_002294,u_0676,session_abandoned,2026-06-19T13:36:00Z,u_0676_s01,ins_u_0676_003,{},v2.3.0-fixed
evt_002295,u_0112,feature_used,2026-06-19T13:37:00Z,u_0112_s01,ins_u_0112_006,"{""feature"": ""board""}",v2.3.0-fixed
evt_002296,u_0180,signup_completed,2026-06-19T13:37:00Z,u_0180_s01,ins_u_0180_002,{},v2.3.0-fixed
evt_002297,u_0180,profile_saved,2026-06-19T13:39:00Z,u_0180_s01,ins_u_0180_003,{},v2.3.0-fixed
evt_002298,u_0606,return_visit,2026-06-19T13:39:00Z,u_0606_s02,ins_u_0606_008,{},v2.3.0-fixed
evt_002299,u_0180,onboarding_step_viewed,2026-06-19T13:41:00Z,u_0180_s01,ins_u_0180_004,{},v2.3.0-fixed
evt_002300,u_0337,signup_started,2026-06-19T13:41:00Z,u_0337_s01,ins_u_0337_001,{},v2.3.0-fixed
evt_002301,u_0114,signup_started,2026-06-19T13:43:00Z,u_0114_s01,ins_u_0114_001,{},v2.3.0-fixed
evt_002302,u_0757,signup_started,2026-06-19T13:44:00Z,u_0757_s01,ins_u_0757_001,{},v2.3.0-fixed
evt_002303,u_0638,signup_started,2026-06-19T13:46:00Z,u_0638_s01,ins_u_0638_001,{},v2.3.0-fixed
evt_002304,u_0780,onboarding_completed,2026-06-19T13:46:00Z,u_0780_s01,ins_u_0780_005,"{""completed_at"": ""2026-06-19T13:53:00Z""}",v2.3.0-fixed
evt_002305,u_0114,signup_completed,2026-06-19T13:49:00Z,u_0114_s01,ins_u_0114_002,{},v2.3.0-fixed
evt_002306,u_0337,signup_completed,2026-06-19T13:49:00Z,u_0337_s01,ins_u_0337_002,{},v2.3.0-fixed
evt_002307,u_0638,signup_completed,2026-06-19T13:51:00Z,u_0638_s01,ins_u_0638_002,{},v2.3.0-fixed
evt_002308,u_0114,profile_saved,2026-06-19T13:52:00Z,u_0114_s01,ins_u_0114_003,{},v2.3.0-fixed
evt_002309,u_0757,signup_completed,2026-06-19T13:52:00Z,u_0757_s01,ins_u_0757_002,{},v2.3.0-fixed
evt_002310,u_0479,signup_started,2026-06-19T13:53:00Z,u_0479_s01,ins_u_0479_001,{},v2.3.0-fixed
evt_002311,u_0479,signup_completed,2026-06-19T13:54:00Z,u_0479_s01,ins_u_0479_002,{},v2.3.0-fixed
evt_002312,u_0497,feature_used,2026-06-19T13:54:00Z,u_0497_s01,ins_u_0497_005,"{""feature"": ""insights""}",v2.3.0-fixed
evt_002313,u_0638,profile_saved,2026-06-19T13:54:00Z,u_0638_s01,ins_u_0638_003,{},v2.3.0-fixed
evt_002314,u_0337,profile_saved,2026-06-19T13:56:00Z,u_0337_s01,ins_u_0337_003,{},v2.3.0-fixed
evt_002315,u_0757,session_abandoned,2026-06-19T13:56:00Z,u_0757_s01,ins_u_0757_003,{},v2.3.0-fixed
evt_002316,u_0180,feature_used,2026-06-19T13:57:00Z,u_0180_s01,ins_u_0180_005,"{""feature"": ""board""}",v2.3.0-fixed
evt_002317,u_0114,onboarding_step_viewed,2026-06-19T13:58:00Z,u_0114_s01,ins_u_0114_004,{},v2.3.0-fixed
evt_002318,u_0337,onboarding_step_viewed,2026-06-19T13:58:00Z,u_0337_s01,ins_u_0337_004,{},v2.3.0-fixed
evt_002319,u_0472,activation_completed,2026-06-19T13:58:00Z,u_0472_s01,ins_u_0472_006,{},v2.3.0-fixed
evt_002320,u_0638,onboarding_step_viewed,2026-06-19T14:00:00Z,u_0638_s01,ins_u_0638_004,{},v2.3.0-fixed
evt_002321,u_0479,profile_saved,2026-06-19T14:02:00Z,u_0479_s01,ins_u_0479_003,{},v2.3.0-fixed
evt_002322,u_0638,feature_used,2026-06-19T14:05:00Z,u_0638_s01,ins_u_0638_005,"{""feature"": ""board""}",v2.3.0-fixed
evt_002323,u_0479,onboarding_step_viewed,2026-06-19T14:07:00Z,u_0479_s01,ins_u_0479_004,{},v2.3.0-fixed
evt_002324,u_0112,onboarding_completed,2026-06-19T14:08:00Z,u_0112_s01,ins_u_0112_007,"{""completed_at"": ""2026-06-19T14:04:00Z""}",v2.3.0-fixed
evt_002325,u_0144,activation_completed,2026-06-19T14:08:00Z,u_0144_s01,ins_u_0144_006,{},v2.3.0-fixed
evt_002326,u_0666,onboarding_completed,2026-06-19T14:08:00Z,u_0666_s01,ins_u_0666_005,"{""completed_at"": ""2026-06-19T13:58:00Z""}",v2.3.0-fixed
evt_002327,u_0604,signup_started,2026-06-19T14:10:00Z,u_0604_s01,ins_u_0604_001,{},v2.3.0-fixed
evt_002328,u_0604,signup_completed,2026-06-19T14:11:00Z,u_0604_s01,ins_u_0604_002,{},v2.3.0-fixed
evt_002329,u_0180,onboarding_completed,2026-06-19T14:13:00Z,u_0180_s01,ins_u_0180_006,"{""completed_at"": ""2026-06-19T14:14:00Z""}",v2.3.0-fixed
evt_002330,u_0604,profile_saved,2026-06-19T14:18:00Z,u_0604_s01,ins_u_0604_003,{},v2.3.0-fixed
evt_002331,u_0358,signup_started,2026-06-19T14:19:00Z,u_0358_s01,ins_u_0358_001,{},v2.3.0-fixed
evt_002332,u_0475,signup_started,2026-06-19T14:19:00Z,u_0475_s01,ins_u_0475_001,{},v2.3.0-fixed
evt_002333,u_0475,signup_completed,2026-06-19T14:20:00Z,u_0475_s01,ins_u_0475_002,{},v2.3.0-fixed
evt_002334,u_0337,feature_used,2026-06-19T14:21:00Z,u_0337_s01,ins_u_0337_005,"{""feature"": ""insights""}",v2.3.0-fixed
evt_002335,u_0604,onboarding_step_viewed,2026-06-19T14:21:00Z,u_0604_s01,ins_u_0604_004,{},v2.3.0-fixed
evt_002336,u_0142,signup_started,2026-06-19T14:22:00Z,u_0142_s01,ins_u_0142_001,{},v2.3.0-fixed
evt_002337,u_0337,onboarding_completed,2026-06-19T14:23:00Z,u_0337_s01,ins_u_0337_006,"{""completed_at"": ""2026-06-19T14:24:00Z""}",v2.3.0-fixed
evt_002338,u_0114,onboarding_completed,2026-06-19T14:24:00Z,u_0114_s01,ins_u_0114_005,"{""completed_at"": ""2026-06-19T14:24:00Z""}",v2.3.0-fixed
evt_002339,u_0226,signup_started,2026-06-19T14:25:00Z,u_0226_s01,ins_u_0226_001,{},v2.3.0-fixed
evt_002340,u_0358,signup_completed,2026-06-19T14:25:00Z,u_0358_s01,ins_u_0358_002,{},v2.3.0-fixed
evt_002341,u_0475,session_abandoned,2026-06-19T14:26:00Z,u_0475_s01,ins_u_0475_003,{},v2.3.0-fixed
evt_002342,u_0358,profile_saved,2026-06-19T14:29:00Z,u_0358_s01,ins_u_0358_003,{},v2.3.0-fixed
evt_002343,u_0512,signup_started,2026-06-19T14:29:00Z,u_0512_s01,ins_u_0512_001,{},v2.3.0-fixed
evt_002344,u_0142,session_abandoned,2026-06-19T14:30:00Z,u_0142_s01,ins_u_0142_002,{},v2.3.0-fixed
evt_002345,u_0226,signup_completed,2026-06-19T14:30:00Z,u_0226_s01,ins_u_0226_002,{},v2.3.0-fixed
evt_002346,u_0638,onboarding_completed,2026-06-19T14:30:00Z,u_0638_s01,ins_u_0638_006,"{""completed_at"": ""2026-06-19T14:34:00Z""}",v2.3.0-fixed
evt_002347,u_0512,signup_completed,2026-06-19T14:31:00Z,u_0512_s01,ins_u_0512_002,{},v2.3.0-fixed
evt_002348,u_0604,feature_used,2026-06-19T14:31:00Z,u_0604_s01,ins_u_0604_005,"{""feature"": ""board""}",v2.3.0-fixed
evt_002349,u_0479,onboarding_completed,2026-06-19T14:32:00Z,u_0479_s01,ins_u_0479_005,"{""completed_at"": ""2026-06-19T14:30:00Z""}",v2.3.0-fixed
evt_002350,u_0512,profile_saved,2026-06-19T14:33:00Z,u_0512_s01,ins_u_0512_003,{},v2.3.0-fixed
evt_002351,u_0358,onboarding_step_viewed,2026-06-19T14:35:00Z,u_0358_s01,ins_u_0358_004,{},v2.3.0-fixed
evt_002352,u_0512,onboarding_step_viewed,2026-06-19T14:35:00Z,u_0512_s01,ins_u_0512_004,{},v2.3.0-fixed
evt_002353,u_0097,signup_started,2026-06-19T14:38:00Z,u_0097_s01,ins_u_0097_001,{},v2.3.0-fixed
evt_002354,u_0226,profile_saved,2026-06-19T14:40:00Z,u_0226_s01,ins_u_0226_003,{},v2.3.0-fixed
evt_002355,u_0092,signup_started,2026-06-19T14:41:00Z,u_0092_s01,ins_u_0092_001,{},v2.3.0-fixed
evt_002356,u_0092,signup_completed,2026-06-19T14:44:00Z,u_0092_s01,ins_u_0092_002,{},v2.3.0-fixed
evt_002357,u_0097,session_abandoned,2026-06-19T14:45:00Z,u_0097_s01,ins_u_0097_002,{},v2.3.0-fixed
evt_002358,u_0327,signup_started,2026-06-19T14:47:00Z,u_0327_s01,ins_u_0327_001,{},v2.3.0-fixed
evt_002359,u_0092,profile_saved,2026-06-19T14:48:00Z,u_0092_s01,ins_u_0092_003,{},v2.3.0-fixed
evt_002360,u_0180,activation_completed,2026-06-19T14:50:00Z,u_0180_s01,ins_u_0180_007,{},v2.3.0-fixed
evt_002361,u_0327,signup_completed,2026-06-19T14:50:00Z,u_0327_s01,ins_u_0327_002,{},v2.3.0-fixed
evt_002362,u_0092,onboarding_step_viewed,2026-06-19T14:52:00Z,u_0092_s01,ins_u_0092_004,{},v2.3.0-fixed
evt_002363,u_0226,feature_used,2026-06-19T14:56:00Z,u_0226_s01,ins_u_0226_004,"{""feature"": ""board""}",v2.3.0-fixed
evt_002364,u_0358,onboarding_completed,2026-06-19T14:56:00Z,u_0358_s01,ins_u_0358_005,"{""completed_at"": ""2026-06-19T15:03:00Z""}",v2.3.0-fixed
evt_002365,u_0512,feature_used,2026-06-19T14:56:00Z,u_0512_s01,ins_u_0512_005,"{""feature"": ""board""}",v2.3.0-fixed
evt_002366,u_0327,session_abandoned,2026-06-19T14:57:00Z,u_0327_s01,ins_u_0327_003,{},v2.3.0-fixed
evt_002367,u_0257,signup_started,2026-06-19T15:01:00Z,u_0257_s01,ins_u_0257_001,{},v2.3.0-fixed
evt_002368,u_0604,onboarding_completed,2026-06-19T15:02:00Z,u_0604_s01,ins_u_0604_006,"{""completed_at"": ""2026-06-19T14:47:00Z""}",v2.3.0-fixed
evt_002369,u_0257,session_abandoned,2026-06-19T15:07:00Z,u_0257_s01,ins_u_0257_002,{},v2.3.0-fixed
evt_002370,u_0512,onboarding_completed,2026-06-19T15:10:00Z,u_0512_s01,ins_u_0512_006,"{""completed_at"": ""2026-06-19T15:00:00Z""}",v2.3.0-fixed
evt_002371,u_0226,onboarding_completed,2026-06-19T15:11:00Z,u_0226_s01,ins_u_0226_005,"{""completed_at"": ""2026-06-19T15:06:00Z""}",v2.3.0-fixed
evt_002372,u_0512,activation_completed,2026-06-19T15:19:00Z,u_0512_s01,ins_u_0512_007,{},v2.3.0-fixed
evt_002373,u_0092,onboarding_completed,2026-06-19T15:21:00Z,u_0092_s01,ins_u_0092_005,"{""completed_at"": ""2026-06-19T15:23:00Z""}",v2.3.0-fixed
evt_002374,u_0094,signup_started,2026-06-19T15:22:00Z,u_0094_s01,ins_u_0094_001,{},v2.3.0-fixed
evt_002375,u_0094,signup_completed,2026-06-19T15:26:00Z,u_0094_s01,ins_u_0094_002,{},v2.3.0-fixed
evt_002376,u_0358,activation_completed,2026-06-19T15:27:00Z,u_0358_s01,ins_u_0358_006,{},v2.3.0-fixed
evt_002377,u_0094,session_abandoned,2026-06-19T15:35:00Z,u_0094_s01,ins_u_0094_003,{},v2.3.0-fixed
evt_002378,u_0235,signup_started,2026-06-19T15:44:00Z,u_0235_s01,ins_u_0235_001,{},v2.3.0-fixed
evt_002379,u_0779,signup_started,2026-06-19T15:45:00Z,u_0779_s01,ins_u_0779_001,{},v2.3.0-fixed
evt_002380,u_0646,signup_started,2026-06-19T15:47:00Z,u_0646_s01,ins_u_0646_001,{},v2.3.0-fixed
evt_002381,u_0779,signup_completed,2026-06-19T15:47:00Z,u_0779_s01,ins_u_0779_002,{},v2.3.0-fixed
evt_002382,u_0235,signup_completed,2026-06-19T15:48:00Z,u_0235_s01,ins_u_0235_002,{},v2.3.0-fixed
evt_002383,u_0779,profile_saved,2026-06-19T15:51:00Z,u_0779_s01,ins_u_0779_003,{},v2.3.0-fixed
evt_002384,u_0235,profile_saved,2026-06-19T15:54:00Z,u_0235_s01,ins_u_0235_003,{},v2.3.0-fixed
evt_002385,u_0646,signup_completed,2026-06-19T15:54:00Z,u_0646_s01,ins_u_0646_002,{},v2.3.0-fixed
evt_002386,u_0786,signup_started,2026-06-19T15:54:00Z,u_0786_s01,ins_u_0786_001,{},v2.3.0-fixed
evt_002387,u_0235,onboarding_step_viewed,2026-06-19T15:57:00Z,u_0235_s01,ins_u_0235_004,{},v2.3.0-fixed
evt_002388,u_0339,signup_started,2026-06-19T15:57:00Z,u_0339_s01,ins_u_0339_001,{},v2.3.0-fixed
evt_002389,u_0339,signup_completed,2026-06-19T15:58:00Z,u_0339_s01,ins_u_0339_002,{},v2.3.0-fixed
evt_002390,u_0646,profile_saved,2026-06-19T15:59:00Z,u_0646_s01,ins_u_0646_003,{},v2.3.0-fixed
evt_002391,u_0646,onboarding_step_viewed,2026-06-19T16:01:00Z,u_0646_s01,ins_u_0646_004,{},v2.3.0-fixed
evt_002392,u_0779,feature_used,2026-06-19T16:01:00Z,u_0779_s01,ins_u_0779_004,"{""feature"": ""insights""}",v2.3.0-fixed
evt_002393,u_0786,session_abandoned,2026-06-19T16:02:00Z,u_0786_s01,ins_u_0786_002,{},v2.3.0-fixed
evt_002394,u_0321,signup_started,2026-06-19T16:07:00Z,u_0321_s01,ins_u_0321_001,{},v2.3.0-fixed
evt_002395,u_0646,feature_used,2026-06-19T16:07:00Z,u_0646_s01,ins_u_0646_005,"{""feature"": ""board""}",v2.3.0-fixed
evt_002396,u_0339,profile_saved,2026-06-19T16:08:00Z,u_0339_s01,ins_u_0339_003,{},v2.3.0-fixed
evt_002397,u_0339,onboarding_step_viewed,2026-06-19T16:12:00Z,u_0339_s01,ins_u_0339_004,{},v2.3.0-fixed
evt_002398,u_0321,signup_completed,2026-06-19T16:13:00Z,u_0321_s01,ins_u_0321_002,{},v2.3.0-fixed
evt_002399,u_0109,signup_started,2026-06-19T16:16:00Z,u_0109_s01,ins_u_0109_001,{},v2.3.0-fixed
evt_002400,u_0347,signup_started,2026-06-19T16:16:00Z,u_0347_s01,ins_u_0347_001,{},v2.3.0-fixed
evt_002401,u_0321,profile_saved,2026-06-19T16:17:00Z,u_0321_s01,ins_u_0321_003,{},v2.3.0-fixed
evt_002402,u_0347,session_abandoned,2026-06-19T16:17:00Z,u_0347_s01,ins_u_0347_002,{},v2.3.0-fixed
evt_002403,u_0109,signup_completed,2026-06-19T16:18:00Z,u_0109_s01,ins_u_0109_002,{},v2.3.0-fixed
evt_002404,u_0321,onboarding_step_viewed,2026-06-19T16:21:00Z,u_0321_s01,ins_u_0321_004,{},v2.3.0-fixed
evt_002405,u_0713,signup_started,2026-06-19T16:22:00Z,u_0713_s01,ins_u_0713_001,{},v2.3.0-fixed
evt_002406,u_0713,signup_completed,2026-06-19T16:24:00Z,u_0713_s01,ins_u_0713_002,{},v2.3.0-fixed
evt_002407,u_0438,signup_started,2026-06-19T16:25:00Z,u_0438_s01,ins_u_0438_001,{},v2.3.0-fixed
evt_002408,u_0339,feature_used,2026-06-19T16:26:00Z,u_0339_s01,ins_u_0339_005,"{""feature"": ""insights""}",v2.3.0-fixed
evt_002409,u_0450,signup_started,2026-06-19T16:26:00Z,u_0450_s01,ins_u_0450_001,{},v2.3.0-fixed
evt_002410,u_0584,signup_started,2026-06-19T16:26:00Z,u_0584_s01,ins_u_0584_001,{},v2.3.0-fixed
evt_002411,u_0109,session_abandoned,2026-06-19T16:27:00Z,u_0109_s01,ins_u_0109_003,{},v2.3.0-fixed
evt_002412,u_0584,signup_completed,2026-06-19T16:27:00Z,u_0584_s01,ins_u_0584_002,{},v2.3.0-fixed
evt_002413,u_0713,profile_saved,2026-06-19T16:28:00Z,u_0713_s01,ins_u_0713_003,{},v2.3.0-fixed
evt_002414,u_0713,error_shown,2026-06-19T16:29:00Z,u_0713_s01,ins_u_0713_004,"{""code"": ""onboarding_timeout""}",v2.3.0-fixed
evt_002415,u_0438,signup_completed,2026-06-19T16:30:00Z,u_0438_s01,ins_u_0438_002,{},v2.3.0-fixed
evt_002416,u_0713,onboarding_step_viewed,2026-06-19T16:31:00Z,u_0713_s01,ins_u_0713_005,{},v2.3.0-fixed
evt_002417,u_0438,profile_saved,2026-06-19T16:33:00Z,u_0438_s01,ins_u_0438_003,{},v2.3.0-fixed
evt_002418,u_0450,signup_completed,2026-06-19T16:33:00Z,u_0450_s01,ins_u_0450_002,{},v2.3.0-fixed
evt_002419,u_0584,session_abandoned,2026-06-19T16:36:00Z,u_0584_s01,ins_u_0584_003,{},v2.3.0-fixed
evt_002420,u_0339,onboarding_completed,2026-06-19T16:37:00Z,u_0339_s01,ins_u_0339_006,"{""completed_at"": ""2026-06-19T16:47:00Z""}",v2.3.0-fixed
evt_002421,u_0235,onboarding_completed,2026-06-19T16:38:00Z,u_0235_s01,ins_u_0235_005,"{""completed_at"": ""2026-06-19T16:28:00Z""}",v2.3.0-fixed
evt_002422,u_0450,session_abandoned,2026-06-19T16:38:00Z,u_0450_s01,ins_u_0450_003,{},v2.3.0-fixed
evt_002423,u_0646,onboarding_completed,2026-06-19T16:40:00Z,u_0646_s01,ins_u_0646_006,"{""completed_at"": ""2026-06-19T16:39:00Z""}",v2.3.0-fixed
evt_002424,u_0779,activation_completed,2026-06-19T16:43:00Z,u_0779_s01,ins_u_0779_005,{},v2.3.0-fixed
evt_002425,u_0652,signup_started,2026-06-19T16:47:00Z,u_0652_s01,ins_u_0652_001,{},v2.3.0-fixed
evt_002426,u_0652,signup_completed,2026-06-19T16:49:00Z,u_0652_s01,ins_u_0652_002,{},v2.3.0-fixed
evt_002427,u_0204,signup_started,2026-06-19T16:50:00Z,u_0204_s01,ins_u_0204_001,{},v2.3.0-fixed
evt_002428,u_0204,signup_completed,2026-06-19T16:57:00Z,u_0204_s01,ins_u_0204_002,{},v2.3.0-fixed
evt_002429,u_0438,feature_used,2026-06-19T16:57:00Z,u_0438_s01,ins_u_0438_004,"{""feature"": ""board""}",v2.3.0-fixed
evt_002430,u_0106,signup_started,2026-06-19T16:58:00Z,u_0106_s01,ins_u_0106_001,{},v2.3.0-fixed
evt_002431,u_0652,session_abandoned,2026-06-19T16:58:00Z,u_0652_s01,ins_u_0652_003,{},v2.3.0-fixed
evt_002432,u_0321,onboarding_completed,2026-06-19T17:01:00Z,u_0321_s01,ins_u_0321_005,"{""completed_at"": ""2026-06-19T16:53:00Z""}",v2.3.0-fixed
evt_002433,u_0106,signup_completed,2026-06-19T17:02:00Z,u_0106_s01,ins_u_0106_002,{},v2.3.0-fixed
evt_002434,u_0106,profile_saved,2026-06-19T17:04:00Z,u_0106_s01,ins_u_0106_003,{},v2.3.0-fixed
evt_002435,u_0106,onboarding_step_viewed,2026-06-19T17:06:00Z,u_0106_s01,ins_u_0106_004,{},v2.3.0-fixed
evt_002436,u_0204,profile_saved,2026-06-19T17:07:00Z,u_0204_s01,ins_u_0204_003,{},v2.3.0-fixed
evt_002437,u_0401,signup_started,2026-06-19T17:08:00Z,u_0401_s01,ins_u_0401_001,{},v2.3.0-fixed
evt_002438,u_0438,onboarding_completed,2026-06-19T17:08:00Z,u_0438_s01,ins_u_0438_005,"{""completed_at"": ""2026-06-19T17:08:00Z""}",v2.3.0-fixed
evt_002439,u_0204,onboarding_step_viewed,2026-06-19T17:09:00Z,u_0204_s01,ins_u_0204_004,{},v2.3.0-fixed
evt_002440,u_0401,signup_completed,2026-06-19T17:09:00Z,u_0401_s01,ins_u_0401_002,{},v2.3.0-fixed
evt_002441,u_0321,activation_completed,2026-06-19T17:10:00Z,u_0321_s01,ins_u_0321_006,{},v2.3.0-fixed
evt_002442,u_0713,onboarding_completed,2026-06-19T17:12:00Z,u_0713_s01,ins_u_0713_006,"{""completed_at"": ""2026-06-19T17:02:00Z""}",v2.3.0-fixed
evt_002443,u_0401,profile_saved,2026-06-19T17:15:00Z,u_0401_s01,ins_u_0401_003,{},v2.3.0-fixed
evt_002444,u_0401,error_shown,2026-06-19T17:16:00Z,u_0401_s01,ins_u_0401_004,"{""code"": ""onboarding_timeout""}",v2.3.0-fixed
evt_002445,u_0339,activation_completed,2026-06-19T17:17:00Z,u_0339_s01,ins_u_0339_007,{},v2.3.0-fixed
evt_002446,u_0401,onboarding_step_viewed,2026-06-19T17:18:00Z,u_0401_s01,ins_u_0401_005,{},v2.3.0-fixed
evt_002447,u_0442,signup_started,2026-06-19T17:24:00Z,u_0442_s01,ins_u_0442_001,{},v2.3.0-fixed
evt_002448,u_0442,session_abandoned,2026-06-19T17:27:00Z,u_0442_s01,ins_u_0442_002,{},v2.3.0-fixed
evt_002449,u_0401,feature_used,2026-06-19T17:32:00Z,u_0401_s01,ins_u_0401_006,"{""feature"": ""insights""}",v2.3.0-fixed
evt_002450,u_0483,signup_started,2026-06-19T17:32:00Z,u_0483_s01,ins_u_0483_001,{},v2.3.0-fixed
evt_002451,u_0483,signup_completed,2026-06-19T17:40:00Z,u_0483_s01,ins_u_0483_002,{},v2.3.0-fixed
evt_002452,u_0106,onboarding_completed,2026-06-19T17:41:00Z,u_0106_s01,ins_u_0106_005,"{""completed_at"": ""2026-06-19T17:43:00Z""}",v2.3.0-fixed
evt_002453,u_0204,onboarding_completed,2026-06-19T17:45:00Z,u_0204_s01,ins_u_0204_005,"{""completed_at"": ""2026-06-19T17:37:00Z""}",v2.3.0-fixed
evt_002454,u_0483,profile_saved,2026-06-19T17:45:00Z,u_0483_s01,ins_u_0483_003,{},v2.3.0-fixed
evt_002455,u_0483,onboarding_step_viewed,2026-06-19T17:47:00Z,u_0483_s01,ins_u_0483_004,{},v2.3.0-fixed
evt_002456,u_0713,activation_completed,2026-06-19T17:48:00Z,u_0713_s01,ins_u_0713_007,{},v2.3.0-fixed
evt_002457,u_0129,signup_started,2026-06-19T17:58:00Z,u_0129_s01,ins_u_0129_001,{},v2.3.0-fixed
evt_002458,u_0401,onboarding_completed,2026-06-19T17:59:00Z,u_0401_s01,ins_u_0401_007,"{""completed_at"": ""2026-06-19T17:49:00Z""}",v2.3.0-fixed
evt_002459,u_0758,signup_started,2026-06-19T17:59:00Z,u_0758_s01,ins_u_0758_001,{},v2.3.0-fixed
evt_002460,u_0129,signup_completed,2026-06-19T18:01:00Z,u_0129_s01,ins_u_0129_002,{},v2.3.0-fixed
evt_002461,u_0758,signup_completed,2026-06-19T18:01:00Z,u_0758_s01,ins_u_0758_002,{},v2.3.0-fixed
evt_002462,u_0483,feature_used,2026-06-19T18:04:00Z,u_0483_s01,ins_u_0483_005,"{""feature"": ""insights""}",v2.3.0-fixed
evt_002463,u_0758,profile_saved,2026-06-19T18:09:00Z,u_0758_s01,ins_u_0758_003,{},v2.3.0-fixed
evt_002464,u_0129,profile_saved,2026-06-19T18:10:00Z,u_0129_s01,ins_u_0129_003,{},v2.3.0-fixed
evt_002465,u_0129,error_shown,2026-06-19T18:11:00Z,u_0129_s01,ins_u_0129_004,"{""code"": ""onboarding_timeout""}",v2.3.0-fixed
evt_002466,u_0401,activation_completed,2026-06-19T18:12:00Z,u_0401_s01,ins_u_0401_008,{},v2.3.0-fixed
evt_002467,u_0622,signup_started,2026-06-19T18:12:00Z,u_0622_s01,ins_u_0622_001,{},v2.3.0-fixed
evt_002468,u_0129,onboarding_step_viewed,2026-06-19T18:15:00Z,u_0129_s01,ins_u_0129_005,{},v2.3.0-fixed
evt_002469,u_0483,onboarding_completed,2026-06-19T18:16:00Z,u_0483_s01,ins_u_0483_006,"{""completed_at"": ""2026-06-19T18:17:00Z""}",v2.3.0-fixed
evt_002470,u_0758,feature_used,2026-06-19T18:16:00Z,u_0758_s01,ins_u_0758_004,"{""feature"": ""board""}",v2.3.0-fixed
evt_002471,u_0129,feature_used,2026-06-19T18:17:00Z,u_0129_s01,ins_u_0129_006,"{""feature"": ""insights""}",v2.3.0-fixed
evt_002472,u_0622,signup_completed,2026-06-19T18:20:00Z,u_0622_s01,ins_u_0622_002,{},v2.3.0-fixed
evt_002473,u_0106,activation_completed,2026-06-19T18:23:00Z,u_0106_s01,ins_u_0106_006,{},v2.3.0-fixed
evt_002474,u_0622,session_abandoned,2026-06-19T18:28:00Z,u_0622_s01,ins_u_0622_003,{},v2.3.0-fixed
evt_002475,u_0611,signup_started,2026-06-19T18:37:00Z,u_0611_s01,ins_u_0611_001,{},v2.3.0-fixed
evt_002476,u_0483,activation_completed,2026-06-19T18:38:00Z,u_0483_s01,ins_u_0483_007,{},v2.3.0-fixed
evt_002477,u_0129,onboarding_completed,2026-06-19T18:45:00Z,u_0129_s01,ins_u_0129_007,"{""completed_at"": ""2026-06-19T18:42:00Z""}",v2.3.0-fixed
evt_002478,u_0611,signup_completed,2026-06-19T18:45:00Z,u_0611_s01,ins_u_0611_002,{},v2.3.0-fixed
evt_002479,u_0758,onboarding_completed,2026-06-19T18:48:00Z,u_0758_s01,ins_u_0758_005,"{""completed_at"": ""2026-06-19T18:38:00Z""}",v2.3.0-fixed
evt_002480,u_0624,signup_started,2026-06-19T18:52:00Z,u_0624_s01,ins_u_0624_001,{},v2.3.0-fixed
evt_002481,u_0611,session_abandoned,2026-06-19T18:53:00Z,u_0611_s01,ins_u_0611_003,{},v2.3.0-fixed
evt_002482,u_0624,signup_completed,2026-06-19T18:54:00Z,u_0624_s01,ins_u_0624_002,{},v2.3.0-fixed
evt_002483,u_0129,activation_completed,2026-06-19T18:59:00Z,u_0129_s01,ins_u_0129_008,{},v2.3.0-fixed
evt_002484,u_0624,profile_saved,2026-06-19T19:03:00Z,u_0624_s01,ins_u_0624_003,{},v2.3.0-fixed
evt_002485,u_0380,signup_started,2026-06-19T19:04:00Z,u_0380_s01,ins_u_0380_001,{},v2.3.0-fixed
evt_002486,u_0624,onboarding_step_viewed,2026-06-19T19:07:00Z,u_0624_s01,ins_u_0624_004,{},v2.3.0-fixed
evt_002487,u_0380,session_abandoned,2026-06-19T19:11:00Z,u_0380_s01,ins_u_0380_002,{},v2.3.0-fixed
evt_002488,u_0624,feature_used,2026-06-19T19:19:00Z,u_0624_s01,ins_u_0624_005,"{""feature"": ""board""}",v2.3.0-fixed
evt_002489,u_0386,signup_started,2026-06-19T19:20:00Z,u_0386_s01,ins_u_0386_001,{},v2.3.0-fixed
evt_002490,u_0703,signup_started,2026-06-19T19:22:00Z,u_0703_s01,ins_u_0703_001,{},v2.3.0-fixed
evt_002491,u_0703,signup_completed,2026-06-19T19:23:00Z,u_0703_s01,ins_u_0703_002,{},v2.3.0-fixed
evt_002492,u_0119,signup_started,2026-06-19T19:24:00Z,u_0119_s01,ins_u_0119_001,{},v2.3.0-fixed
evt_002493,u_0386,signup_completed,2026-06-19T19:25:00Z,u_0386_s01,ins_u_0386_002,{},v2.3.0-fixed
evt_002494,u_0119,signup_completed,2026-06-19T19:27:00Z,u_0119_s01,ins_u_0119_002,{},v2.3.0-fixed
evt_002495,u_0289,signup_started,2026-06-19T19:27:00Z,u_0289_s01,ins_u_0289_001,{},v2.3.0-fixed
evt_002496,u_0182,signup_started,2026-06-19T19:30:00Z,u_0182_s01,ins_u_0182_001,{},v2.3.0-fixed
evt_002497,u_0289,signup_completed,2026-06-19T19:30:00Z,u_0289_s01,ins_u_0289_002,{},v2.3.0-fixed
evt_002498,u_0386,profile_saved,2026-06-19T19:30:00Z,u_0386_s01,ins_u_0386_003,{},v2.3.0-fixed
evt_002499,u_0703,profile_saved,2026-06-19T19:30:00Z,u_0703_s01,ins_u_0703_003,{},v2.3.0-fixed
evt_002500,u_0624,onboarding_completed,2026-06-19T19:33:00Z,u_0624_s01,ins_u_0624_006,"{""completed_at"": ""2026-06-19T19:38:00Z""}",v2.3.0-fixed
evt_002501,u_0703,onboarding_step_viewed,2026-06-19T19:33:00Z,u_0703_s01,ins_u_0703_004,{},v2.3.0-fixed
evt_002502,u_0289,profile_saved,2026-06-19T19:34:00Z,u_0289_s01,ins_u_0289_003,{},v2.3.0-fixed
evt_002503,u_0119,profile_saved,2026-06-19T19:35:00Z,u_0119_s01,ins_u_0119_003,{},v2.3.0-fixed
evt_002504,u_0386,onboarding_step_viewed,2026-06-19T19:35:00Z,u_0386_s01,ins_u_0386_004,{},v2.3.0-fixed
evt_002505,u_0182,signup_completed,2026-06-19T19:36:00Z,u_0182_s01,ins_u_0182_002,{},v2.3.0-fixed
evt_002506,u_0182,profile_saved,2026-06-19T19:38:00Z,u_0182_s01,ins_u_0182_003,{},v2.3.0-fixed
evt_002507,u_0289,onboarding_step_viewed,2026-06-19T19:39:00Z,u_0289_s01,ins_u_0289_004,{},v2.3.0-fixed
evt_002508,u_0119,onboarding_step_viewed,2026-06-19T19:41:00Z,u_0119_s01,ins_u_0119_004,{},v2.3.0-fixed
evt_002509,u_0333,signup_started,2026-06-19T19:41:00Z,u_0333_s01,ins_u_0333_001,{},v2.3.0-fixed
evt_002510,u_0182,onboarding_step_viewed,2026-06-19T19:42:00Z,u_0182_s01,ins_u_0182_004,{},v2.3.0-fixed
evt_002511,u_0333,signup_completed,2026-06-19T19:42:00Z,u_0333_s01,ins_u_0333_002,{},v2.3.0-fixed
evt_002512,u_0046,signup_started,2026-06-19T19:44:00Z,u_0046_s01,ins_u_0046_001,{},v2.3.0-fixed
evt_002513,u_0333,profile_saved,2026-06-19T19:44:00Z,u_0333_s01,ins_u_0333_003,{},v2.3.0-fixed
evt_002514,u_0333,onboarding_step_viewed,2026-06-19T19:46:00Z,u_0333_s01,ins_u_0333_004,{},v2.3.0-fixed
evt_002515,u_0386,feature_used,2026-06-19T19:46:00Z,u_0386_s01,ins_u_0386_005,"{""feature"": ""board""}",v2.3.0-fixed
evt_002516,u_0703,feature_used,2026-06-19T19:47:00Z,u_0703_s01,ins_u_0703_005,"{""feature"": ""insights""}",v2.3.0-fixed
evt_002517,u_0046,signup_completed,2026-06-19T19:48:00Z,u_0046_s01,ins_u_0046_002,{},v2.3.0-fixed
evt_002518,u_0588,signup_started,2026-06-19T19:51:00Z,u_0588_s01,ins_u_0588_001,{},v2.3.0-fixed
evt_002519,u_0146,signup_started,2026-06-19T19:52:00Z,u_0146_s01,ins_u_0146_001,{},v2.3.0-fixed
evt_002520,u_0333,feature_used,2026-06-19T19:53:00Z,u_0333_s01,ins_u_0333_005,"{""feature"": ""insights""}",v2.3.0-fixed
evt_002521,u_0046,profile_saved,2026-06-19T19:55:00Z,u_0046_s01,ins_u_0046_003,{},v2.3.0-fixed
evt_002522,u_0212,signup_started,2026-06-19T19:55:00Z,u_0212_s01,ins_u_0212_001,{},v2.3.0-fixed
evt_002523,u_0588,signup_completed,2026-06-19T19:55:00Z,u_0588_s01,ins_u_0588_002,{},v2.3.0-fixed
evt_002524,u_0289,feature_used,2026-06-19T19:56:00Z,u_0289_s01,ins_u_0289_005,"{""feature"": ""insights""}",v2.3.0-fixed
evt_002525,u_0046,onboarding_step_viewed,2026-06-19T19:59:00Z,u_0046_s01,ins_u_0046_004,{},v2.3.0-fixed
evt_002526,u_0386,onboarding_completed,2026-06-19T19:59:00Z,u_0386_s01,ins_u_0386_006,"{""completed_at"": ""2026-06-19T19:59:00Z""}",v2.3.0-fixed
evt_002527,u_0588,session_abandoned,2026-06-19T19:59:00Z,u_0588_s01,ins_u_0588_003,{},v2.3.0-fixed
evt_002528,u_0146,signup_completed,2026-06-19T20:00:00Z,u_0146_s01,ins_u_0146_002,{},v2.3.0-fixed
evt_002529,u_0212,session_abandoned,2026-06-19T20:01:00Z,u_0212_s01,ins_u_0212_002,{},v2.3.0-fixed
evt_002530,u_0263,signup_started,2026-06-19T20:01:00Z,u_0263_s01,ins_u_0263_001,{},v2.3.0-fixed
evt_002531,u_0119,onboarding_completed,2026-06-19T20:02:00Z,u_0119_s01,ins_u_0119_005,"{""completed_at"": ""2026-06-19T20:08:00Z""}",v2.3.0-fixed
evt_002532,u_0263,signup_completed,2026-06-19T20:02:00Z,u_0263_s01,ins_u_0263_002,{},v2.3.0-fixed
evt_002533,u_0373,signup_started,2026-06-19T20:02:00Z,u_0373_s01,ins_u_0373_001,{},v2.3.0-fixed
evt_002534,u_0703,onboarding_completed,2026-06-19T20:02:00Z,u_0703_s01,ins_u_0703_006,"{""completed_at"": ""2026-06-19T20:00:00Z""}",v2.3.0-fixed
evt_002535,u_0146,profile_saved,2026-06-19T20:05:00Z,u_0146_s01,ins_u_0146_003,{},v2.3.0-fixed
evt_002536,u_0373,signup_completed,2026-06-19T20:05:00Z,u_0373_s01,ins_u_0373_002,{},v2.3.0-fixed
evt_002537,u_0146,onboarding_step_viewed,2026-06-19T20:09:00Z,u_0146_s01,ins_u_0146_004,{},v2.3.0-fixed
evt_002538,u_0333,onboarding_completed,2026-06-19T20:10:00Z,u_0333_s01,ins_u_0333_006,"{""completed_at"": ""2026-06-19T20:19:00Z""}",v2.3.0-fixed
evt_002539,u_0263,profile_saved,2026-06-19T20:12:00Z,u_0263_s01,ins_u_0263_003,{},v2.3.0-fixed
evt_002540,u_0317,signup_started,2026-06-19T20:12:00Z,u_0317_s01,ins_u_0317_001,{},v2.3.0-fixed
evt_002541,u_0182,onboarding_completed,2026-06-19T20:13:00Z,u_0182_s01,ins_u_0182_005,"{""completed_at"": ""2026-06-19T20:04:00Z""}",v2.3.0-fixed
evt_002542,u_0289,onboarding_completed,2026-06-19T20:14:00Z,u_0289_s01,ins_u_0289_006,"{""completed_at"": ""2026-06-19T20:02:00Z""}",v2.3.0-fixed
evt_002543,u_0373,profile_saved,2026-06-19T20:15:00Z,u_0373_s01,ins_u_0373_003,{},v2.3.0-fixed
evt_002544,u_0039,return_visit,2026-06-19T20:17:00Z,u_0039_s02,ins_u_0039_006,{},v2.3.0-fixed
evt_002545,u_0263,onboarding_step_viewed,2026-06-19T20:18:00Z,u_0263_s01,ins_u_0263_004,{},v2.3.0-fixed
evt_002546,u_0373,onboarding_step_viewed,2026-06-19T20:18:00Z,u_0373_s01,ins_u_0373_004,{},v2.3.0-fixed
evt_002547,u_0317,signup_completed,2026-06-19T20:20:00Z,u_0317_s01,ins_u_0317_002,{},v2.3.0-fixed
evt_002548,u_0039,feature_used,2026-06-19T20:22:00Z,u_0039_s02,ins_u_0039_007,"{""feature"": ""insights""}",v2.3.0-fixed
evt_002549,u_0137,signup_started,2026-06-19T20:24:00Z,u_0137_s01,ins_u_0137_001,{},v2.3.0-fixed
evt_002550,u_0137,signup_completed,2026-06-19T20:25:00Z,u_0137_s01,ins_u_0137_002,{},v2.3.0-fixed
evt_002551,u_0289,activation_completed,2026-06-19T20:25:00Z,u_0289_s01,ins_u_0289_007,{},v2.3.0-fixed
evt_002552,u_0680,signup_started,2026-06-19T20:25:00Z,u_0680_s01,ins_u_0680_001,{},v2.3.0-fixed
evt_002553,u_0317,profile_saved,2026-06-19T20:29:00Z,u_0317_s01,ins_u_0317_003,{},v2.3.0-fixed
evt_002554,u_0155,signup_started,2026-06-19T20:30:00Z,u_0155_s01,ins_u_0155_001,{},v2.3.0-fixed
evt_002555,u_0046,onboarding_completed,2026-06-19T20:31:00Z,u_0046_s01,ins_u_0046_005,"{""completed_at"": ""2026-06-19T20:32:00Z""}",v2.3.0-fixed
evt_002556,u_0680,signup_completed,2026-06-19T20:31:00Z,u_0680_s01,ins_u_0680_002,{},v2.3.0-fixed
evt_002557,u_0137,profile_saved,2026-06-19T20:33:00Z,u_0137_s01,ins_u_0137_003,{},v2.3.0-fixed
evt_002558,u_0317,onboarding_step_viewed,2026-06-19T20:35:00Z,u_0317_s01,ins_u_0317_004,{},v2.3.0-fixed
evt_002559,u_0155,signup_completed,2026-06-19T20:36:00Z,u_0155_s01,ins_u_0155_002,{},v2.3.0-fixed
evt_002560,u_0137,onboarding_step_viewed,2026-06-19T20:37:00Z,u_0137_s01,ins_u_0137_004,{},v2.3.0-fixed
evt_002561,u_0146,onboarding_completed,2026-06-19T20:37:00Z,u_0146_s01,ins_u_0146_005,"{""completed_at"": ""2026-06-19T20:35:00Z""}",v2.3.0-fixed
evt_002562,u_0373,feature_used,2026-06-19T20:38:00Z,u_0373_s01,ins_u_0373_005,"{""feature"": ""insights""}",v2.3.0-fixed
evt_002563,u_0680,profile_saved,2026-06-19T20:41:00Z,u_0680_s01,ins_u_0680_003,{},v2.3.0-fixed
evt_002564,u_0386,activation_completed,2026-06-19T20:42:00Z,u_0386_s01,ins_u_0386_007,{},v2.3.0-fixed
evt_002565,u_0680,onboarding_step_viewed,2026-06-19T20:44:00Z,u_0680_s01,ins_u_0680_004,{},v2.3.0-fixed
evt_002566,u_0373,onboarding_completed,2026-06-19T20:45:00Z,u_0373_s01,ins_u_0373_006,"{""completed_at"": ""2026-06-19T20:42:00Z""}",v2.3.0-fixed
evt_002567,u_0137,feature_used,2026-06-19T20:46:00Z,u_0137_s01,ins_u_0137_005,"{""feature"": ""insights""}",v2.3.0-fixed
evt_002568,u_0155,profile_saved,2026-06-19T20:46:00Z,u_0155_s01,ins_u_0155_003,{},v2.3.0-fixed
evt_002569,u_0182,activation_completed,2026-06-19T20:47:00Z,u_0182_s01,ins_u_0182_006,{},v2.3.0-fixed
evt_002570,u_0263,onboarding_completed,2026-06-19T20:47:00Z,u_0263_s01,ins_u_0263_005,"{""completed_at"": ""2026-06-19T20:40:00Z""}",v2.3.0-fixed
evt_002571,u_0730,signup_started,2026-06-19T20:50:00Z,u_0730_s01,ins_u_0730_001,{},v2.3.0-fixed
evt_002572,u_0046,activation_completed,2026-06-19T20:51:00Z,u_0046_s01,ins_u_0046_006,{},v2.3.0-fixed
evt_002573,u_0730,signup_completed,2026-06-19T20:52:00Z,u_0730_s01,ins_u_0730_002,{},v2.3.0-fixed
evt_002574,u_0155,feature_used,2026-06-19T20:55:00Z,u_0155_s01,ins_u_0155_004,"{""feature"": ""insights""}",v2.3.0-fixed
evt_002575,u_0298,signup_started,2026-06-19T20:56:00Z,u_0298_s01,ins_u_0298_001,{},v2.3.0-fixed
evt_002576,u_0333,activation_completed,2026-06-19T20:56:00Z,u_0333_s01,ins_u_0333_007,{},v2.3.0-fixed
evt_002577,u_0680,feature_used,2026-06-19T20:57:00Z,u_0680_s01,ins_u_0680_005,"{""feature"": ""board""}",v2.3.0-fixed
evt_002578,u_0016,signup_started,2026-06-19T20:58:00Z,u_0016_s01,ins_u_0016_001,{},v2.3.0-fixed
evt_002579,u_0075,signup_started,2026-06-19T20:58:00Z,u_0075_s01,ins_u_0075_001,{},v2.3.0-fixed
evt_002580,u_0730,session_abandoned,2026-06-19T20:58:00Z,u_0730_s01,ins_u_0730_003,{},v2.3.0-fixed
evt_002581,u_0298,signup_completed,2026-06-19T21:00:00Z,u_0298_s01,ins_u_0298_002,{},v2.3.0-fixed
evt_002582,u_0075,session_abandoned,2026-06-19T21:02:00Z,u_0075_s01,ins_u_0075_002,{},v2.3.0-fixed
evt_002583,u_0137,onboarding_completed,2026-06-19T21:04:00Z,u_0137_s01,ins_u_0137_006,"{""completed_at"": ""2026-06-19T21:02:00Z""}",v2.3.0-fixed
evt_002584,u_0016,signup_completed,2026-06-19T21:06:00Z,u_0016_s01,ins_u_0016_002,{},v2.3.0-fixed
evt_002585,u_0298,profile_saved,2026-06-19T21:09:00Z,u_0298_s01,ins_u_0298_003,{},v2.3.0-fixed
evt_002586,u_0317,onboarding_completed,2026-06-19T21:10:00Z,u_0317_s01,ins_u_0317_005,"{""completed_at"": ""2026-06-19T21:01:00Z""}",v2.3.0-fixed
evt_002587,u_0016,session_abandoned,2026-06-19T21:12:00Z,u_0016_s01,ins_u_0016_003,{},v2.3.0-fixed
evt_002588,u_0298,onboarding_step_viewed,2026-06-19T21:13:00Z,u_0298_s01,ins_u_0298_004,{},v2.3.0-fixed
evt_002589,u_0680,onboarding_completed,2026-06-19T21:16:00Z,u_0680_s01,ins_u_0680_006,"{""completed_at"": ""2026-06-19T21:11:00Z""}",v2.3.0-fixed
evt_002590,u_0263,activation_completed,2026-06-19T21:20:00Z,u_0263_s01,ins_u_0263_006,{},v2.3.0-fixed
evt_002591,u_0317,activation_completed,2026-06-19T21:27:00Z,u_0317_s01,ins_u_0317_006,{},v2.3.0-fixed
evt_002592,u_0298,feature_used,2026-06-19T21:32:00Z,u_0298_s01,ins_u_0298_005,"{""feature"": ""board""}",v2.3.0-fixed
evt_002593,u_0680,activation_completed,2026-06-19T21:35:00Z,u_0680_s01,ins_u_0680_007,{},v2.3.0-fixed
evt_002594,u_0298,onboarding_completed,2026-06-19T21:39:00Z,u_0298_s01,ins_u_0298_006,"{""completed_at"": ""2026-06-19T21:43:00Z""}",v2.3.0-fixed
evt_002595,u_0526,return_visit,2026-06-20T00:49:00Z,u_0526_s02,ins_u_0526_008,{},v2.3.0-fixed
evt_002596,u_0308,return_visit,2026-06-20T01:41:00Z,u_0308_s02,ins_u_0308_007,{},v2.3.0-fixed
evt_002597,u_0308,feature_used,2026-06-20T01:46:00Z,u_0308_s02,ins_u_0308_008,"{""feature"": ""insights""}",v2.3.0-fixed
evt_002598,u_0543,return_visit,2026-06-20T05:50:00Z,u_0543_s02,ins_u_0543_006,{},v2.3.0-fixed
evt_002599,u_0543,feature_used,2026-06-20T05:55:00Z,u_0543_s02,ins_u_0543_007,"{""feature"": ""insights""}",v2.3.0-fixed
evt_002600,u_0262,return_visit,2026-06-20T06:13:00Z,u_0262_s02,ins_u_0262_008,{},v2.3.0-fixed
evt_002601,u_0695,return_visit,2026-06-20T07:00:00Z,u_0695_s02,ins_u_0695_007,{},v2.3.0-fixed
evt_002602,u_0768,return_visit,2026-06-20T07:06:00Z,u_0768_s02,ins_u_0768_007,{},v2.3.0-fixed
evt_002603,u_0362,signup_started,2026-06-20T08:07:00Z,u_0362_s01,ins_u_0362_001,{},v2.3.0-fixed
evt_002604,u_0252,signup_started,2026-06-20T08:09:00Z,u_0252_s01,ins_u_0252_001,{},v2.3.0-fixed
evt_002605,u_0362,signup_completed,2026-06-20T08:09:00Z,u_0362_s01,ins_u_0362_002,{},v2.3.0-fixed
evt_002606,u_0062,signup_started,2026-06-20T08:11:00Z,u_0062_s01,ins_u_0062_001,{},v2.3.0-fixed
evt_002607,u_0123,signup_started,2026-06-20T08:11:00Z,u_0123_s01,ins_u_0123_001,{},v2.3.0-fixed
evt_002608,u_0362,profile_saved,2026-06-20T08:11:00Z,u_0362_s01,ins_u_0362_003,{},v2.3.0-fixed
evt_002609,u_0628,signup_started,2026-06-20T08:13:00Z,u_0628_s01,ins_u_0628_001,{},v2.3.0-fixed
evt_002610,u_0062,signup_completed,2026-06-20T08:14:00Z,u_0062_s01,ins_u_0062_002,{},v2.3.0-fixed
evt_002611,u_0252,signup_completed,2026-06-20T08:14:00Z,u_0252_s01,ins_u_0252_002,{},v2.3.0-fixed
evt_002612,u_0362,onboarding_step_viewed,2026-06-20T08:16:00Z,u_0362_s01,ins_u_0362_004,{},v2.3.0-fixed
evt_002613,u_0375,signup_started,2026-06-20T08:17:00Z,u_0375_s01,ins_u_0375_001,{},v2.3.0-fixed
evt_002614,u_0628,session_abandoned,2026-06-20T08:17:00Z,u_0628_s01,ins_u_0628_002,{},v2.3.0-fixed
evt_002615,u_0123,signup_completed,2026-06-20T08:18:00Z,u_0123_s01,ins_u_0123_002,{},v2.3.0-fixed
evt_002616,u_0697,signup_started,2026-06-20T08:20:00Z,u_0697_s01,ins_u_0697_001,{},v2.3.0-fixed
evt_002617,u_0062,profile_saved,2026-06-20T08:21:00Z,u_0062_s01,ins_u_0062_003,{},v2.3.0-fixed
evt_002618,u_0252,profile_saved,2026-06-20T08:22:00Z,u_0252_s01,ins_u_0252_003,{},v2.3.0-fixed
evt_002619,u_0062,onboarding_step_viewed,2026-06-20T08:24:00Z,u_0062_s01,ins_u_0062_004,{},v2.3.0-fixed
evt_002620,u_0734,signup_started,2026-06-20T08:24:00Z,u_0734_s01,ins_u_0734_001,{},v2.3.0-fixed
evt_002621,u_0123,session_abandoned,2026-06-20T08:25:00Z,u_0123_s01,ins_u_0123_003,{},v2.3.0-fixed
evt_002622,u_0375,signup_completed,2026-06-20T08:25:00Z,u_0375_s01,ins_u_0375_002,{},v2.3.0-fixed
evt_002623,u_0734,signup_completed,2026-06-20T08:25:00Z,u_0734_s01,ins_u_0734_002,{},v2.3.0-fixed
evt_002624,u_0252,onboarding_step_viewed,2026-06-20T08:26:00Z,u_0252_s01,ins_u_0252_004,{},v2.3.0-fixed
evt_002625,u_0697,signup_completed,2026-06-20T08:26:00Z,u_0697_s01,ins_u_0697_002,{},v2.3.0-fixed
evt_002626,u_0709,signup_started,2026-06-20T08:30:00Z,u_0709_s01,ins_u_0709_001,{},v2.3.0-fixed
evt_002627,u_0375,profile_saved,2026-06-20T08:31:00Z,u_0375_s01,ins_u_0375_003,{},v2.3.0-fixed
evt_002628,u_0697,session_abandoned,2026-06-20T08:32:00Z,u_0697_s01,ins_u_0697_003,{},v2.3.0-fixed
evt_002629,u_0734,session_abandoned,2026-06-20T08:33:00Z,u_0734_s01,ins_u_0734_003,{},v2.3.0-fixed
evt_002630,u_0362,feature_used,2026-06-20T08:34:00Z,u_0362_s01,ins_u_0362_005,"{""feature"": ""board""}",v2.3.0-fixed
evt_002631,u_0375,onboarding_step_viewed,2026-06-20T08:34:00Z,u_0375_s01,ins_u_0375_004,{},v2.3.0-fixed
evt_002632,u_0062,feature_used,2026-06-20T08:36:00Z,u_0062_s01,ins_u_0062_005,"{""feature"": ""board""}",v2.3.0-fixed
evt_002633,u_0709,signup_completed,2026-06-20T08:37:00Z,u_0709_s01,ins_u_0709_002,{},v2.3.0-fixed
evt_002634,u_0251,signup_started,2026-06-20T08:41:00Z,u_0251_s01,ins_u_0251_001,{},v2.3.0-fixed
evt_002635,u_0385,signup_started,2026-06-20T08:41:00Z,u_0385_s01,ins_u_0385_001,{},v2.3.0-fixed
evt_002636,u_0709,profile_saved,2026-06-20T08:41:00Z,u_0709_s01,ins_u_0709_003,{},v2.3.0-fixed
evt_002637,u_0252,feature_used,2026-06-20T08:42:00Z,u_0252_s01,ins_u_0252_005,"{""feature"": ""board""}",v2.3.0-fixed
evt_002638,u_0709,onboarding_step_viewed,2026-06-20T08:43:00Z,u_0709_s01,ins_u_0709_004,{},v2.3.0-fixed
evt_002639,u_0090,signup_started,2026-06-20T08:47:00Z,u_0090_s01,ins_u_0090_001,{},v2.3.0-fixed
evt_002640,u_0385,signup_completed,2026-06-20T08:47:00Z,u_0385_s01,ins_u_0385_002,{},v2.3.0-fixed
evt_002641,u_0251,signup_completed,2026-06-20T08:49:00Z,u_0251_s01,ins_u_0251_002,{},v2.3.0-fixed
evt_002642,u_0090,signup_completed,2026-06-20T08:50:00Z,u_0090_s01,ins_u_0090_002,{},v2.3.0-fixed
evt_002643,u_0251,session_abandoned,2026-06-20T08:53:00Z,u_0251_s01,ins_u_0251_003,{},v2.3.0-fixed
evt_002644,u_0362,onboarding_completed,2026-06-20T08:54:00Z,u_0362_s01,ins_u_0362_006,"{""completed_at"": ""2026-06-20T08:39:00Z""}",v2.3.0-fixed
evt_002645,u_0375,feature_used,2026-06-20T08:54:00Z,u_0375_s01,ins_u_0375_005,"{""feature"": ""insights""}",v2.3.0-fixed
evt_002646,u_0371,signup_started,2026-06-20T08:55:00Z,u_0371_s01,ins_u_0371_001,{},v2.3.0-fixed
evt_002647,u_0090,session_abandoned,2026-06-20T08:56:00Z,u_0090_s01,ins_u_0090_003,{},v2.3.0-fixed
evt_002648,u_0385,profile_saved,2026-06-20T08:56:00Z,u_0385_s01,ins_u_0385_003,{},v2.3.0-fixed
evt_002649,u_0062,onboarding_completed,2026-06-20T08:57:00Z,u_0062_s01,ins_u_0062_006,"{""completed_at"": ""2026-06-20T08:54:00Z""}",v2.3.0-fixed
evt_002650,u_0385,error_shown,2026-06-20T08:57:00Z,u_0385_s01,ins_u_0385_004,"{""code"": ""onboarding_timeout""}",v2.3.0-fixed
evt_002651,u_0371,signup_completed,2026-06-20T09:02:00Z,u_0371_s01,ins_u_0371_002,{},v2.3.0-fixed
evt_002652,u_0709,feature_used,2026-06-20T09:03:00Z,u_0709_s01,ins_u_0709_005,"{""feature"": ""insights""}",v2.3.0-fixed
evt_002653,u_0371,profile_saved,2026-06-20T09:04:00Z,u_0371_s01,ins_u_0371_003,{},v2.3.0-fixed
evt_002654,u_0371,onboarding_step_viewed,2026-06-20T09:07:00Z,u_0371_s01,ins_u_0371_004,{},v2.3.0-fixed
evt_002655,u_0010,signup_started,2026-06-20T09:08:00Z,u_0010_s01,ins_u_0010_001,{},v2.3.0-fixed
evt_002656,u_0375,onboarding_completed,2026-06-20T09:08:00Z,u_0375_s01,ins_u_0375_006,"{""completed_at"": ""2026-06-20T09:07:00Z""}",v2.3.0-fixed
evt_002657,u_0362,activation_completed,2026-06-20T09:09:00Z,u_0362_s01,ins_u_0362_007,{},v2.3.0-fixed
evt_002658,u_0010,signup_completed,2026-06-20T09:10:00Z,u_0010_s01,ins_u_0010_002,{},v2.3.0-fixed
evt_002659,u_0010,profile_saved,2026-06-20T09:12:00Z,u_0010_s01,ins_u_0010_003,{},v2.3.0-fixed
evt_002660,u_0371,feature_used,2026-06-20T09:12:00Z,u_0371_s01,ins_u_0371_005,"{""feature"": ""insights""}",v2.3.0-fixed
evt_002661,u_0385,feature_used,2026-06-20T09:12:00Z,u_0385_s01,ins_u_0385_005,"{""feature"": ""insights""}",v2.3.0-fixed
evt_002662,u_0010,onboarding_step_viewed,2026-06-20T09:17:00Z,u_0010_s01,ins_u_0010_004,{},v2.3.0-fixed
evt_002663,u_0509,signup_started,2026-06-20T09:17:00Z,u_0509_s01,ins_u_0509_001,{},v2.3.0-fixed
evt_002664,u_0761,signup_started,2026-06-20T09:18:00Z,u_0761_s01,ins_u_0761_001,{},v2.3.0-fixed
evt_002665,u_0283,signup_started,2026-06-20T09:24:00Z,u_0283_s01,ins_u_0283_001,{},v2.3.0-fixed
evt_002666,u_0375,activation_completed,2026-06-20T09:24:00Z,u_0375_s01,ins_u_0375_007,{},v2.3.0-fixed
evt_002667,u_0761,signup_completed,2026-06-20T09:24:00Z,u_0761_s01,ins_u_0761_002,{},v2.3.0-fixed
evt_002668,u_0283,signup_completed,2026-06-20T09:25:00Z,u_0283_s01,ins_u_0283_002,{},v2.3.0-fixed
evt_002669,u_0509,signup_completed,2026-06-20T09:25:00Z,u_0509_s01,ins_u_0509_002,{},v2.3.0-fixed
evt_002670,u_0709,onboarding_completed,2026-06-20T09:26:00Z,u_0709_s01,ins_u_0709_006,"{""completed_at"": ""2026-06-20T09:21:00Z""}",v2.3.0-fixed
evt_002671,u_0761,profile_saved,2026-06-20T09:26:00Z,u_0761_s01,ins_u_0761_003,{},v2.3.0-fixed
evt_002672,u_0509,profile_saved,2026-06-20T09:27:00Z,u_0509_s01,ins_u_0509_003,{},v2.3.0-fixed
evt_002673,u_0107,signup_started,2026-06-20T09:28:00Z,u_0107_s01,ins_u_0107_001,{},v2.3.0-fixed
evt_002674,u_0761,onboarding_step_viewed,2026-06-20T09:28:00Z,u_0761_s01,ins_u_0761_004,{},v2.3.0-fixed
evt_002675,u_0107,signup_completed,2026-06-20T09:29:00Z,u_0107_s01,ins_u_0107_002,{},v2.3.0-fixed
evt_002676,u_0509,onboarding_step_viewed,2026-06-20T09:29:00Z,u_0509_s01,ins_u_0509_004,{},v2.3.0-fixed
evt_002677,u_0010,feature_used,2026-06-20T09:31:00Z,u_0010_s01,ins_u_0010_005,"{""feature"": ""board""}",v2.3.0-fixed
evt_002678,u_0107,profile_saved,2026-06-20T09:31:00Z,u_0107_s01,ins_u_0107_003,{},v2.3.0-fixed
evt_002679,u_0283,session_abandoned,2026-06-20T09:33:00Z,u_0283_s01,ins_u_0283_003,{},v2.3.0-fixed
evt_002680,u_0107,onboarding_step_viewed,2026-06-20T09:34:00Z,u_0107_s01,ins_u_0107_004,{},v2.3.0-fixed
evt_002681,u_0314,signup_started,2026-06-20T09:34:00Z,u_0314_s01,ins_u_0314_001,{},v2.3.0-fixed
evt_002682,u_0314,signup_completed,2026-06-20T09:36:00Z,u_0314_s01,ins_u_0314_002,{},v2.3.0-fixed
evt_002683,u_0385,onboarding_completed,2026-06-20T09:36:00Z,u_0385_s01,ins_u_0385_006,"{""completed_at"": ""2026-06-20T09:29:00Z""}",v2.3.0-fixed
evt_002684,u_0501,signup_started,2026-06-20T09:37:00Z,u_0501_s01,ins_u_0501_001,{},v2.3.0-fixed
evt_002685,u_0252,activation_completed,2026-06-20T09:40:00Z,u_0252_s01,ins_u_0252_006,{},v2.3.0-fixed
evt_002686,u_0206,signup_started,2026-06-20T09:41:00Z,u_0206_s01,ins_u_0206_001,{},v2.3.0-fixed
evt_002687,u_0575,signup_started,2026-06-20T09:41:00Z,u_0575_s01,ins_u_0575_001,{},v2.3.0-fixed
evt_002688,u_0216,signup_started,2026-06-20T09:42:00Z,u_0216_s01,ins_u_0216_001,{},v2.3.0-fixed
evt_002689,u_0314,session_abandoned,2026-06-20T09:42:00Z,u_0314_s01,ins_u_0314_003,{},v2.3.0-fixed
evt_002690,u_0501,signup_completed,2026-06-20T09:42:00Z,u_0501_s01,ins_u_0501_002,{},v2.3.0-fixed
evt_002691,u_0509,feature_used,2026-06-20T09:42:00Z,u_0509_s01,ins_u_0509_005,"{""feature"": ""insights""}",v2.3.0-fixed
evt_002692,u_0206,signup_completed,2026-06-20T09:44:00Z,u_0206_s01,ins_u_0206_002,{},v2.3.0-fixed
evt_002693,u_0575,session_abandoned,2026-06-20T09:46:00Z,u_0575_s01,ins_u_0575_002,{},v2.3.0-fixed
evt_002694,u_0761,feature_used,2026-06-20T09:46:00Z,u_0761_s01,ins_u_0761_005,"{""feature"": ""insights""}",v2.3.0-fixed
evt_002695,u_0216,signup_completed,2026-06-20T09:47:00Z,u_0216_s01,ins_u_0216_002,{},v2.3.0-fixed
evt_002696,u_0371,onboarding_completed,2026-06-20T09:47:00Z,u_0371_s01,ins_u_0371_006,"{""completed_at"": ""2026-06-20T09:43:00Z""}",v2.3.0-fixed
evt_002697,u_0501,session_abandoned,2026-06-20T09:47:00Z,u_0501_s01,ins_u_0501_003,{},v2.3.0-fixed
evt_002698,u_0467,signup_started,2026-06-20T09:51:00Z,u_0467_s01,ins_u_0467_001,{},v2.3.0-fixed
evt_002699,u_0010,onboarding_completed,2026-06-20T09:53:00Z,u_0010_s01,ins_u_0010_006,"{""completed_at"": ""2026-06-20T09:48:00Z""}",v2.3.0-fixed
evt_002700,u_0206,profile_saved,2026-06-20T09:54:00Z,u_0206_s01,ins_u_0206_003,{},v2.3.0-fixed
evt_002701,u_0467,signup_completed,2026-06-20T09:54:00Z,u_0467_s01,ins_u_0467_002,{},v2.3.0-fixed
evt_002702,u_0216,profile_saved,2026-06-20T09:57:00Z,u_0216_s01,ins_u_0216_003,{},v2.3.0-fixed
evt_002703,u_0206,onboarding_step_viewed,2026-06-20T09:59:00Z,u_0206_s01,ins_u_0206_004,{},v2.3.0-fixed
evt_002704,u_0709,activation_completed,2026-06-20T10:00:00Z,u_0709_s01,ins_u_0709_007,{},v2.3.0-fixed
evt_002705,u_0107,onboarding_completed,2026-06-20T10:01:00Z,u_0107_s01,ins_u_0107_005,"{""completed_at"": ""2026-06-20T10:04:00Z""}",v2.3.0-fixed
evt_002706,u_0216,onboarding_step_viewed,2026-06-20T10:01:00Z,u_0216_s01,ins_u_0216_004,{},v2.3.0-fixed
evt_002707,u_0467,session_abandoned,2026-06-20T10:03:00Z,u_0467_s01,ins_u_0467_003,{},v2.3.0-fixed
evt_002708,u_0761,onboarding_completed,2026-06-20T10:08:00Z,u_0761_s01,ins_u_0761_006,"{""completed_at"": ""2026-06-20T09:55:00Z""}",v2.3.0-fixed
evt_002709,u_0216,feature_used,2026-06-20T10:12:00Z,u_0216_s01,ins_u_0216_005,"{""feature"": ""board""}",v2.3.0-fixed
evt_002710,u_0010,activation_completed,2026-06-20T10:14:00Z,u_0010_s01,ins_u_0010_007,{},v2.3.0-fixed
evt_002711,u_0385,activation_completed,2026-06-20T10:16:00Z,u_0385_s01,ins_u_0385_007,{},v2.3.0-fixed
evt_002712,u_0206,onboarding_completed,2026-06-20T10:20:00Z,u_0206_s01,ins_u_0206_005,"{""completed_at"": ""2026-06-20T10:20:00Z""}",v2.3.0-fixed
evt_002713,u_0440,signup_started,2026-06-20T10:21:00Z,u_0440_s01,ins_u_0440_001,{},v2.3.0-fixed
evt_002714,u_0371,activation_completed,2026-06-20T10:22:00Z,u_0371_s01,ins_u_0371_007,{},v2.3.0-fixed
evt_002715,u_0440,signup_completed,2026-06-20T10:27:00Z,u_0440_s01,ins_u_0440_002,{},v2.3.0-fixed
evt_002716,u_0413,signup_started,2026-06-20T10:31:00Z,u_0413_s01,ins_u_0413_001,{},v2.3.0-fixed
evt_002717,u_0413,session_abandoned,2026-06-20T10:36:00Z,u_0413_s01,ins_u_0413_002,{},v2.3.0-fixed
evt_002718,u_0440,profile_saved,2026-06-20T10:36:00Z,u_0440_s01,ins_u_0440_003,{},v2.3.0-fixed
evt_002719,u_0743,signup_started,2026-06-20T10:37:00Z,u_0743_s01,ins_u_0743_001,{},v2.3.0-fixed
evt_002720,u_0216,onboarding_completed,2026-06-20T10:39:00Z,u_0216_s01,ins_u_0216_006,"{""completed_at"": ""2026-06-20T10:28:00Z""}",v2.3.0-fixed
evt_002721,u_0440,onboarding_step_viewed,2026-06-20T10:40:00Z,u_0440_s01,ins_u_0440_004,{},v2.3.0-fixed
evt_002722,u_0509,activation_completed,2026-06-20T10:40:00Z,u_0509_s01,ins_u_0509_006,{},v2.3.0-fixed
evt_002723,u_0743,session_abandoned,2026-06-20T10:44:00Z,u_0743_s01,ins_u_0743_002,{},v2.3.0-fixed
evt_002724,u_0218,signup_started,2026-06-20T10:57:00Z,u_0218_s01,ins_u_0218_001,{},v2.3.0-fixed
evt_002725,u_0540,signup_started,2026-06-20T10:59:00Z,u_0540_s01,ins_u_0540_001,{},v2.3.0-fixed
evt_002726,u_0218,signup_completed,2026-06-20T11:02:00Z,u_0218_s01,ins_u_0218_002,{},v2.3.0-fixed
evt_002727,u_0737,signup_started,2026-06-20T11:02:00Z,u_0737_s01,ins_u_0737_001,{},v2.3.0-fixed
evt_002728,u_0737,signup_completed,2026-06-20T11:03:00Z,u_0737_s01,ins_u_0737_002,{},v2.3.0-fixed
evt_002729,u_0540,signup_completed,2026-06-20T11:05:00Z,u_0540_s01,ins_u_0540_002,{},v2.3.0-fixed
evt_002730,u_0218,session_abandoned,2026-06-20T11:06:00Z,u_0218_s01,ins_u_0218_003,{},v2.3.0-fixed
evt_002731,u_0540,session_abandoned,2026-06-20T11:09:00Z,u_0540_s01,ins_u_0540_003,{},v2.3.0-fixed
evt_002732,u_0640,signup_started,2026-06-20T11:12:00Z,u_0640_s01,ins_u_0640_001,{},v2.3.0-fixed
evt_002733,u_0737,session_abandoned,2026-06-20T11:12:00Z,u_0737_s01,ins_u_0737_003,{},v2.3.0-fixed
evt_002734,u_0640,signup_completed,2026-06-20T11:15:00Z,u_0640_s01,ins_u_0640_002,{},v2.3.0-fixed
evt_002735,u_0216,activation_completed,2026-06-20T11:16:00Z,u_0216_s01,ins_u_0216_007,{},v2.3.0-fixed
evt_002736,u_0565,signup_started,2026-06-20T11:19:00Z,u_0565_s01,ins_u_0565_001,{},v2.3.0-fixed
evt_002737,u_0640,profile_saved,2026-06-20T11:24:00Z,u_0640_s01,ins_u_0640_003,{},v2.3.0-fixed
evt_002738,u_0565,signup_completed,2026-06-20T11:27:00Z,u_0565_s01,ins_u_0565_002,{},v2.3.0-fixed
evt_002739,u_0009,signup_started,2026-06-20T11:29:00Z,u_0009_s01,ins_u_0009_001,{},v2.3.0-fixed
evt_002740,u_0009,signup_completed,2026-06-20T11:31:00Z,u_0009_s01,ins_u_0009_002,{},v2.3.0-fixed
evt_002741,u_0034,signup_started,2026-06-20T11:31:00Z,u_0034_s01,ins_u_0034_001,{},v2.3.0-fixed
evt_002742,u_0034,signup_completed,2026-06-20T11:32:00Z,u_0034_s01,ins_u_0034_002,{},v2.3.0-fixed
evt_002743,u_0300,signup_started,2026-06-20T11:32:00Z,u_0300_s01,ins_u_0300_001,{},v2.3.0-fixed
evt_002744,u_0420,return_visit,2026-06-20T11:32:00Z,u_0420_s02,ins_u_0420_007,{},v2.3.0-fixed
evt_002745,u_0227,signup_started,2026-06-20T11:36:00Z,u_0227_s01,ins_u_0227_001,{},v2.3.0-fixed
evt_002746,u_0795,signup_started,2026-06-20T11:36:00Z,u_0795_s01,ins_u_0795_001,{},v2.3.0-fixed
evt_002747,u_0009,profile_saved,2026-06-20T11:37:00Z,u_0009_s01,ins_u_0009_003,{},v2.3.0-fixed
evt_002748,u_0300,signup_completed,2026-06-20T11:37:00Z,u_0300_s01,ins_u_0300_002,{},v2.3.0-fixed
evt_002749,u_0565,profile_saved,2026-06-20T11:37:00Z,u_0565_s01,ins_u_0565_003,{},v2.3.0-fixed
evt_002750,u_0009,error_shown,2026-06-20T11:38:00Z,u_0009_s01,ins_u_0009_004,"{""code"": ""onboarding_timeout""}",v2.3.0-fixed
evt_002751,u_0640,feature_used,2026-06-20T11:38:00Z,u_0640_s01,ins_u_0640_004,"{""feature"": ""board""}",v2.3.0-fixed
evt_002752,u_0034,profile_saved,2026-06-20T11:39:00Z,u_0034_s01,ins_u_0034_003,{},v2.3.0-fixed
evt_002753,u_0009,onboarding_step_viewed,2026-06-20T11:41:00Z,u_0009_s01,ins_u_0009_005,{},v2.3.0-fixed
evt_002754,u_0034,onboarding_step_viewed,2026-06-20T11:41:00Z,u_0034_s01,ins_u_0034_004,{},v2.3.0-fixed
evt_002755,u_0227,signup_completed,2026-06-20T11:41:00Z,u_0227_s01,ins_u_0227_002,{},v2.3.0-fixed
evt_002756,u_0565,onboarding_step_viewed,2026-06-20T11:43:00Z,u_0565_s01,ins_u_0565_004,{},v2.3.0-fixed
evt_002757,u_0795,signup_completed,2026-06-20T11:43:00Z,u_0795_s01,ins_u_0795_002,{},v2.3.0-fixed
evt_002758,u_0009,feature_used,2026-06-20T11:46:00Z,u_0009_s01,ins_u_0009_006,"{""feature"": ""insights""}",v2.3.0-fixed
evt_002759,u_0300,profile_saved,2026-06-20T11:46:00Z,u_0300_s01,ins_u_0300_003,{},v2.3.0-fixed
evt_002760,u_0227,session_abandoned,2026-06-20T11:47:00Z,u_0227_s01,ins_u_0227_003,{},v2.3.0-fixed
evt_002761,u_0795,profile_saved,2026-06-20T11:48:00Z,u_0795_s01,ins_u_0795_003,{},v2.3.0-fixed
evt_002762,u_0143,signup_started,2026-06-20T11:49:00Z,u_0143_s01,ins_u_0143_001,{},v2.3.0-fixed
evt_002763,u_0300,onboarding_step_viewed,2026-06-20T11:51:00Z,u_0300_s01,ins_u_0300_004,{},v2.3.0-fixed
evt_002764,u_0795,onboarding_step_viewed,2026-06-20T11:54:00Z,u_0795_s01,ins_u_0795_004,{},v2.3.0-fixed
evt_002765,u_0143,signup_completed,2026-06-20T11:55:00Z,u_0143_s01,ins_u_0143_002,{},v2.3.0-fixed
evt_002766,u_0693,signup_started,2026-06-20T11:55:00Z,u_0693_s01,ins_u_0693_001,{},v2.3.0-fixed
evt_002767,u_0795,feature_used,2026-06-20T11:58:00Z,u_0795_s01,ins_u_0795_005,"{""feature"": ""insights""}",v2.3.0-fixed
evt_002768,u_0640,onboarding_completed,2026-06-20T11:59:00Z,u_0640_s01,ins_u_0640_005,"{""completed_at"": ""2026-06-20T11:50:00Z""}",v2.3.0-fixed
evt_002769,u_0457,signup_started,2026-06-20T12:00:00Z,u_0457_s01,ins_u_0457_001,{},v2.3.0-fixed
evt_002770,u_0457,signup_completed,2026-06-20T12:01:00Z,u_0457_s01,ins_u_0457_002,{},v2.3.0-fixed
evt_002771,u_0693,signup_completed,2026-06-20T12:02:00Z,u_0693_s01,ins_u_0693_002,{},v2.3.0-fixed
evt_002772,u_0565,onboarding_completed,2026-06-20T12:03:00Z,u_0565_s01,ins_u_0565_005,"{""completed_at"": ""2026-06-20T12:16:00Z""}",v2.3.0-fixed
evt_002773,u_0143,session_abandoned,2026-06-20T12:04:00Z,u_0143_s01,ins_u_0143_003,{},v2.3.0-fixed
evt_002774,u_0457,profile_saved,2026-06-20T12:04:00Z,u_0457_s01,ins_u_0457_003,{},v2.3.0-fixed
evt_002775,u_0693,profile_saved,2026-06-20T12:04:00Z,u_0693_s01,ins_u_0693_003,{},v2.3.0-fixed
evt_002776,u_0693,onboarding_step_viewed,2026-06-20T12:08:00Z,u_0693_s01,ins_u_0693_004,{},v2.3.0-fixed
evt_002777,u_0702,signup_started,2026-06-20T12:08:00Z,u_0702_s01,ins_u_0702_001,{},v2.3.0-fixed
evt_002778,u_0171,return_visit,2026-06-20T12:09:00Z,u_0171_s02,ins_u_0171_007,{},v2.3.0-fixed
evt_002779,u_0034,onboarding_completed,2026-06-20T12:12:00Z,u_0034_s01,ins_u_0034_005,"{""completed_at"": ""2026-06-20T12:05:00Z""}",v2.3.0-fixed
evt_002780,u_0702,signup_completed,2026-06-20T12:13:00Z,u_0702_s01,ins_u_0702_002,{},v2.3.0-fixed
evt_002781,u_0171,feature_used,2026-06-20T12:14:00Z,u_0171_s02,ins_u_0171_008,"{""feature"": ""insights""}",v2.3.0-fixed
evt_002782,u_0275,signup_started,2026-06-20T12:15:00Z,u_0275_s01,ins_u_0275_001,{},v2.3.0-fixed
evt_002783,u_0489,signup_started,2026-06-20T12:15:00Z,u_0489_s01,ins_u_0489_001,{},v2.3.0-fixed
evt_002784,u_0275,session_abandoned,2026-06-20T12:18:00Z,u_0275_s01,ins_u_0275_002,{},v2.3.0-fixed
evt_002785,u_0702,session_abandoned,2026-06-20T12:19:00Z,u_0702_s01,ins_u_0702_003,{},v2.3.0-fixed
evt_002786,u_0489,signup_completed,2026-06-20T12:23:00Z,u_0489_s01,ins_u_0489_002,{},v2.3.0-fixed
evt_002787,u_0300,onboarding_completed,2026-06-20T12:24:00Z,u_0300_s01,ins_u_0300_005,"{""completed_at"": ""2026-06-20T12:23:00Z""}",v2.3.0-fixed
evt_002788,u_0145,signup_started,2026-06-20T12:25:00Z,u_0145_s01,ins_u_0145_001,{},v2.3.0-fixed
evt_002789,u_0457,feature_used,2026-06-20T12:27:00Z,u_0457_s01,ins_u_0457_004,"{""feature"": ""insights""}",v2.3.0-fixed
evt_002790,u_0728,signup_started,2026-06-20T12:28:00Z,u_0728_s01,ins_u_0728_001,{},v2.3.0-fixed
evt_002791,u_0795,onboarding_completed,2026-06-20T12:28:00Z,u_0795_s01,ins_u_0795_006,"{""completed_at"": ""2026-06-20T12:14:00Z""}",v2.3.0-fixed
evt_002792,u_0145,signup_completed,2026-06-20T12:31:00Z,u_0145_s01,ins_u_0145_002,{},v2.3.0-fixed
evt_002793,u_0482,signup_started,2026-06-20T12:32:00Z,u_0482_s01,ins_u_0482_001,{},v2.3.0-fixed
evt_002794,u_0728,signup_completed,2026-06-20T12:32:00Z,u_0728_s01,ins_u_0728_002,{},v2.3.0-fixed
evt_002795,u_0457,onboarding_completed,2026-06-20T12:33:00Z,u_0457_s01,ins_u_0457_005,"{""completed_at"": ""2026-06-20T12:30:00Z""}",v2.3.0-fixed
evt_002796,u_0482,signup_completed,2026-06-20T12:33:00Z,u_0482_s01,ins_u_0482_002,{},v2.3.0-fixed
evt_002797,u_0489,profile_saved,2026-06-20T12:33:00Z,u_0489_s01,ins_u_0489_003,{},v2.3.0-fixed
evt_002798,u_0145,profile_saved,2026-06-20T12:35:00Z,u_0145_s01,ins_u_0145_003,{},v2.3.0-fixed
evt_002799,u_0489,onboarding_step_viewed,2026-06-20T12:35:00Z,u_0489_s01,ins_u_0489_004,{},v2.3.0-fixed
evt_002800,u_0145,error_shown,2026-06-20T12:36:00Z,u_0145_s01,ins_u_0145_004,"{""code"": ""onboarding_timeout""}",v2.3.0-fixed
evt_002801,u_0482,profile_saved,2026-06-20T12:36:00Z,u_0482_s01,ins_u_0482_003,{},v2.3.0-fixed
evt_002802,u_0795,activation_completed,2026-06-20T12:37:00Z,u_0795_s01,ins_u_0795_007,{},v2.3.0-fixed
evt_002803,u_0482,onboarding_step_viewed,2026-06-20T12:38:00Z,u_0482_s01,ins_u_0482_004,{},v2.3.0-fixed
evt_002804,u_0728,session_abandoned,2026-06-20T12:40:00Z,u_0728_s01,ins_u_0728_003,{},v2.3.0-fixed
evt_002805,u_0145,onboarding_step_viewed,2026-06-20T12:41:00Z,u_0145_s01,ins_u_0145_005,{},v2.3.0-fixed
evt_002806,u_0693,onboarding_completed,2026-06-20T12:41:00Z,u_0693_s01,ins_u_0693_005,"{""completed_at"": ""2026-06-20T12:35:00Z""}",v2.3.0-fixed
evt_002807,u_0326,signup_started,2026-06-20T12:48:00Z,u_0326_s01,ins_u_0326_001,{},v2.3.0-fixed
evt_002808,u_0277,signup_started,2026-06-20T12:49:00Z,u_0277_s01,ins_u_0277_001,{},v2.3.0-fixed
evt_002809,u_0242,signup_started,2026-06-20T12:51:00Z,u_0242_s01,ins_u_0242_001,{},v2.3.0-fixed
evt_002810,u_0277,signup_completed,2026-06-20T12:51:00Z,u_0277_s01,ins_u_0277_002,{},v2.3.0-fixed
evt_002811,u_0571,signup_started,2026-06-20T12:52:00Z,u_0571_s01,ins_u_0571_001,{},v2.3.0-fixed
evt_002812,u_0145,feature_used,2026-06-20T12:54:00Z,u_0145_s01,ins_u_0145_006,"{""feature"": ""insights""}",v2.3.0-fixed
evt_002813,u_0326,signup_completed,2026-06-20T12:54:00Z,u_0326_s01,ins_u_0326_002,{},v2.3.0-fixed
evt_002814,u_0034,activation_completed,2026-06-20T12:55:00Z,u_0034_s01,ins_u_0034_006,{},v2.3.0-fixed
evt_002815,u_0277,session_abandoned,2026-06-20T12:56:00Z,u_0277_s01,ins_u_0277_003,{},v2.3.0-fixed
evt_002816,u_0571,signup_completed,2026-06-20T12:57:00Z,u_0571_s01,ins_u_0571_002,{},v2.3.0-fixed
evt_002817,u_0242,session_abandoned,2026-06-20T12:59:00Z,u_0242_s01,ins_u_0242_002,{},v2.3.0-fixed
evt_002818,u_0326,profile_saved,2026-06-20T13:00:00Z,u_0326_s01,ins_u_0326_003,{},v2.3.0-fixed
evt_002819,u_0489,onboarding_completed,2026-06-20T13:00:00Z,u_0489_s01,ins_u_0489_005,"{""completed_at"": ""2026-06-20T12:59:00Z""}",v2.3.0-fixed
evt_002820,u_0433,return_visit,2026-06-20T13:01:00Z,u_0433_s02,ins_u_0433_006,{},v2.3.0-fixed
evt_002821,u_0482,onboarding_completed,2026-06-20T13:02:00Z,u_0482_s01,ins_u_0482_005,"{""completed_at"": ""2026-06-20T13:12:00Z""}",v2.3.0-fixed
evt_002822,u_0145,onboarding_completed,2026-06-20T13:04:00Z,u_0145_s01,ins_u_0145_007,"{""completed_at"": ""2026-06-20T13:02:00Z""}",v2.3.0-fixed
evt_002823,u_0457,activation_completed,2026-06-20T13:04:00Z,u_0457_s01,ins_u_0457_006,{},v2.3.0-fixed
evt_002824,u_0549,signup_started,2026-06-20T13:04:00Z,u_0549_s01,ins_u_0549_001,{},v2.3.0-fixed
evt_002825,u_0571,session_abandoned,2026-06-20T13:05:00Z,u_0571_s01,ins_u_0571_003,{},v2.3.0-fixed
evt_002826,u_0326,onboarding_step_viewed,2026-06-20T13:06:00Z,u_0326_s01,ins_u_0326_004,{},v2.3.0-fixed
evt_002827,u_0549,signup_completed,2026-06-20T13:07:00Z,u_0549_s01,ins_u_0549_002,{},v2.3.0-fixed
evt_002828,u_0549,profile_saved,2026-06-20T13:09:00Z,u_0549_s01,ins_u_0549_003,{},v2.3.0-fixed
evt_002829,u_0549,onboarding_step_viewed,2026-06-20T13:11:00Z,u_0549_s01,ins_u_0549_004,{},v2.3.0-fixed
evt_002830,u_0436,signup_started,2026-06-20T13:17:00Z,u_0436_s01,ins_u_0436_001,{},v2.3.0-fixed
evt_002831,u_0436,session_abandoned,2026-06-20T13:20:00Z,u_0436_s01,ins_u_0436_002,{},v2.3.0-fixed
evt_002832,u_0209,signup_started,2026-06-20T13:24:00Z,u_0209_s01,ins_u_0209_001,{},v2.3.0-fixed
evt_002833,u_0145,activation_completed,2026-06-20T13:25:00Z,u_0145_s01,ins_u_0145_008,{},v2.3.0-fixed
evt_002834,u_0326,feature_used,2026-06-20T13:25:00Z,u_0326_s01,ins_u_0326_005,"{""feature"": ""board""}",v2.3.0-fixed
evt_002835,u_0549,feature_used,2026-06-20T13:26:00Z,u_0549_s01,ins_u_0549_005,"{""feature"": ""insights""}",v2.3.0-fixed
evt_002836,u_0647,signup_started,2026-06-20T13:26:00Z,u_0647_s01,ins_u_0647_001,{},v2.3.0-fixed
evt_002837,u_0647,signup_completed,2026-06-20T13:29:00Z,u_0647_s01,ins_u_0647_002,{},v2.3.0-fixed
evt_002838,u_0209,session_abandoned,2026-06-20T13:31:00Z,u_0209_s01,ins_u_0209_002,{},v2.3.0-fixed
evt_002839,u_0647,session_abandoned,2026-06-20T13:33:00Z,u_0647_s01,ins_u_0647_003,{},v2.3.0-fixed
evt_002840,u_0489,activation_completed,2026-06-20T13:34:00Z,u_0489_s01,ins_u_0489_006,{},v2.3.0-fixed
evt_002841,u_0326,onboarding_completed,2026-06-20T13:36:00Z,u_0326_s01,ins_u_0326_006,"{""completed_at"": ""2026-06-20T13:38:00Z""}",v2.3.0-fixed
evt_002842,u_0672,signup_started,2026-06-20T13:37:00Z,u_0672_s01,ins_u_0672_001,{},v2.3.0-fixed
evt_002843,u_0672,session_abandoned,2026-06-20T13:44:00Z,u_0672_s01,ins_u_0672_002,{},v2.3.0-fixed
evt_002844,u_0372,signup_started,2026-06-20T13:49:00Z,u_0372_s01,ins_u_0372_001,{},v2.3.0-fixed
evt_002845,u_0372,signup_completed,2026-06-20T13:57:00Z,u_0372_s01,ins_u_0372_002,{},v2.3.0-fixed
evt_002846,u_0285,signup_started,2026-06-20T13:58:00Z,u_0285_s01,ins_u_0285_001,{},v2.3.0-fixed
evt_002847,u_0285,signup_completed,2026-06-20T14:03:00Z,u_0285_s01,ins_u_0285_002,{},v2.3.0-fixed
evt_002848,u_0372,profile_saved,2026-06-20T14:05:00Z,u_0372_s01,ins_u_0372_003,{},v2.3.0-fixed
evt_002849,u_0285,profile_saved,2026-06-20T14:09:00Z,u_0285_s01,ins_u_0285_003,{},v2.3.0-fixed
evt_002850,u_0372,onboarding_step_viewed,2026-06-20T14:09:00Z,u_0372_s01,ins_u_0372_004,{},v2.3.0-fixed
evt_002851,u_0326,activation_completed,2026-06-20T14:10:00Z,u_0326_s01,ins_u_0326_007,{},v2.3.0-fixed
evt_002852,u_0564,signup_started,2026-06-20T14:21:00Z,u_0564_s01,ins_u_0564_001,{},v2.3.0-fixed
evt_002853,u_0616,signup_started,2026-06-20T14:21:00Z,u_0616_s01,ins_u_0616_001,{},v2.3.0-fixed
evt_002854,u_0616,signup_completed,2026-06-20T14:23:00Z,u_0616_s01,ins_u_0616_002,{},v2.3.0-fixed
evt_002855,u_0564,session_abandoned,2026-06-20T14:24:00Z,u_0564_s01,ins_u_0564_002,{},v2.3.0-fixed
evt_002856,u_0264,signup_started,2026-06-20T14:30:00Z,u_0264_s01,ins_u_0264_001,{},v2.3.0-fixed
evt_002857,u_0372,feature_used,2026-06-20T14:30:00Z,u_0372_s01,ins_u_0372_005,"{""feature"": ""board""}",v2.3.0-fixed
evt_002858,u_0616,profile_saved,2026-06-20T14:33:00Z,u_0616_s01,ins_u_0616_003,{},v2.3.0-fixed
evt_002859,u_0505,signup_started,2026-06-20T14:35:00Z,u_0505_s01,ins_u_0505_001,{},v2.3.0-fixed
evt_002860,u_0505,signup_completed,2026-06-20T14:36:00Z,u_0505_s01,ins_u_0505_002,{},v2.3.0-fixed
evt_002861,u_0654,signup_started,2026-06-20T14:36:00Z,u_0654_s01,ins_u_0654_001,{},v2.3.0-fixed
evt_002862,u_0264,signup_completed,2026-06-20T14:37:00Z,u_0264_s01,ins_u_0264_002,{},v2.3.0-fixed
evt_002863,u_0372,onboarding_completed,2026-06-20T14:37:00Z,u_0372_s01,ins_u_0372_006,"{""completed_at"": ""2026-06-20T14:33:00Z""}",v2.3.0-fixed
evt_002864,u_0616,onboarding_step_viewed,2026-06-20T14:37:00Z,u_0616_s01,ins_u_0616_004,{},v2.3.0-fixed
evt_002865,u_0349,signup_started,2026-06-20T14:38:00Z,u_0349_s01,ins_u_0349_001,{},v2.3.0-fixed
evt_002866,u_0505,profile_saved,2026-06-20T14:38:00Z,u_0505_s01,ins_u_0505_003,{},v2.3.0-fixed
evt_002867,u_0349,session_abandoned,2026-06-20T14:39:00Z,u_0349_s01,ins_u_0349_002,{},v2.3.0-fixed
evt_002868,u_0285,onboarding_completed,2026-06-20T14:42:00Z,u_0285_s01,ins_u_0285_004,"{""completed_at"": ""2026-06-20T14:45:00Z""}",v2.3.0-fixed
evt_002869,u_0654,session_abandoned,2026-06-20T14:42:00Z,u_0654_s01,ins_u_0654_002,{},v2.3.0-fixed
evt_002870,u_0264,profile_saved,2026-06-20T14:44:00Z,u_0264_s01,ins_u_0264_003,{},v2.3.0-fixed
evt_002871,u_0505,onboarding_step_viewed,2026-06-20T14:44:00Z,u_0505_s01,ins_u_0505_004,{},v2.3.0-fixed
evt_002872,u_0264,onboarding_step_viewed,2026-06-20T14:47:00Z,u_0264_s01,ins_u_0264_004,{},v2.3.0-fixed
evt_002873,u_0616,feature_used,2026-06-20T14:51:00Z,u_0616_s01,ins_u_0616_005,"{""feature"": ""board""}",v2.3.0-fixed
evt_002874,u_0619,signup_started,2026-06-20T15:09:00Z,u_0619_s01,ins_u_0619_001,{},v2.3.0-fixed
evt_002875,u_0616,onboarding_completed,2026-06-20T15:10:00Z,u_0616_s01,ins_u_0616_006,"{""completed_at"": ""2026-06-20T14:59:00Z""}",v2.3.0-fixed
evt_002876,u_0619,signup_completed,2026-06-20T15:12:00Z,u_0619_s01,ins_u_0619_002,{},v2.3.0-fixed
evt_002877,u_0012,signup_started,2026-06-20T15:16:00Z,u_0012_s01,ins_u_0012_001,{},v2.3.0-fixed
evt_002878,u_0619,profile_saved,2026-06-20T15:16:00Z,u_0619_s01,ins_u_0619_003,{},v2.3.0-fixed
evt_002879,u_0264,onboarding_completed,2026-06-20T15:18:00Z,u_0264_s01,ins_u_0264_005,"{""completed_at"": ""2026-06-20T15:24:00Z""}",v2.3.0-fixed
evt_002880,u_0505,onboarding_completed,2026-06-20T15:20:00Z,u_0505_s01,ins_u_0505_005,"{""completed_at"": ""2026-06-20T15:17:00Z""}",v2.3.0-fixed
evt_002881,u_0616,activation_completed,2026-06-20T15:20:00Z,u_0616_s01,ins_u_0616_007,{},v2.3.0-fixed
evt_002882,u_0012,signup_completed,2026-06-20T15:22:00Z,u_0012_s01,ins_u_0012_002,{},v2.3.0-fixed
evt_002883,u_0619,onboarding_step_viewed,2026-06-20T15:22:00Z,u_0619_s01,ins_u_0619_004,{},v2.3.0-fixed
evt_002884,u_0012,profile_saved,2026-06-20T15:27:00Z,u_0012_s01,ins_u_0012_003,{},v2.3.0-fixed
evt_002885,u_0619,feature_used,2026-06-20T15:27:00Z,u_0619_s01,ins_u_0619_005,"{""feature"": ""insights""}",v2.3.0-fixed
evt_002886,u_0012,onboarding_step_viewed,2026-06-20T15:29:00Z,u_0012_s01,ins_u_0012_004,{},v2.3.0-fixed
evt_002887,u_0478,signup_started,2026-06-20T15:34:00Z,u_0478_s01,ins_u_0478_001,{},v2.3.0-fixed
evt_002888,u_0012,feature_used,2026-06-20T15:36:00Z,u_0012_s01,ins_u_0012_005,"{""feature"": ""board""}",v2.3.0-fixed
evt_002889,u_0478,signup_completed,2026-06-20T15:37:00Z,u_0478_s01,ins_u_0478_002,{},v2.3.0-fixed
evt_002890,u_0121,signup_started,2026-06-20T15:38:00Z,u_0121_s01,ins_u_0121_001,{},v2.3.0-fixed
evt_002891,u_0230,signup_started,2026-06-20T15:41:00Z,u_0230_s01,ins_u_0230_001,{},v2.3.0-fixed
evt_002892,u_0478,session_abandoned,2026-06-20T15:41:00Z,u_0478_s01,ins_u_0478_003,{},v2.3.0-fixed
evt_002893,u_0230,session_abandoned,2026-06-20T15:42:00Z,u_0230_s01,ins_u_0230_002,{},v2.3.0-fixed
evt_002894,u_0121,session_abandoned,2026-06-20T15:44:00Z,u_0121_s01,ins_u_0121_002,{},v2.3.0-fixed
evt_002895,u_0505,activation_completed,2026-06-20T15:47:00Z,u_0505_s01,ins_u_0505_006,{},v2.3.0-fixed
evt_002896,u_0407,signup_started,2026-06-20T15:49:00Z,u_0407_s01,ins_u_0407_001,{},v2.3.0-fixed
evt_002897,u_0178,signup_started,2026-06-20T15:50:00Z,u_0178_s01,ins_u_0178_001,{},v2.3.0-fixed
evt_002898,u_0178,signup_completed,2026-06-20T15:52:00Z,u_0178_s01,ins_u_0178_002,{},v2.3.0-fixed
evt_002899,u_0619,onboarding_completed,2026-06-20T15:56:00Z,u_0619_s01,ins_u_0619_006,"{""completed_at"": ""2026-06-20T15:51:00Z""}",v2.3.0-fixed
evt_002900,u_0012,onboarding_completed,2026-06-20T15:57:00Z,u_0012_s01,ins_u_0012_006,"{""completed_at"": ""2026-06-20T15:58:00Z""}",v2.3.0-fixed
evt_002901,u_0407,session_abandoned,2026-06-20T15:57:00Z,u_0407_s01,ins_u_0407_002,{},v2.3.0-fixed
evt_002902,u_0178,profile_saved,2026-06-20T15:59:00Z,u_0178_s01,ins_u_0178_003,{},v2.3.0-fixed
evt_002903,u_0591,signup_started,2026-06-20T16:00:00Z,u_0591_s01,ins_u_0591_001,{},v2.3.0-fixed
evt_002904,u_0178,onboarding_step_viewed,2026-06-20T16:02:00Z,u_0178_s01,ins_u_0178_004,{},v2.3.0-fixed
evt_002905,u_0488,signup_started,2026-06-20T16:05:00Z,u_0488_s01,ins_u_0488_001,{},v2.3.0-fixed
evt_002906,u_0591,signup_completed,2026-06-20T16:05:00Z,u_0591_s01,ins_u_0591_002,{},v2.3.0-fixed
evt_002907,u_0387,signup_started,2026-06-20T16:06:00Z,u_0387_s01,ins_u_0387_001,{},v2.3.0-fixed
evt_002908,u_0387,signup_completed,2026-06-20T16:08:00Z,u_0387_s01,ins_u_0387_002,{},v2.3.0-fixed
evt_002909,u_0591,profile_saved,2026-06-20T16:09:00Z,u_0591_s01,ins_u_0591_003,{},v2.3.0-fixed
evt_002910,u_0488,signup_completed,2026-06-20T16:12:00Z,u_0488_s01,ins_u_0488_002,{},v2.3.0-fixed
evt_002911,u_0387,profile_saved,2026-06-20T16:15:00Z,u_0387_s01,ins_u_0387_003,{},v2.3.0-fixed
evt_002912,u_0591,onboarding_step_viewed,2026-06-20T16:15:00Z,u_0591_s01,ins_u_0591_004,{},v2.3.0-fixed
evt_002913,u_0178,feature_used,2026-06-20T16:16:00Z,u_0178_s01,ins_u_0178_005,"{""feature"": ""board""}",v2.3.0-fixed
evt_002914,u_0387,error_shown,2026-06-20T16:16:00Z,u_0387_s01,ins_u_0387_004,"{""code"": ""onboarding_timeout""}",v2.3.0-fixed
evt_002915,u_0466,signup_started,2026-06-20T16:16:00Z,u_0466_s01,ins_u_0466_001,{},v2.3.0-fixed
evt_002916,u_0387,onboarding_step_viewed,2026-06-20T16:17:00Z,u_0387_s01,ins_u_0387_005,{},v2.3.0-fixed
evt_002917,u_0488,profile_saved,2026-06-20T16:18:00Z,u_0488_s01,ins_u_0488_003,{},v2.3.0-fixed
evt_002918,u_0488,onboarding_step_viewed,2026-06-20T16:20:00Z,u_0488_s01,ins_u_0488_004,{},v2.3.0-fixed
evt_002919,u_0012,activation_completed,2026-06-20T16:22:00Z,u_0012_s01,ins_u_0012_007,{},v2.3.0-fixed
evt_002920,u_0466,signup_completed,2026-06-20T16:23:00Z,u_0466_s01,ins_u_0466_002,{},v2.3.0-fixed
evt_002921,u_0466,session_abandoned,2026-06-20T16:27:00Z,u_0466_s01,ins_u_0466_003,{},v2.3.0-fixed
evt_002922,u_0178,onboarding_completed,2026-06-20T16:38:00Z,u_0178_s01,ins_u_0178_006,"{""completed_at"": ""2026-06-20T16:26:00Z""}",v2.3.0-fixed
evt_002923,u_0387,feature_used,2026-06-20T16:40:00Z,u_0387_s01,ins_u_0387_006,"{""feature"": ""insights""}",v2.3.0-fixed
evt_002924,u_0488,onboarding_completed,2026-06-20T16:47:00Z,u_0488_s01,ins_u_0488_005,"{""completed_at"": ""2026-06-20T16:44:00Z""}",v2.3.0-fixed
evt_002925,u_0629,signup_started,2026-06-20T16:48:00Z,u_0629_s01,ins_u_0629_001,{},v2.3.0-fixed
evt_002926,u_0629,signup_completed,2026-06-20T16:49:00Z,u_0629_s01,ins_u_0629_002,{},v2.3.0-fixed
evt_002927,u_0630,signup_started,2026-06-20T16:49:00Z,u_0630_s01,ins_u_0630_001,{},v2.3.0-fixed
evt_002928,u_0591,onboarding_completed,2026-06-20T16:51:00Z,u_0591_s01,ins_u_0591_005,"{""completed_at"": ""2026-06-20T16:42:00Z""}",v2.3.0-fixed
evt_002929,u_0629,session_abandoned,2026-06-20T16:56:00Z,u_0629_s01,ins_u_0629_003,{},v2.3.0-fixed
evt_002930,u_0387,onboarding_completed,2026-06-20T16:57:00Z,u_0387_s01,ins_u_0387_007,"{""completed_at"": ""2026-06-20T16:45:00Z""}",v2.3.0-fixed
evt_002931,u_0562,signup_started,2026-06-20T16:57:00Z,u_0562_s01,ins_u_0562_001,{},v2.3.0-fixed
evt_002932,u_0630,signup_completed,2026-06-20T16:57:00Z,u_0630_s01,ins_u_0630_002,{},v2.3.0-fixed
evt_002933,u_0591,activation_completed,2026-06-20T17:04:00Z,u_0591_s01,ins_u_0591_006,{},v2.3.0-fixed
evt_002934,u_0630,session_abandoned,2026-06-20T17:04:00Z,u_0630_s01,ins_u_0630_003,{},v2.3.0-fixed
evt_002935,u_0336,signup_started,2026-06-20T17:05:00Z,u_0336_s01,ins_u_0336_001,{},v2.3.0-fixed
evt_002936,u_0562,signup_completed,2026-06-20T17:05:00Z,u_0562_s01,ins_u_0562_002,{},v2.3.0-fixed
evt_002937,u_0178,activation_completed,2026-06-20T17:07:00Z,u_0178_s01,ins_u_0178_007,{},v2.3.0-fixed
evt_002938,u_0720,signup_started,2026-06-20T17:08:00Z,u_0720_s01,ins_u_0720_001,{},v2.3.0-fixed
evt_002939,u_0720,signup_completed,2026-06-20T17:09:00Z,u_0720_s01,ins_u_0720_002,{},v2.3.0-fixed
evt_002940,u_0336,signup_completed,2026-06-20T17:12:00Z,u_0336_s01,ins_u_0336_002,{},v2.3.0-fixed
evt_002941,u_0731,signup_started,2026-06-20T17:13:00Z,u_0731_s01,ins_u_0731_001,{},v2.3.0-fixed
evt_002942,u_0234,signup_started,2026-06-20T17:14:00Z,u_0234_s01,ins_u_0234_001,{},v2.3.0-fixed
evt_002943,u_0562,session_abandoned,2026-06-20T17:14:00Z,u_0562_s01,ins_u_0562_003,{},v2.3.0-fixed
evt_002944,u_0720,profile_saved,2026-06-20T17:14:00Z,u_0720_s01,ins_u_0720_003,{},v2.3.0-fixed
evt_002945,u_0648,signup_started,2026-06-20T17:17:00Z,u_0648_s01,ins_u_0648_001,{},v2.3.0-fixed
evt_002946,u_0731,signup_completed,2026-06-20T17:17:00Z,u_0731_s01,ins_u_0731_002,{},v2.3.0-fixed
evt_002947,u_0648,signup_completed,2026-06-20T17:18:00Z,u_0648_s01,ins_u_0648_002,{},v2.3.0-fixed
evt_002948,u_0234,signup_completed,2026-06-20T17:20:00Z,u_0234_s01,ins_u_0234_002,{},v2.3.0-fixed
evt_002949,u_0488,activation_completed,2026-06-20T17:20:00Z,u_0488_s01,ins_u_0488_006,{},v2.3.0-fixed
evt_002950,u_0720,onboarding_step_viewed,2026-06-20T17:20:00Z,u_0720_s01,ins_u_0720_004,{},v2.3.0-fixed
evt_002951,u_0648,profile_saved,2026-06-20T17:21:00Z,u_0648_s01,ins_u_0648_003,{},v2.3.0-fixed
evt_002952,u_0336,profile_saved,2026-06-20T17:22:00Z,u_0336_s01,ins_u_0336_003,{},v2.3.0-fixed
evt_002953,u_0274,signup_started,2026-06-20T17:23:00Z,u_0274_s01,ins_u_0274_001,{},v2.3.0-fixed
evt_002954,u_0731,session_abandoned,2026-06-20T17:23:00Z,u_0731_s01,ins_u_0731_003,{},v2.3.0-fixed
evt_002955,u_0720,feature_used,2026-06-20T17:24:00Z,u_0720_s01,ins_u_0720_005,"{""feature"": ""board""}",v2.3.0-fixed
evt_002956,u_0234,profile_saved,2026-06-20T17:25:00Z,u_0234_s01,ins_u_0234_003,{},v2.3.0-fixed
evt_002957,u_0274,signup_completed,2026-06-20T17:25:00Z,u_0274_s01,ins_u_0274_002,{},v2.3.0-fixed
evt_002958,u_0274,profile_saved,2026-06-20T17:27:00Z,u_0274_s01,ins_u_0274_003,{},v2.3.0-fixed
evt_002959,u_0648,onboarding_step_viewed,2026-06-20T17:27:00Z,u_0648_s01,ins_u_0648_004,{},v2.3.0-fixed
evt_002960,u_0400,signup_started,2026-06-20T17:28:00Z,u_0400_s01,ins_u_0400_001,{},v2.3.0-fixed
evt_002961,u_0234,onboarding_step_viewed,2026-06-20T17:30:00Z,u_0234_s01,ins_u_0234_004,{},v2.3.0-fixed
evt_002962,u_0274,onboarding_step_viewed,2026-06-20T17:30:00Z,u_0274_s01,ins_u_0274_004,{},v2.3.0-fixed
evt_002963,u_0400,signup_completed,2026-06-20T17:30:00Z,u_0400_s01,ins_u_0400_002,{},v2.3.0-fixed
evt_002964,u_0400,profile_saved,2026-06-20T17:40:00Z,u_0400_s01,ins_u_0400_003,{},v2.3.0-fixed
evt_002965,u_0274,feature_used,2026-06-20T17:41:00Z,u_0274_s01,ins_u_0274_005,"{""feature"": ""board""}",v2.3.0-fixed
evt_002966,u_0400,onboarding_step_viewed,2026-06-20T17:42:00Z,u_0400_s01,ins_u_0400_004,{},v2.3.0-fixed
evt_002967,u_0336,feature_used,2026-06-20T17:44:00Z,u_0336_s01,ins_u_0336_004,"{""feature"": ""board""}",v2.3.0-fixed
evt_002968,u_0378,signup_started,2026-06-20T17:48:00Z,u_0378_s01,ins_u_0378_001,{},v2.3.0-fixed
evt_002969,u_0720,onboarding_completed,2026-06-20T17:48:00Z,u_0720_s01,ins_u_0720_006,"{""completed_at"": ""2026-06-20T17:44:00Z""}",v2.3.0-fixed
evt_002970,u_0704,signup_started,2026-06-20T17:50:00Z,u_0704_s01,ins_u_0704_001,{},v2.3.0-fixed
evt_002971,u_0507,signup_started,2026-06-20T17:52:00Z,u_0507_s01,ins_u_0507_001,{},v2.3.0-fixed
evt_002972,u_0378,session_abandoned,2026-06-20T17:55:00Z,u_0378_s01,ins_u_0378_002,{},v2.3.0-fixed
evt_002973,u_0704,signup_completed,2026-06-20T17:58:00Z,u_0704_s01,ins_u_0704_002,{},v2.3.0-fixed
evt_002974,u_0507,signup_completed,2026-06-20T18:00:00Z,u_0507_s01,ins_u_0507_002,{},v2.3.0-fixed
evt_002975,u_0782,signup_started,2026-06-20T18:00:00Z,u_0782_s01,ins_u_0782_001,{},v2.3.0-fixed
evt_002976,u_0782,session_abandoned,2026-06-20T18:02:00Z,u_0782_s01,ins_u_0782_002,{},v2.3.0-fixed
evt_002977,u_0274,onboarding_completed,2026-06-20T18:04:00Z,u_0274_s01,ins_u_0274_006,"{""completed_at"": ""2026-06-20T17:57:00Z""}",v2.3.0-fixed
evt_002978,u_0336,onboarding_completed,2026-06-20T18:04:00Z,u_0336_s01,ins_u_0336_005,"{""completed_at"": ""2026-06-20T17:51:00Z""}",v2.3.0-fixed
evt_002979,u_0394,signup_started,2026-06-20T18:04:00Z,u_0394_s01,ins_u_0394_001,{},v2.3.0-fixed
evt_002980,u_0704,profile_saved,2026-06-20T18:05:00Z,u_0704_s01,ins_u_0704_003,{},v2.3.0-fixed
evt_002981,u_0402,signup_started,2026-06-20T18:06:00Z,u_0402_s01,ins_u_0402_001,{},v2.3.0-fixed
evt_002982,u_0507,profile_saved,2026-06-20T18:07:00Z,u_0507_s01,ins_u_0507_003,{},v2.3.0-fixed
evt_002983,u_0548,signup_started,2026-06-20T18:07:00Z,u_0548_s01,ins_u_0548_001,{},v2.3.0-fixed
evt_002984,u_0704,onboarding_step_viewed,2026-06-20T18:08:00Z,u_0704_s01,ins_u_0704_004,{},v2.3.0-fixed
evt_002985,u_0394,signup_completed,2026-06-20T18:09:00Z,u_0394_s01,ins_u_0394_002,{},v2.3.0-fixed
evt_002986,u_0402,signup_completed,2026-06-20T18:12:00Z,u_0402_s01,ins_u_0402_002,{},v2.3.0-fixed
evt_002987,u_0507,onboarding_step_viewed,2026-06-20T18:12:00Z,u_0507_s01,ins_u_0507_004,{},v2.3.0-fixed
evt_002988,u_0379,signup_started,2026-06-20T18:14:00Z,u_0379_s01,ins_u_0379_001,{},v2.3.0-fixed
evt_002989,u_0548,signup_completed,2026-06-20T18:14:00Z,u_0548_s01,ins_u_0548_002,{},v2.3.0-fixed
evt_002990,u_0379,signup_completed,2026-06-20T18:15:00Z,u_0379_s01,ins_u_0379_002,{},v2.3.0-fixed
evt_002991,u_0322,signup_started,2026-06-20T18:17:00Z,u_0322_s01,ins_u_0322_001,{},v2.3.0-fixed
evt_002992,u_0366,signup_started,2026-06-20T18:17:00Z,u_0366_s01,ins_u_0366_001,{},v2.3.0-fixed
evt_002993,u_0400,onboarding_completed,2026-06-20T18:17:00Z,u_0400_s01,ins_u_0400_005,"{""completed_at"": ""2026-06-20T18:09:00Z""}",v2.3.0-fixed
evt_002994,u_0402,session_abandoned,2026-06-20T18:17:00Z,u_0402_s01,ins_u_0402_003,{},v2.3.0-fixed
evt_002995,u_0394,profile_saved,2026-06-20T18:19:00Z,u_0394_s01,ins_u_0394_003,{},v2.3.0-fixed
evt_002996,u_0507,feature_used,2026-06-20T18:19:00Z,u_0507_s01,ins_u_0507_005,"{""feature"": ""insights""}",v2.3.0-fixed
evt_002997,u_0366,signup_completed,2026-06-20T18:20:00Z,u_0366_s01,ins_u_0366_002,{},v2.3.0-fixed
evt_002998,u_0234,activation_completed,2026-06-20T18:21:00Z,u_0234_s01,ins_u_0234_005,{},v2.3.0-fixed
evt_002999,u_0379,session_abandoned,2026-06-20T18:21:00Z,u_0379_s01,ins_u_0379_003,{},v2.3.0-fixed
evt_003000,u_0735,signup_started,2026-06-20T18:21:00Z,u_0735_s01,ins_u_0735_001,{},v2.3.0-fixed
evt_003001,u_0322,signup_completed,2026-06-20T18:22:00Z,u_0322_s01,ins_u_0322_002,{},v2.3.0-fixed
evt_003002,u_0469,signup_started,2026-06-20T18:22:00Z,u_0469_s01,ins_u_0469_001,{},v2.3.0-fixed
evt_003003,u_0469,signup_completed,2026-06-20T18:23:00Z,u_0469_s01,ins_u_0469_002,{},v2.3.0-fixed
evt_003004,u_0548,profile_saved,2026-06-20T18:24:00Z,u_0548_s01,ins_u_0548_003,{},v2.3.0-fixed
evt_003005,u_0735,session_abandoned,2026-06-20T18:24:00Z,u_0735_s01,ins_u_0735_002,{},v2.3.0-fixed
evt_003006,u_0366,session_abandoned,2026-06-20T18:25:00Z,u_0366_s01,ins_u_0366_003,{},v2.3.0-fixed
evt_003007,u_0322,session_abandoned,2026-06-20T18:26:00Z,u_0322_s01,ins_u_0322_003,{},v2.3.0-fixed
evt_003008,u_0035,signup_started,2026-06-20T18:27:00Z,u_0035_s01,ins_u_0035_001,{},v2.3.0-fixed
evt_003009,u_0548,onboarding_step_viewed,2026-06-20T18:27:00Z,u_0548_s01,ins_u_0548_004,{},v2.3.0-fixed
evt_003010,u_0704,feature_used,2026-06-20T18:30:00Z,u_0704_s01,ins_u_0704_005,"{""feature"": ""board""}",v2.3.0-fixed
evt_003011,u_0035,signup_completed,2026-06-20T18:31:00Z,u_0035_s01,ins_u_0035_002,{},v2.3.0-fixed
evt_003012,u_0469,session_abandoned,2026-06-20T18:32:00Z,u_0469_s01,ins_u_0469_003,{},v2.3.0-fixed
evt_003013,u_0394,feature_used,2026-06-20T18:38:00Z,u_0394_s01,ins_u_0394_004,"{""feature"": ""board""}",v2.3.0-fixed
evt_003014,u_0035,profile_saved,2026-06-20T18:39:00Z,u_0035_s01,ins_u_0035_003,{},v2.3.0-fixed
evt_003015,u_0430,signup_started,2026-06-20T18:40:00Z,u_0430_s01,ins_u_0430_001,{},v2.3.0-fixed
evt_003016,u_0035,onboarding_step_viewed,2026-06-20T18:41:00Z,u_0035_s01,ins_u_0035_004,{},v2.3.0-fixed
evt_003017,u_0274,activation_completed,2026-06-20T18:41:00Z,u_0274_s01,ins_u_0274_007,{},v2.3.0-fixed
evt_003018,u_0704,onboarding_completed,2026-06-20T18:41:00Z,u_0704_s01,ins_u_0704_006,"{""completed_at"": ""2026-06-20T18:45:00Z""}",v2.3.0-fixed
evt_003019,u_0502,signup_started,2026-06-20T18:43:00Z,u_0502_s01,ins_u_0502_001,{},v2.3.0-fixed
evt_003020,u_0233,signup_started,2026-06-20T18:44:00Z,u_0233_s01,ins_u_0233_001,{},v2.3.0-fixed
evt_003021,u_0548,feature_used,2026-06-20T18:44:00Z,u_0548_s01,ins_u_0548_005,"{""feature"": ""board""}",v2.3.0-fixed
evt_003022,u_0430,signup_completed,2026-06-20T18:45:00Z,u_0430_s01,ins_u_0430_002,{},v2.3.0-fixed
evt_003023,u_0657,signup_started,2026-06-20T18:45:00Z,u_0657_s01,ins_u_0657_001,{},v2.3.0-fixed
evt_003024,u_0035,feature_used,2026-06-20T18:47:00Z,u_0035_s01,ins_u_0035_005,"{""feature"": ""insights""}",v2.3.0-fixed
evt_003025,u_0233,session_abandoned,2026-06-20T18:47:00Z,u_0233_s01,ins_u_0233_002,{},v2.3.0-fixed
evt_003026,u_0657,signup_completed,2026-06-20T18:48:00Z,u_0657_s01,ins_u_0657_002,{},v2.3.0-fixed
evt_003027,u_0502,signup_completed,2026-06-20T18:49:00Z,u_0502_s01,ins_u_0502_002,{},v2.3.0-fixed
evt_003028,u_0430,profile_saved,2026-06-20T18:53:00Z,u_0430_s01,ins_u_0430_003,{},v2.3.0-fixed
evt_003029,u_0502,profile_saved,2026-06-20T18:53:00Z,u_0502_s01,ins_u_0502_003,{},v2.3.0-fixed
evt_003030,u_0657,profile_saved,2026-06-20T18:53:00Z,u_0657_s01,ins_u_0657_003,{},v2.3.0-fixed
evt_003031,u_0657,onboarding_step_viewed,2026-06-20T18:55:00Z,u_0657_s01,ins_u_0657_004,{},v2.3.0-fixed
evt_003032,u_0430,onboarding_step_viewed,2026-06-20T18:59:00Z,u_0430_s01,ins_u_0430_004,{},v2.3.0-fixed
evt_003033,u_0502,onboarding_step_viewed,2026-06-20T18:59:00Z,u_0502_s01,ins_u_0502_004,{},v2.3.0-fixed
evt_003034,u_0031,signup_started,2026-06-20T19:03:00Z,u_0031_s01,ins_u_0031_001,{},v2.3.0-fixed
evt_003035,u_0118,signup_started,2026-06-20T19:03:00Z,u_0118_s01,ins_u_0118_001,{},v2.3.0-fixed
evt_003036,u_0031,session_abandoned,2026-06-20T19:04:00Z,u_0031_s01,ins_u_0031_002,{},v2.3.0-fixed
evt_003037,u_0118,signup_completed,2026-06-20T19:06:00Z,u_0118_s01,ins_u_0118_002,{},v2.3.0-fixed
evt_003038,u_0035,onboarding_completed,2026-06-20T19:08:00Z,u_0035_s01,ins_u_0035_006,"{""completed_at"": ""2026-06-20T19:09:00Z""}",v2.3.0-fixed
evt_003039,u_0548,onboarding_completed,2026-06-20T19:08:00Z,u_0548_s01,ins_u_0548_006,"{""completed_at"": ""2026-06-20T18:50:00Z""}",v2.3.0-fixed
evt_003040,u_0704,activation_completed,2026-06-20T19:08:00Z,u_0704_s01,ins_u_0704_007,{},v2.3.0-fixed
evt_003041,u_0118,profile_saved,2026-06-20T19:14:00Z,u_0118_s01,ins_u_0118_003,{},v2.3.0-fixed
evt_003042,u_0118,error_shown,2026-06-20T19:15:00Z,u_0118_s01,ins_u_0118_004,"{""code"": ""onboarding_timeout""}",v2.3.0-fixed
evt_003043,u_0118,onboarding_step_viewed,2026-06-20T19:19:00Z,u_0118_s01,ins_u_0118_005,{},v2.3.0-fixed
evt_003044,u_0057,signup_started,2026-06-20T19:21:00Z,u_0057_s01,ins_u_0057_001,{},v2.3.0-fixed
evt_003045,u_0057,signup_completed,2026-06-20T19:23:00Z,u_0057_s01,ins_u_0057_002,{},v2.3.0-fixed
evt_003046,u_0173,signup_started,2026-06-20T19:23:00Z,u_0173_s01,ins_u_0173_001,{},v2.3.0-fixed
evt_003047,u_0173,signup_completed,2026-06-20T19:26:00Z,u_0173_s01,ins_u_0173_002,{},v2.3.0-fixed
evt_003048,u_0502,onboarding_completed,2026-06-20T19:28:00Z,u_0502_s01,ins_u_0502_005,"{""completed_at"": ""2026-06-20T19:20:00Z""}",v2.3.0-fixed
evt_003049,u_0057,session_abandoned,2026-06-20T19:29:00Z,u_0057_s01,ins_u_0057_003,{},v2.3.0-fixed
evt_003050,u_0541,signup_started,2026-06-20T19:29:00Z,u_0541_s01,ins_u_0541_001,{},v2.3.0-fixed
evt_003051,u_0749,signup_started,2026-06-20T19:29:00Z,u_0749_s01,ins_u_0749_001,{},v2.3.0-fixed
evt_003052,u_0118,feature_used,2026-06-20T19:31:00Z,u_0118_s01,ins_u_0118_006,"{""feature"": ""board""}",v2.3.0-fixed
evt_003053,u_0541,session_abandoned,2026-06-20T19:32:00Z,u_0541_s01,ins_u_0541_002,{},v2.3.0-fixed
evt_003054,u_0657,onboarding_completed,2026-06-20T19:32:00Z,u_0657_s01,ins_u_0657_005,"{""completed_at"": ""2026-06-20T19:23:00Z""}",v2.3.0-fixed
evt_003055,u_0749,signup_completed,2026-06-20T19:33:00Z,u_0749_s01,ins_u_0749_002,{},v2.3.0-fixed
evt_003056,u_0173,profile_saved,2026-06-20T19:35:00Z,u_0173_s01,ins_u_0173_003,{},v2.3.0-fixed
evt_003057,u_0548,activation_completed,2026-06-20T19:36:00Z,u_0548_s01,ins_u_0548_007,{},v2.3.0-fixed
evt_003058,u_0682,signup_started,2026-06-20T19:36:00Z,u_0682_s01,ins_u_0682_001,{},v2.3.0-fixed
evt_003059,u_0682,session_abandoned,2026-06-20T19:37:00Z,u_0682_s01,ins_u_0682_002,{},v2.3.0-fixed
evt_003060,u_0394,activation_completed,2026-06-20T19:38:00Z,u_0394_s01,ins_u_0394_005,{},v2.3.0-fixed
evt_003061,u_0173,onboarding_step_viewed,2026-06-20T19:41:00Z,u_0173_s01,ins_u_0173_004,{},v2.3.0-fixed
evt_003062,u_0749,profile_saved,2026-06-20T19:42:00Z,u_0749_s01,ins_u_0749_003,{},v2.3.0-fixed
evt_003063,u_0546,signup_started,2026-06-20T19:45:00Z,u_0546_s01,ins_u_0546_001,{},v2.3.0-fixed
evt_003064,u_0546,signup_completed,2026-06-20T19:46:00Z,u_0546_s01,ins_u_0546_002,{},v2.3.0-fixed
evt_003065,u_0035,activation_completed,2026-06-20T19:48:00Z,u_0035_s01,ins_u_0035_007,{},v2.3.0-fixed
evt_003066,u_0118,onboarding_completed,2026-06-20T19:48:00Z,u_0118_s01,ins_u_0118_007,"{""completed_at"": ""2026-06-20T19:48:00Z""}",v2.3.0-fixed
evt_003067,u_0502,activation_completed,2026-06-20T19:48:00Z,u_0502_s01,ins_u_0502_006,{},v2.3.0-fixed
evt_003068,u_0749,onboarding_step_viewed,2026-06-20T19:48:00Z,u_0749_s01,ins_u_0749_004,{},v2.3.0-fixed
evt_003069,u_0546,profile_saved,2026-06-20T19:49:00Z,u_0546_s01,ins_u_0546_003,{},v2.3.0-fixed
evt_003070,u_0546,onboarding_step_viewed,2026-06-20T19:53:00Z,u_0546_s01,ins_u_0546_004,{},v2.3.0-fixed
evt_003071,u_0173,feature_used,2026-06-20T19:54:00Z,u_0173_s01,ins_u_0173_005,"{""feature"": ""insights""}",v2.3.0-fixed
evt_003072,u_0691,signup_started,2026-06-20T19:55:00Z,u_0691_s01,ins_u_0691_001,{},v2.3.0-fixed
evt_003073,u_0749,feature_used,2026-06-20T19:55:00Z,u_0749_s01,ins_u_0749_005,"{""feature"": ""insights""}",v2.3.0-fixed
evt_003074,u_0657,activation_completed,2026-06-20T19:56:00Z,u_0657_s01,ins_u_0657_006,{},v2.3.0-fixed
evt_003075,u_0691,signup_completed,2026-06-20T19:56:00Z,u_0691_s01,ins_u_0691_002,{},v2.3.0-fixed
evt_003076,u_0546,feature_used,2026-06-20T19:57:00Z,u_0546_s01,ins_u_0546_005,"{""feature"": ""board""}",v2.3.0-fixed
evt_003077,u_0530,signup_started,2026-06-20T19:58:00Z,u_0530_s01,ins_u_0530_001,{},v2.3.0-fixed
evt_003078,u_0176,signup_started,2026-06-20T20:00:00Z,u_0176_s01,ins_u_0176_001,{},v2.3.0-fixed
evt_003079,u_0176,signup_completed,2026-06-20T20:02:00Z,u_0176_s01,ins_u_0176_002,{},v2.3.0-fixed
evt_003080,u_0530,signup_completed,2026-06-20T20:02:00Z,u_0530_s01,ins_u_0530_002,{},v2.3.0-fixed
evt_003081,u_0176,profile_saved,2026-06-20T20:04:00Z,u_0176_s01,ins_u_0176_003,{},v2.3.0-fixed
evt_003082,u_0173,onboarding_completed,2026-06-20T20:05:00Z,u_0173_s01,ins_u_0173_006,"{""completed_at"": ""2026-06-20T20:12:00Z""}",v2.3.0-fixed
evt_003083,u_0691,profile_saved,2026-06-20T20:05:00Z,u_0691_s01,ins_u_0691_003,{},v2.3.0-fixed
evt_003084,u_0430,activation_completed,2026-06-20T20:07:00Z,u_0430_s01,ins_u_0430_005,{},v2.3.0-fixed
evt_003085,u_0530,session_abandoned,2026-06-20T20:08:00Z,u_0530_s01,ins_u_0530_003,{},v2.3.0-fixed
evt_003086,u_0176,onboarding_step_viewed,2026-06-20T20:09:00Z,u_0176_s01,ins_u_0176_004,{},v2.3.0-fixed
evt_003087,u_0399,signup_started,2026-06-20T20:11:00Z,u_0399_s01,ins_u_0399_001,{},v2.3.0-fixed
evt_003088,u_0118,activation_completed,2026-06-20T20:13:00Z,u_0118_s01,ins_u_0118_008,{},v2.3.0-fixed
evt_003089,u_0323,signup_started,2026-06-20T20:14:00Z,u_0323_s01,ins_u_0323_001,{},v2.3.0-fixed
evt_003090,u_0323,signup_completed,2026-06-20T20:17:00Z,u_0323_s01,ins_u_0323_002,{},v2.3.0-fixed
evt_003091,u_0399,session_abandoned,2026-06-20T20:17:00Z,u_0399_s01,ins_u_0399_002,{},v2.3.0-fixed
evt_003092,u_0749,onboarding_completed,2026-06-20T20:17:00Z,u_0749_s01,ins_u_0749_006,"{""completed_at"": ""2026-06-20T20:17:00Z""}",v2.3.0-fixed
evt_003093,u_0598,signup_started,2026-06-20T20:18:00Z,u_0598_s01,ins_u_0598_001,{},v2.3.0-fixed
evt_003094,u_0546,onboarding_completed,2026-06-20T20:23:00Z,u_0546_s01,ins_u_0546_006,"{""completed_at"": ""2026-06-20T20:25:00Z""}",v2.3.0-fixed
evt_003095,u_0691,feature_used,2026-06-20T20:23:00Z,u_0691_s01,ins_u_0691_004,"{""feature"": ""insights""}",v2.3.0-fixed
evt_003096,u_0323,profile_saved,2026-06-20T20:24:00Z,u_0323_s01,ins_u_0323_003,{},v2.3.0-fixed
evt_003097,u_0598,signup_completed,2026-06-20T20:26:00Z,u_0598_s01,ins_u_0598_002,{},v2.3.0-fixed
evt_003098,u_0323,onboarding_step_viewed,2026-06-20T20:28:00Z,u_0323_s01,ins_u_0323_004,{},v2.3.0-fixed
evt_003099,u_0162,signup_started,2026-06-20T20:30:00Z,u_0162_s01,ins_u_0162_001,{},v2.3.0-fixed
evt_003100,u_0162,signup_completed,2026-06-20T20:33:00Z,u_0162_s01,ins_u_0162_002,{},v2.3.0-fixed
evt_003101,u_0197,signup_started,2026-06-20T20:36:00Z,u_0197_s01,ins_u_0197_001,{},v2.3.0-fixed
evt_003102,u_0598,profile_saved,2026-06-20T20:36:00Z,u_0598_s01,ins_u_0598_003,{},v2.3.0-fixed
evt_003103,u_0692,signup_started,2026-06-20T20:36:00Z,u_0692_s01,ins_u_0692_001,{},v2.3.0-fixed
evt_003104,u_0197,signup_completed,2026-06-20T20:37:00Z,u_0197_s01,ins_u_0197_002,{},v2.3.0-fixed
evt_003105,u_0323,feature_used,2026-06-20T20:40:00Z,u_0323_s01,ins_u_0323_005,"{""feature"": ""insights""}",v2.3.0-fixed
evt_003106,u_0692,signup_completed,2026-06-20T20:40:00Z,u_0692_s01,ins_u_0692_002,{},v2.3.0-fixed
evt_003107,u_0598,onboarding_step_viewed,2026-06-20T20:41:00Z,u_0598_s01,ins_u_0598_004,{},v2.3.0-fixed
evt_003108,u_0162,profile_saved,2026-06-20T20:43:00Z,u_0162_s01,ins_u_0162_003,{},v2.3.0-fixed
evt_003109,u_0197,session_abandoned,2026-06-20T20:44:00Z,u_0197_s01,ins_u_0197_003,{},v2.3.0-fixed
evt_003110,u_0162,onboarding_step_viewed,2026-06-20T20:46:00Z,u_0162_s01,ins_u_0162_004,{},v2.3.0-fixed
evt_003111,u_0692,session_abandoned,2026-06-20T20:49:00Z,u_0692_s01,ins_u_0692_003,{},v2.3.0-fixed
evt_003112,u_0176,activation_completed,2026-06-20T20:51:00Z,u_0176_s01,ins_u_0176_005,{},v2.3.0-fixed
evt_003113,u_0323,onboarding_completed,2026-06-20T20:52:00Z,u_0323_s01,ins_u_0323_006,"{""completed_at"": ""2026-06-20T21:04:00Z""}",v2.3.0-fixed
evt_003114,u_0784,signup_started,2026-06-20T20:53:00Z,u_0784_s01,ins_u_0784_001,{},v2.3.0-fixed
evt_003115,u_0546,activation_completed,2026-06-20T21:00:00Z,u_0546_s01,ins_u_0546_007,{},v2.3.0-fixed
evt_003116,u_0784,signup_completed,2026-06-20T21:00:00Z,u_0784_s01,ins_u_0784_002,{},v2.3.0-fixed
evt_003117,u_0691,activation_completed,2026-06-20T21:05:00Z,u_0691_s01,ins_u_0691_005,{},v2.3.0-fixed
evt_003118,u_0784,profile_saved,2026-06-20T21:08:00Z,u_0784_s01,ins_u_0784_003,{},v2.3.0-fixed
evt_003119,u_0784,onboarding_step_viewed,2026-06-20T21:13:00Z,u_0784_s01,ins_u_0784_004,{},v2.3.0-fixed
evt_003120,u_0162,onboarding_completed,2026-06-20T21:18:00Z,u_0162_s01,ins_u_0162_005,"{""completed_at"": ""2026-06-20T21:12:00Z""}",v2.3.0-fixed
evt_003121,u_0598,onboarding_completed,2026-06-20T21:21:00Z,u_0598_s01,ins_u_0598_005,"{""completed_at"": ""2026-06-20T21:09:00Z""}",v2.3.0-fixed
evt_003122,u_0222,return_visit,2026-06-20T21:23:00Z,u_0222_s02,ins_u_0222_007,{},v2.3.0-fixed
evt_003123,u_0784,onboarding_completed,2026-06-20T21:50:00Z,u_0784_s01,ins_u_0784_005,"{""completed_at"": ""2026-06-20T21:43:00Z""}",v2.3.0-fixed
evt_003124,u_0598,activation_completed,2026-06-20T21:52:00Z,u_0598_s01,ins_u_0598_006,{},v2.3.0-fixed
evt_003125,u_0784,activation_completed,2026-06-20T21:57:00Z,u_0784_s01,ins_u_0784_006,{},v2.3.0-fixed
evt_003126,u_0268,return_visit,2026-06-20T22:10:00Z,u_0268_s02,ins_u_0268_008,{},v2.3.0-fixed
evt_003127,u_0268,feature_used,2026-06-20T22:15:00Z,u_0268_s02,ins_u_0268_009,"{""feature"": ""insights""}",v2.3.0-fixed
evt_003128,u_0614,return_visit,2026-06-20T22:20:00Z,u_0614_s02,ins_u_0614_005,{},v2.3.0-fixed
evt_003129,u_0614,feature_used,2026-06-20T22:25:00Z,u_0614_s02,ins_u_0614_006,"{""feature"": ""insights""}",v2.3.0-fixed
evt_003130,u_0710,return_visit,2026-06-20T22:35:00Z,u_0710_s02,ins_u_0710_007,{},v2.3.0-fixed
evt_003131,u_0714,return_visit,2026-06-20T22:43:00Z,u_0714_s02,ins_u_0714_007,{},v2.3.0-fixed
evt_003132,u_0087,return_visit,2026-06-20T22:47:00Z,u_0087_s02,ins_u_0087_007,{},v2.3.0-fixed
evt_003133,u_0714,feature_used,2026-06-20T22:48:00Z,u_0714_s02,ins_u_0714_008,"{""feature"": ""insights""}",v2.3.0-fixed
evt_003134,u_0087,feature_used,2026-06-20T22:52:00Z,u_0087_s02,ins_u_0087_008,"{""feature"": ""insights""}",v2.3.0-fixed
evt_003135,u_0499,return_visit,2026-06-20T23:56:00Z,u_0499_s02,ins_u_0499_007,{},v2.3.0-fixed
evt_003136,u_0210,return_visit,2026-06-21T01:52:00Z,u_0210_s02,ins_u_0210_008,{},v2.3.0-fixed
evt_003137,u_0210,feature_used,2026-06-21T01:57:00Z,u_0210_s02,ins_u_0210_009,"{""feature"": ""insights""}",v2.3.0-fixed
evt_003138,u_0551,return_visit,2026-06-21T03:27:00Z,u_0551_s02,ins_u_0551_005,{},v2.3.0-fixed
evt_003139,u_0674,return_visit,2026-06-21T04:21:00Z,u_0674_s02,ins_u_0674_008,{},v2.3.0-fixed
evt_003140,u_0246,return_visit,2026-06-21T04:49:00Z,u_0246_s02,ins_u_0246_007,{},v2.3.0-fixed
evt_003141,u_0246,feature_used,2026-06-21T04:54:00Z,u_0246_s02,ins_u_0246_008,"{""feature"": ""insights""}",v2.3.0-fixed
evt_003142,u_0789,return_visit,2026-06-21T07:59:00Z,u_0789_s02,ins_u_0789_007,{},v2.3.0-fixed
evt_003143,u_0125,signup_started,2026-06-21T08:06:00Z,u_0125_s01,ins_u_0125_001,{},v2.3.0-fixed
evt_003144,u_0125,signup_completed,2026-06-21T08:10:00Z,u_0125_s01,ins_u_0125_002,{},v2.3.0-fixed
evt_003145,u_0125,profile_saved,2026-06-21T08:17:00Z,u_0125_s01,ins_u_0125_003,{},v2.3.0-fixed
evt_003146,u_0706,signup_started,2026-06-21T08:19:00Z,u_0706_s01,ins_u_0706_001,{},v2.3.0-fixed
evt_003147,u_0706,session_abandoned,2026-06-21T08:20:00Z,u_0706_s01,ins_u_0706_002,{},v2.3.0-fixed
evt_003148,u_0125,onboarding_step_viewed,2026-06-21T08:23:00Z,u_0125_s01,ins_u_0125_004,{},v2.3.0-fixed
evt_003149,u_0158,signup_started,2026-06-21T08:33:00Z,u_0158_s01,ins_u_0158_001,{},v2.3.0-fixed
evt_003150,u_0250,signup_started,2026-06-21T08:39:00Z,u_0250_s01,ins_u_0250_001,{},v2.3.0-fixed
evt_003151,u_0158,session_abandoned,2026-06-21T08:40:00Z,u_0158_s01,ins_u_0158_002,{},v2.3.0-fixed
evt_003152,u_0250,signup_completed,2026-06-21T08:44:00Z,u_0250_s01,ins_u_0250_002,{},v2.3.0-fixed
evt_003153,u_0473,return_visit,2026-06-21T08:44:00Z,u_0473_s02,ins_u_0473_008,{},v2.3.0-fixed
evt_003154,u_0125,onboarding_completed,2026-06-21T08:45:00Z,u_0125_s01,ins_u_0125_005,"{""completed_at"": ""2026-06-21T08:48:00Z""}",v2.3.0-fixed
evt_003155,u_0063,signup_started,2026-06-21T08:48:00Z,u_0063_s01,ins_u_0063_001,{},v2.3.0-fixed
evt_003156,u_0250,profile_saved,2026-06-21T08:49:00Z,u_0250_s01,ins_u_0250_003,{},v2.3.0-fixed
evt_003157,u_0063,signup_completed,2026-06-21T08:51:00Z,u_0063_s01,ins_u_0063_002,{},v2.3.0-fixed
evt_003158,u_0250,onboarding_step_viewed,2026-06-21T08:52:00Z,u_0250_s01,ins_u_0250_004,{},v2.3.0-fixed
evt_003159,u_0621,return_visit,2026-06-21T08:54:00Z,u_0621_s02,ins_u_0621_005,{},v2.3.0-fixed
evt_003160,u_0063,profile_saved,2026-06-21T08:55:00Z,u_0063_s01,ins_u_0063_003,{},v2.3.0-fixed
evt_003161,u_0063,error_shown,2026-06-21T08:56:00Z,u_0063_s01,ins_u_0063_004,"{""code"": ""onboarding_timeout""}",v2.3.0-fixed
evt_003162,u_0653,signup_started,2026-06-21T08:56:00Z,u_0653_s01,ins_u_0653_001,{},v2.3.0-fixed
evt_003163,u_0063,onboarding_step_viewed,2026-06-21T08:57:00Z,u_0063_s01,ins_u_0063_005,{},v2.3.0-fixed
evt_003164,u_0688,signup_started,2026-06-21T09:01:00Z,u_0688_s01,ins_u_0688_001,{},v2.3.0-fixed
evt_003165,u_0653,signup_completed,2026-06-21T09:03:00Z,u_0653_s01,ins_u_0653_002,{},v2.3.0-fixed
evt_003166,u_0527,signup_started,2026-06-21T09:04:00Z,u_0527_s01,ins_u_0527_001,{},v2.3.0-fixed
evt_003167,u_0063,feature_used,2026-06-21T09:08:00Z,u_0063_s01,ins_u_0063_006,"{""feature"": ""insights""}",v2.3.0-fixed
evt_003168,u_0688,signup_completed,2026-06-21T09:08:00Z,u_0688_s01,ins_u_0688_002,{},v2.3.0-fixed
evt_003169,u_0186,signup_started,2026-06-21T09:11:00Z,u_0186_s01,ins_u_0186_001,{},v2.3.0-fixed
evt_003170,u_0653,profile_saved,2026-06-21T09:11:00Z,u_0653_s01,ins_u_0653_003,{},v2.3.0-fixed
evt_003171,u_0186,signup_completed,2026-06-21T09:12:00Z,u_0186_s01,ins_u_0186_002,{},v2.3.0-fixed
evt_003172,u_0527,session_abandoned,2026-06-21T09:12:00Z,u_0527_s01,ins_u_0527_002,{},v2.3.0-fixed
evt_003173,u_0653,onboarding_step_viewed,2026-06-21T09:14:00Z,u_0653_s01,ins_u_0653_004,{},v2.3.0-fixed
evt_003174,u_0125,activation_completed,2026-06-21T09:15:00Z,u_0125_s01,ins_u_0125_006,{},v2.3.0-fixed
evt_003175,u_0250,onboarding_completed,2026-06-21T09:17:00Z,u_0250_s01,ins_u_0250_005,"{""completed_at"": ""2026-06-21T09:26:00Z""}",v2.3.0-fixed
evt_003176,u_0688,profile_saved,2026-06-21T09:17:00Z,u_0688_s01,ins_u_0688_003,{},v2.3.0-fixed
evt_003177,u_0266,signup_started,2026-06-21T09:20:00Z,u_0266_s01,ins_u_0266_001,{},v2.3.0-fixed
evt_003178,u_0186,profile_saved,2026-06-21T09:21:00Z,u_0186_s01,ins_u_0186_003,{},v2.3.0-fixed
evt_003179,u_0266,signup_completed,2026-06-21T09:22:00Z,u_0266_s01,ins_u_0266_002,{},v2.3.0-fixed
evt_003180,u_0688,onboarding_step_viewed,2026-06-21T09:23:00Z,u_0688_s01,ins_u_0688_004,{},v2.3.0-fixed
evt_003181,u_0063,onboarding_completed,2026-06-21T09:24:00Z,u_0063_s01,ins_u_0063_007,"{""completed_at"": ""2026-06-21T09:31:00Z""}",v2.3.0-fixed
evt_003182,u_0186,onboarding_step_viewed,2026-06-21T09:24:00Z,u_0186_s01,ins_u_0186_004,{},v2.3.0-fixed
evt_003183,u_0306,signup_started,2026-06-21T09:28:00Z,u_0306_s01,ins_u_0306_001,{},v2.3.0-fixed
evt_003184,u_0266,session_abandoned,2026-06-21T09:31:00Z,u_0266_s01,ins_u_0266_003,{},v2.3.0-fixed
evt_003185,u_0306,signup_completed,2026-06-21T09:32:00Z,u_0306_s01,ins_u_0306_002,{},v2.3.0-fixed
evt_003186,u_0653,feature_used,2026-06-21T09:32:00Z,u_0653_s01,ins_u_0653_005,"{""feature"": ""insights""}",v2.3.0-fixed
evt_003187,u_0794,signup_started,2026-06-21T09:32:00Z,u_0794_s01,ins_u_0794_001,{},v2.3.0-fixed
evt_003188,u_0794,signup_completed,2026-06-21T09:36:00Z,u_0794_s01,ins_u_0794_002,{},v2.3.0-fixed
evt_003189,u_0688,feature_used,2026-06-21T09:37:00Z,u_0688_s01,ins_u_0688_005,"{""feature"": ""board""}",v2.3.0-fixed
evt_003190,u_0794,profile_saved,2026-06-21T09:39:00Z,u_0794_s01,ins_u_0794_003,{},v2.3.0-fixed
evt_003191,u_0306,profile_saved,2026-06-21T09:41:00Z,u_0306_s01,ins_u_0306_003,{},v2.3.0-fixed
evt_003192,u_0715,signup_started,2026-06-21T09:41:00Z,u_0715_s01,ins_u_0715_001,{},v2.3.0-fixed
evt_003193,u_0306,onboarding_step_viewed,2026-06-21T09:46:00Z,u_0306_s01,ins_u_0306_004,{},v2.3.0-fixed
evt_003194,u_0794,feature_used,2026-06-21T09:46:00Z,u_0794_s01,ins_u_0794_004,"{""feature"": ""board""}",v2.3.0-fixed
evt_003195,u_0715,signup_completed,2026-06-21T09:49:00Z,u_0715_s01,ins_u_0715_002,{},v2.3.0-fixed
evt_003196,u_0306,feature_used,2026-06-21T09:57:00Z,u_0306_s01,ins_u_0306_005,"{""feature"": ""board""}",v2.3.0-fixed
evt_003197,u_0324,signup_started,2026-06-21T09:57:00Z,u_0324_s01,ins_u_0324_001,{},v2.3.0-fixed
evt_003198,u_0601,signup_started,2026-06-21T09:57:00Z,u_0601_s01,ins_u_0601_001,{},v2.3.0-fixed
evt_003199,u_0715,session_abandoned,2026-06-21T09:58:00Z,u_0715_s01,ins_u_0715_003,{},v2.3.0-fixed
evt_003200,u_0186,onboarding_completed,2026-06-21T09:59:00Z,u_0186_s01,ins_u_0186_005,"{""completed_at"": ""2026-06-21T10:01:00Z""}",v2.3.0-fixed
evt_003201,u_0309,signup_started,2026-06-21T09:59:00Z,u_0309_s01,ins_u_0309_001,{},v2.3.0-fixed
evt_003202,u_0324,signup_completed,2026-06-21T10:01:00Z,u_0324_s01,ins_u_0324_002,{},v2.3.0-fixed
evt_003203,u_0601,signup_completed,2026-06-21T10:01:00Z,u_0601_s01,ins_u_0601_002,{},v2.3.0-fixed
evt_003204,u_0063,activation_completed,2026-06-21T10:03:00Z,u_0063_s01,ins_u_0063_008,{},v2.3.0-fixed
evt_003205,u_0309,session_abandoned,2026-06-21T10:03:00Z,u_0309_s01,ins_u_0309_002,{},v2.3.0-fixed
evt_003206,u_0419,signup_started,2026-06-21T10:07:00Z,u_0419_s01,ins_u_0419_001,{},v2.3.0-fixed
evt_003207,u_0324,profile_saved,2026-06-21T10:09:00Z,u_0324_s01,ins_u_0324_003,{},v2.3.0-fixed
evt_003208,u_0324,onboarding_step_viewed,2026-06-21T10:11:00Z,u_0324_s01,ins_u_0324_004,{},v2.3.0-fixed
evt_003209,u_0601,profile_saved,2026-06-21T10:11:00Z,u_0601_s01,ins_u_0601_003,{},v2.3.0-fixed
evt_003210,u_0419,signup_completed,2026-06-21T10:13:00Z,u_0419_s01,ins_u_0419_002,{},v2.3.0-fixed
evt_003211,u_0074,signup_started,2026-06-21T10:15:00Z,u_0074_s01,ins_u_0074_001,{},v2.3.0-fixed
evt_003212,u_0306,onboarding_completed,2026-06-21T10:15:00Z,u_0306_s01,ins_u_0306_006,"{""completed_at"": ""2026-06-21T10:16:00Z""}",v2.3.0-fixed
evt_003213,u_0419,profile_saved,2026-06-21T10:16:00Z,u_0419_s01,ins_u_0419_003,{},v2.3.0-fixed
evt_003214,u_0601,onboarding_step_viewed,2026-06-21T10:16:00Z,u_0601_s01,ins_u_0601_004,{},v2.3.0-fixed
evt_003215,u_0074,signup_completed,2026-06-21T10:20:00Z,u_0074_s01,ins_u_0074_002,{},v2.3.0-fixed
evt_003216,u_0419,onboarding_step_viewed,2026-06-21T10:22:00Z,u_0419_s01,ins_u_0419_004,{},v2.3.0-fixed
evt_003217,u_0074,session_abandoned,2026-06-21T10:27:00Z,u_0074_s01,ins_u_0074_003,{},v2.3.0-fixed
evt_003218,u_0269,signup_started,2026-06-21T10:27:00Z,u_0269_s01,ins_u_0269_001,{},v2.3.0-fixed
evt_003219,u_0186,activation_completed,2026-06-21T10:29:00Z,u_0186_s01,ins_u_0186_006,{},v2.3.0-fixed
evt_003220,u_0578,signup_started,2026-06-21T10:31:00Z,u_0578_s01,ins_u_0578_001,{},v2.3.0-fixed
evt_003221,u_0269,signup_completed,2026-06-21T10:34:00Z,u_0269_s01,ins_u_0269_002,{},v2.3.0-fixed
evt_003222,u_0140,signup_started,2026-06-21T10:36:00Z,u_0140_s01,ins_u_0140_001,{},v2.3.0-fixed
evt_003223,u_0578,signup_completed,2026-06-21T10:39:00Z,u_0578_s01,ins_u_0578_002,{},v2.3.0-fixed
evt_003224,u_0140,signup_completed,2026-06-21T10:41:00Z,u_0140_s01,ins_u_0140_002,{},v2.3.0-fixed
evt_003225,u_0269,session_abandoned,2026-06-21T10:43:00Z,u_0269_s01,ins_u_0269_003,{},v2.3.0-fixed
evt_003226,u_0278,signup_started,2026-06-21T10:43:00Z,u_0278_s01,ins_u_0278_001,{},v2.3.0-fixed
evt_003227,u_0140,profile_saved,2026-06-21T10:44:00Z,u_0140_s01,ins_u_0140_003,{},v2.3.0-fixed
evt_003228,u_0278,signup_completed,2026-06-21T10:45:00Z,u_0278_s01,ins_u_0278_002,{},v2.3.0-fixed
evt_003229,u_0306,activation_completed,2026-06-21T10:45:00Z,u_0306_s01,ins_u_0306_007,{},v2.3.0-fixed
evt_003230,u_0578,profile_saved,2026-06-21T10:45:00Z,u_0578_s01,ins_u_0578_003,{},v2.3.0-fixed
evt_003231,u_0578,error_shown,2026-06-21T10:46:00Z,u_0578_s01,ins_u_0578_004,"{""code"": ""onboarding_timeout""}",v2.3.0-fixed
evt_003232,u_0601,onboarding_completed,2026-06-21T10:46:00Z,u_0601_s01,ins_u_0601_005,"{""completed_at"": ""2026-06-21T10:45:00Z""}",v2.3.0-fixed
evt_003233,u_0278,profile_saved,2026-06-21T10:48:00Z,u_0278_s01,ins_u_0278_003,{},v2.3.0-fixed
evt_003234,u_0506,signup_started,2026-06-21T10:48:00Z,u_0506_s01,ins_u_0506_001,{},v2.3.0-fixed
evt_003235,u_0140,onboarding_step_viewed,2026-06-21T10:49:00Z,u_0140_s01,ins_u_0140_004,{},v2.3.0-fixed
evt_003236,u_0278,error_shown,2026-06-21T10:49:00Z,u_0278_s01,ins_u_0278_004,"{""code"": ""onboarding_timeout""}",v2.3.0-fixed
evt_003237,u_0578,onboarding_step_viewed,2026-06-21T10:50:00Z,u_0578_s01,ins_u_0578_005,{},v2.3.0-fixed
evt_003238,u_0662,signup_started,2026-06-21T10:50:00Z,u_0662_s01,ins_u_0662_001,{},v2.3.0-fixed
evt_003239,u_0578,feature_used,2026-06-21T10:52:00Z,u_0578_s01,ins_u_0578_006,"{""feature"": ""board""}",v2.3.0-fixed
evt_003240,u_0324,onboarding_completed,2026-06-21T10:53:00Z,u_0324_s01,ins_u_0324_005,"{""completed_at"": ""2026-06-21T10:43:00Z""}",v2.3.0-fixed
evt_003241,u_0340,signup_started,2026-06-21T10:53:00Z,u_0340_s01,ins_u_0340_001,{},v2.3.0-fixed
evt_003242,u_0542,signup_started,2026-06-21T10:53:00Z,u_0542_s01,ins_u_0542_001,{},v2.3.0-fixed
evt_003243,u_0278,onboarding_step_viewed,2026-06-21T10:54:00Z,u_0278_s01,ins_u_0278_005,{},v2.3.0-fixed
evt_003244,u_0340,signup_completed,2026-06-21T10:54:00Z,u_0340_s01,ins_u_0340_002,{},v2.3.0-fixed
evt_003245,u_0506,signup_completed,2026-06-21T10:54:00Z,u_0506_s01,ins_u_0506_002,{},v2.3.0-fixed
evt_003246,u_0140,feature_used,2026-06-21T10:55:00Z,u_0140_s01,ins_u_0140_005,"{""feature"": ""board""}",v2.3.0-fixed
evt_003247,u_0419,onboarding_completed,2026-06-21T10:56:00Z,u_0419_s01,ins_u_0419_005,"{""completed_at"": ""2026-06-21T10:51:00Z""}",v2.3.0-fixed
evt_003248,u_0340,profile_saved,2026-06-21T10:58:00Z,u_0340_s01,ins_u_0340_003,{},v2.3.0-fixed
evt_003249,u_0662,signup_completed,2026-06-21T10:58:00Z,u_0662_s01,ins_u_0662_002,{},v2.3.0-fixed
evt_003250,u_0506,profile_saved,2026-06-21T10:59:00Z,u_0506_s01,ins_u_0506_003,{},v2.3.0-fixed
evt_003251,u_0542,signup_completed,2026-06-21T11:01:00Z,u_0542_s01,ins_u_0542_002,{},v2.3.0-fixed
evt_003252,u_0081,signup_started,2026-06-21T11:02:00Z,u_0081_s01,ins_u_0081_001,{},v2.3.0-fixed
evt_003253,u_0340,onboarding_step_viewed,2026-06-21T11:02:00Z,u_0340_s01,ins_u_0340_004,{},v2.3.0-fixed
evt_003254,u_0662,session_abandoned,2026-06-21T11:02:00Z,u_0662_s01,ins_u_0662_003,{},v2.3.0-fixed
evt_003255,u_0278,feature_used,2026-06-21T11:05:00Z,u_0278_s01,ins_u_0278_006,"{""feature"": ""board""}",v2.3.0-fixed
evt_003256,u_0406,signup_started,2026-06-21T11:07:00Z,u_0406_s01,ins_u_0406_001,{},v2.3.0-fixed
evt_003257,u_0542,profile_saved,2026-06-21T11:07:00Z,u_0542_s01,ins_u_0542_003,{},v2.3.0-fixed
evt_003258,u_0081,signup_completed,2026-06-21T11:08:00Z,u_0081_s01,ins_u_0081_002,{},v2.3.0-fixed
evt_003259,u_0329,signup_started,2026-06-21T11:08:00Z,u_0329_s01,ins_u_0329_001,{},v2.3.0-fixed
evt_003260,u_0542,onboarding_step_viewed,2026-06-21T11:09:00Z,u_0542_s01,ins_u_0542_004,{},v2.3.0-fixed
evt_003261,u_0140,onboarding_completed,2026-06-21T11:10:00Z,u_0140_s01,ins_u_0140_006,"{""completed_at"": ""2026-06-21T11:12:00Z""}",v2.3.0-fixed
evt_003262,u_0329,signup_completed,2026-06-21T11:11:00Z,u_0329_s01,ins_u_0329_002,{},v2.3.0-fixed
evt_003263,u_0406,signup_completed,2026-06-21T11:11:00Z,u_0406_s01,ins_u_0406_002,{},v2.3.0-fixed
evt_003264,u_0506,feature_used,2026-06-21T11:11:00Z,u_0506_s01,ins_u_0506_004,"{""feature"": ""board""}",v2.3.0-fixed
evt_003265,u_0081,profile_saved,2026-06-21T11:17:00Z,u_0081_s01,ins_u_0081_003,{},v2.3.0-fixed
evt_003266,u_0406,profile_saved,2026-06-21T11:17:00Z,u_0406_s01,ins_u_0406_003,{},v2.3.0-fixed
evt_003267,u_0054,signup_started,2026-06-21T11:19:00Z,u_0054_s01,ins_u_0054_001,{},v2.3.0-fixed
evt_003268,u_0329,profile_saved,2026-06-21T11:20:00Z,u_0329_s01,ins_u_0329_003,{},v2.3.0-fixed
evt_003269,u_0542,feature_used,2026-06-21T11:21:00Z,u_0542_s01,ins_u_0542_005,"{""feature"": ""board""}",v2.3.0-fixed
evt_003270,u_0054,session_abandoned,2026-06-21T11:22:00Z,u_0054_s01,ins_u_0054_002,{},v2.3.0-fixed
evt_003271,u_0329,onboarding_step_viewed,2026-06-21T11:23:00Z,u_0329_s01,ins_u_0329_004,{},v2.3.0-fixed
evt_003272,u_0278,onboarding_completed,2026-06-21T11:26:00Z,u_0278_s01,ins_u_0278_007,"{""completed_at"": ""2026-06-21T11:21:00Z""}",v2.3.0-fixed
evt_003273,u_0329,feature_used,2026-06-21T11:27:00Z,u_0329_s01,ins_u_0329_005,"{""feature"": ""insights""}",v2.3.0-fixed
evt_003274,u_0340,onboarding_completed,2026-06-21T11:27:00Z,u_0340_s01,ins_u_0340_005,"{""completed_at"": ""2026-06-21T11:34:00Z""}",v2.3.0-fixed
evt_003275,u_0406,feature_used,2026-06-21T11:29:00Z,u_0406_s01,ins_u_0406_004,"{""feature"": ""board""}",v2.3.0-fixed
evt_003276,u_0506,onboarding_completed,2026-06-21T11:29:00Z,u_0506_s01,ins_u_0506_005,"{""completed_at"": ""2026-06-21T11:37:00Z""}",v2.3.0-fixed
evt_003277,u_0419,activation_completed,2026-06-21T11:31:00Z,u_0419_s01,ins_u_0419_006,{},v2.3.0-fixed
evt_003278,u_0081,feature_used,2026-06-21T11:35:00Z,u_0081_s01,ins_u_0081_004,"{""feature"": ""insights""}",v2.3.0-fixed
evt_003279,u_0403,signup_started,2026-06-21T11:37:00Z,u_0403_s01,ins_u_0403_001,{},v2.3.0-fixed
evt_003280,u_0542,onboarding_completed,2026-06-21T11:39:00Z,u_0542_s01,ins_u_0542_006,"{""completed_at"": ""2026-06-21T11:39:00Z""}",v2.3.0-fixed
evt_003281,u_0403,signup_completed,2026-06-21T11:41:00Z,u_0403_s01,ins_u_0403_002,{},v2.3.0-fixed
evt_003282,u_0667,signup_started,2026-06-21T11:42:00Z,u_0667_s01,ins_u_0667_001,{},v2.3.0-fixed
evt_003283,u_0403,profile_saved,2026-06-21T11:43:00Z,u_0403_s01,ins_u_0403_003,{},v2.3.0-fixed
evt_003284,u_0316,signup_started,2026-06-21T11:44:00Z,u_0316_s01,ins_u_0316_001,{},v2.3.0-fixed
evt_003285,u_0140,activation_completed,2026-06-21T11:46:00Z,u_0140_s01,ins_u_0140_007,{},v2.3.0-fixed
evt_003286,u_0403,onboarding_step_viewed,2026-06-21T11:46:00Z,u_0403_s01,ins_u_0403_004,{},v2.3.0-fixed
evt_003287,u_0667,signup_completed,2026-06-21T11:50:00Z,u_0667_s01,ins_u_0667_002,{},v2.3.0-fixed
evt_003288,u_0316,signup_completed,2026-06-21T11:52:00Z,u_0316_s01,ins_u_0316_002,{},v2.3.0-fixed
evt_003289,u_0578,activation_completed,2026-06-21T11:52:00Z,u_0578_s01,ins_u_0578_007,{},v2.3.0-fixed
evt_003290,u_0316,session_abandoned,2026-06-21T11:59:00Z,u_0316_s01,ins_u_0316_003,{},v2.3.0-fixed
evt_003291,u_0667,session_abandoned,2026-06-21T11:59:00Z,u_0667_s01,ins_u_0667_003,{},v2.3.0-fixed
evt_003292,u_0081,onboarding_completed,2026-06-21T12:00:00Z,u_0081_s01,ins_u_0081_005,"{""completed_at"": ""2026-06-21T11:56:00Z""}",v2.3.0-fixed
evt_003293,u_0329,onboarding_completed,2026-06-21T12:02:00Z,u_0329_s01,ins_u_0329_006,"{""completed_at"": ""2026-06-21T11:55:00Z""}",v2.3.0-fixed
evt_003294,u_0437,signup_started,2026-06-21T12:06:00Z,u_0437_s01,ins_u_0437_001,{},v2.3.0-fixed
evt_003295,u_0515,signup_started,2026-06-21T12:08:00Z,u_0515_s01,ins_u_0515_001,{},v2.3.0-fixed
evt_003296,u_0406,activation_completed,2026-06-21T12:09:00Z,u_0406_s01,ins_u_0406_005,{},v2.3.0-fixed
evt_003297,u_0437,signup_completed,2026-06-21T12:13:00Z,u_0437_s01,ins_u_0437_002,{},v2.3.0-fixed
evt_003298,u_0515,signup_completed,2026-06-21T12:16:00Z,u_0515_s01,ins_u_0515_002,{},v2.3.0-fixed
evt_003299,u_0542,activation_completed,2026-06-21T12:16:00Z,u_0542_s01,ins_u_0542_007,{},v2.3.0-fixed
evt_003300,u_0382,signup_started,2026-06-21T12:17:00Z,u_0382_s01,ins_u_0382_001,{},v2.3.0-fixed
evt_003301,u_0515,profile_saved,2026-06-21T12:18:00Z,u_0515_s01,ins_u_0515_003,{},v2.3.0-fixed
evt_003302,u_0673,signup_started,2026-06-21T12:19:00Z,u_0673_s01,ins_u_0673_001,{},v2.3.0-fixed
evt_003303,u_0354,signup_started,2026-06-21T12:20:00Z,u_0354_s01,ins_u_0354_001,{},v2.3.0-fixed
evt_003304,u_0403,onboarding_completed,2026-06-21T12:20:00Z,u_0403_s01,ins_u_0403_005,"{""completed_at"": ""2026-06-21T12:10:00Z""}",v2.3.0-fixed
evt_003305,u_0382,signup_completed,2026-06-21T12:21:00Z,u_0382_s01,ins_u_0382_002,{},v2.3.0-fixed
evt_003306,u_0437,session_abandoned,2026-06-21T12:21:00Z,u_0437_s01,ins_u_0437_003,{},v2.3.0-fixed
evt_003307,u_0515,onboarding_step_viewed,2026-06-21T12:21:00Z,u_0515_s01,ins_u_0515_004,{},v2.3.0-fixed
evt_003308,u_0673,signup_completed,2026-06-21T12:22:00Z,u_0673_s01,ins_u_0673_002,{},v2.3.0-fixed
evt_003309,u_0156,signup_started,2026-06-21T12:23:00Z,u_0156_s01,ins_u_0156_001,{},v2.3.0-fixed
evt_003310,u_0396,signup_started,2026-06-21T12:23:00Z,u_0396_s01,ins_u_0396_001,{},v2.3.0-fixed
evt_003311,u_0156,signup_completed,2026-06-21T12:24:00Z,u_0156_s01,ins_u_0156_002,{},v2.3.0-fixed
evt_003312,u_0363,return_visit,2026-06-21T12:24:00Z,u_0363_s02,ins_u_0363_008,{},v2.3.0-fixed
evt_003313,u_0325,signup_started,2026-06-21T12:25:00Z,u_0325_s01,ins_u_0325_001,{},v2.3.0-fixed
evt_003314,u_0396,signup_completed,2026-06-21T12:25:00Z,u_0396_s01,ins_u_0396_002,{},v2.3.0-fixed
evt_003315,u_0605,signup_started,2026-06-21T12:25:00Z,u_0605_s01,ins_u_0605_001,{},v2.3.0-fixed
evt_003316,u_0156,profile_saved,2026-06-21T12:26:00Z,u_0156_s01,ins_u_0156_003,{},v2.3.0-fixed
evt_003317,u_0354,signup_completed,2026-06-21T12:28:00Z,u_0354_s01,ins_u_0354_002,{},v2.3.0-fixed
evt_003318,u_0363,feature_used,2026-06-21T12:29:00Z,u_0363_s02,ins_u_0363_009,"{""feature"": ""insights""}",v2.3.0-fixed
evt_003319,u_0382,profile_saved,2026-06-21T12:29:00Z,u_0382_s01,ins_u_0382_003,{},v2.3.0-fixed
evt_003320,u_0605,signup_completed,2026-06-21T12:29:00Z,u_0605_s01,ins_u_0605_002,{},v2.3.0-fixed
evt_003321,u_0354,profile_saved,2026-06-21T12:30:00Z,u_0354_s01,ins_u_0354_003,{},v2.3.0-fixed
evt_003322,u_0673,session_abandoned,2026-06-21T12:30:00Z,u_0673_s01,ins_u_0673_003,{},v2.3.0-fixed
evt_003323,u_0156,onboarding_step_viewed,2026-06-21T12:31:00Z,u_0156_s01,ins_u_0156_004,{},v2.3.0-fixed
evt_003324,u_0325,session_abandoned,2026-06-21T12:32:00Z,u_0325_s01,ins_u_0325_002,{},v2.3.0-fixed
evt_003325,u_0354,onboarding_step_viewed,2026-06-21T12:32:00Z,u_0354_s01,ins_u_0354_004,{},v2.3.0-fixed
evt_003326,u_0382,onboarding_step_viewed,2026-06-21T12:33:00Z,u_0382_s01,ins_u_0382_004,{},v2.3.0-fixed
evt_003327,u_0396,session_abandoned,2026-06-21T12:33:00Z,u_0396_s01,ins_u_0396_003,{},v2.3.0-fixed
evt_003328,u_0417,signup_started,2026-06-21T12:34:00Z,u_0417_s01,ins_u_0417_001,{},v2.3.0-fixed
evt_003329,u_0417,signup_completed,2026-06-21T12:37:00Z,u_0417_s01,ins_u_0417_002,{},v2.3.0-fixed
evt_003330,u_0605,session_abandoned,2026-06-21T12:37:00Z,u_0605_s01,ins_u_0605_003,{},v2.3.0-fixed
evt_003331,u_0007,signup_started,2026-06-21T12:38:00Z,u_0007_s01,ins_u_0007_001,{},v2.3.0-fixed
evt_003332,u_0417,profile_saved,2026-06-21T12:41:00Z,u_0417_s01,ins_u_0417_003,{},v2.3.0-fixed
evt_003333,u_0515,feature_used,2026-06-21T12:42:00Z,u_0515_s01,ins_u_0515_005,"{""feature"": ""insights""}",v2.3.0-fixed
evt_003334,u_0417,onboarding_step_viewed,2026-06-21T12:44:00Z,u_0417_s01,ins_u_0417_004,{},v2.3.0-fixed
evt_003335,u_0007,session_abandoned,2026-06-21T12:46:00Z,u_0007_s01,ins_u_0007_002,{},v2.3.0-fixed
evt_003336,u_0417,feature_used,2026-06-21T12:48:00Z,u_0417_s01,ins_u_0417_005,"{""feature"": ""insights""}",v2.3.0-fixed
evt_003337,u_0515,onboarding_completed,2026-06-21T12:49:00Z,u_0515_s01,ins_u_0515_006,"{""completed_at"": ""2026-06-21T12:48:00Z""}",v2.3.0-fixed
evt_003338,u_0156,feature_used,2026-06-21T12:50:00Z,u_0156_s01,ins_u_0156_005,"{""feature"": ""board""}",v2.3.0-fixed
evt_003339,u_0382,onboarding_completed,2026-06-21T12:58:00Z,u_0382_s01,ins_u_0382_005,"{""completed_at"": ""2026-06-21T13:02:00Z""}",v2.3.0-fixed
evt_003340,u_0156,onboarding_completed,2026-06-21T13:06:00Z,u_0156_s01,ins_u_0156_006,"{""completed_at"": ""2026-06-21T13:04:00Z""}",v2.3.0-fixed
evt_003341,u_0354,onboarding_completed,2026-06-21T13:14:00Z,u_0354_s01,ins_u_0354_005,"{""completed_at"": ""2026-06-21T13:04:00Z""}",v2.3.0-fixed
evt_003342,u_0790,signup_started,2026-06-21T13:16:00Z,u_0790_s01,ins_u_0790_001,{},v2.3.0-fixed
evt_003343,u_0426,signup_started,2026-06-21T13:19:00Z,u_0426_s01,ins_u_0426_001,{},v2.3.0-fixed
evt_003344,u_0790,session_abandoned,2026-06-21T13:22:00Z,u_0790_s01,ins_u_0790_002,{},v2.3.0-fixed
evt_003345,u_0354,activation_completed,2026-06-21T13:23:00Z,u_0354_s01,ins_u_0354_006,{},v2.3.0-fixed
evt_003346,u_0417,onboarding_completed,2026-06-21T13:24:00Z,u_0417_s01,ins_u_0417_006,"{""completed_at"": ""2026-06-21T13:13:00Z""}",v2.3.0-fixed
evt_003347,u_0426,signup_completed,2026-06-21T13:25:00Z,u_0426_s01,ins_u_0426_002,{},v2.3.0-fixed
evt_003348,u_0762,signup_started,2026-06-21T13:25:00Z,u_0762_s01,ins_u_0762_001,{},v2.3.0-fixed
evt_003349,u_0116,signup_started,2026-06-21T13:28:00Z,u_0116_s01,ins_u_0116_001,{},v2.3.0-fixed
evt_003350,u_0426,profile_saved,2026-06-21T13:29:00Z,u_0426_s01,ins_u_0426_003,{},v2.3.0-fixed
evt_003351,u_0762,signup_completed,2026-06-21T13:30:00Z,u_0762_s01,ins_u_0762_002,{},v2.3.0-fixed
evt_003352,u_0747,signup_started,2026-06-21T13:33:00Z,u_0747_s01,ins_u_0747_001,{},v2.3.0-fixed
evt_003353,u_0382,activation_completed,2026-06-21T13:34:00Z,u_0382_s01,ins_u_0382_006,{},v2.3.0-fixed
evt_003354,u_0116,signup_completed,2026-06-21T13:35:00Z,u_0116_s01,ins_u_0116_002,{},v2.3.0-fixed
evt_003355,u_0747,signup_completed,2026-06-21T13:36:00Z,u_0747_s01,ins_u_0747_002,{},v2.3.0-fixed
evt_003356,u_0762,session_abandoned,2026-06-21T13:39:00Z,u_0762_s01,ins_u_0762_003,{},v2.3.0-fixed
evt_003357,u_0116,profile_saved,2026-06-21T13:43:00Z,u_0116_s01,ins_u_0116_003,{},v2.3.0-fixed
evt_003358,u_0116,error_shown,2026-06-21T13:44:00Z,u_0116_s01,ins_u_0116_004,"{""code"": ""onboarding_timeout""}",v2.3.0-fixed
evt_003359,u_0577,signup_started,2026-06-21T13:45:00Z,u_0577_s01,ins_u_0577_001,{},v2.3.0-fixed
evt_003360,u_0747,profile_saved,2026-06-21T13:45:00Z,u_0747_s01,ins_u_0747_003,{},v2.3.0-fixed
evt_003361,u_0116,onboarding_step_viewed,2026-06-21T13:46:00Z,u_0116_s01,ins_u_0116_005,{},v2.3.0-fixed
evt_003362,u_0254,signup_started,2026-06-21T13:46:00Z,u_0254_s01,ins_u_0254_001,{},v2.3.0-fixed
evt_003363,u_0747,onboarding_step_viewed,2026-06-21T13:49:00Z,u_0747_s01,ins_u_0747_004,{},v2.3.0-fixed
evt_003364,u_0577,signup_completed,2026-06-21T13:50:00Z,u_0577_s01,ins_u_0577_002,{},v2.3.0-fixed
evt_003365,u_0254,signup_completed,2026-06-21T13:53:00Z,u_0254_s01,ins_u_0254_002,{},v2.3.0-fixed
evt_003366,u_0577,profile_saved,2026-06-21T13:53:00Z,u_0577_s01,ins_u_0577_003,{},v2.3.0-fixed
evt_003367,u_0577,error_shown,2026-06-21T13:54:00Z,u_0577_s01,ins_u_0577_004,"{""code"": ""onboarding_timeout""}",v2.3.0-fixed
evt_003368,u_0577,onboarding_step_viewed,2026-06-21T13:56:00Z,u_0577_s01,ins_u_0577_005,{},v2.3.0-fixed
evt_003369,u_0426,onboarding_completed,2026-06-21T13:57:00Z,u_0426_s01,ins_u_0426_004,"{""completed_at"": ""2026-06-21T14:06:00Z""}",v2.3.0-fixed
evt_003370,u_0276,signup_started,2026-06-21T14:01:00Z,u_0276_s01,ins_u_0276_001,{},v2.3.0-fixed
evt_003371,u_0116,feature_used,2026-06-21T14:02:00Z,u_0116_s01,ins_u_0116_006,"{""feature"": ""board""}",v2.3.0-fixed
evt_003372,u_0254,session_abandoned,2026-06-21T14:02:00Z,u_0254_s01,ins_u_0254_003,{},v2.3.0-fixed
evt_003373,u_0276,signup_completed,2026-06-21T14:05:00Z,u_0276_s01,ins_u_0276_002,{},v2.3.0-fixed
evt_003374,u_0577,feature_used,2026-06-21T14:05:00Z,u_0577_s01,ins_u_0577_006,"{""feature"": ""insights""}",v2.3.0-fixed
evt_003375,u_0276,profile_saved,2026-06-21T14:07:00Z,u_0276_s01,ins_u_0276_003,{},v2.3.0-fixed
evt_003376,u_0116,onboarding_completed,2026-06-21T14:11:00Z,u_0116_s01,ins_u_0116_007,"{""completed_at"": ""2026-06-21T14:09:00Z""}",v2.3.0-fixed
evt_003377,u_0747,onboarding_completed,2026-06-21T14:15:00Z,u_0747_s01,ins_u_0747_005,"{""completed_at"": ""2026-06-21T14:23:00Z""}",v2.3.0-fixed
evt_003378,u_0444,signup_started,2026-06-21T14:23:00Z,u_0444_s01,ins_u_0444_001,{},v2.3.0-fixed
evt_003379,u_0040,signup_started,2026-06-21T14:24:00Z,u_0040_s01,ins_u_0040_001,{},v2.3.0-fixed
evt_003380,u_0101,signup_started,2026-06-21T14:25:00Z,u_0101_s01,ins_u_0101_001,{},v2.3.0-fixed
evt_003381,u_0101,signup_completed,2026-06-21T14:26:00Z,u_0101_s01,ins_u_0101_002,{},v2.3.0-fixed
evt_003382,u_0247,signup_started,2026-06-21T14:27:00Z,u_0247_s01,ins_u_0247_001,{},v2.3.0-fixed
evt_003383,u_0067,signup_started,2026-06-21T14:29:00Z,u_0067_s01,ins_u_0067_001,{},v2.3.0-fixed
evt_003384,u_0040,signup_completed,2026-06-21T14:30:00Z,u_0040_s01,ins_u_0040_002,{},v2.3.0-fixed
evt_003385,u_0577,onboarding_completed,2026-06-21T14:30:00Z,u_0577_s01,ins_u_0577_007,"{""completed_at"": ""2026-06-21T14:31:00Z""}",v2.3.0-fixed
evt_003386,u_0444,signup_completed,2026-06-21T14:31:00Z,u_0444_s01,ins_u_0444_002,{},v2.3.0-fixed
evt_003387,u_0444,profile_saved,2026-06-21T14:33:00Z,u_0444_s01,ins_u_0444_003,{},v2.3.0-fixed
evt_003388,u_0067,signup_completed,2026-06-21T14:34:00Z,u_0067_s01,ins_u_0067_002,{},v2.3.0-fixed
evt_003389,u_0101,profile_saved,2026-06-21T14:34:00Z,u_0101_s01,ins_u_0101_003,{},v2.3.0-fixed
evt_003390,u_0040,profile_saved,2026-06-21T14:35:00Z,u_0040_s01,ins_u_0040_003,{},v2.3.0-fixed
evt_003391,u_0247,signup_completed,2026-06-21T14:35:00Z,u_0247_s01,ins_u_0247_002,{},v2.3.0-fixed
evt_003392,u_0040,error_shown,2026-06-21T14:36:00Z,u_0040_s01,ins_u_0040_004,"{""code"": ""onboarding_timeout""}",v2.3.0-fixed
evt_003393,u_0101,onboarding_step_viewed,2026-06-21T14:36:00Z,u_0101_s01,ins_u_0101_004,{},v2.3.0-fixed
evt_003394,u_0426,activation_completed,2026-06-21T14:36:00Z,u_0426_s01,ins_u_0426_005,{},v2.3.0-fixed
evt_003395,u_0040,onboarding_step_viewed,2026-06-21T14:39:00Z,u_0040_s01,ins_u_0040_005,{},v2.3.0-fixed
evt_003396,u_0444,onboarding_step_viewed,2026-06-21T14:39:00Z,u_0444_s01,ins_u_0444_004,{},v2.3.0-fixed
evt_003397,u_0247,profile_saved,2026-06-21T14:41:00Z,u_0247_s01,ins_u_0247_003,{},v2.3.0-fixed
evt_003398,u_0791,signup_started,2026-06-21T14:42:00Z,u_0791_s01,ins_u_0791_001,{},v2.3.0-fixed
evt_003399,u_0272,signup_started,2026-06-21T14:43:00Z,u_0272_s01,ins_u_0272_001,{},v2.3.0-fixed
evt_003400,u_0067,profile_saved,2026-06-21T14:44:00Z,u_0067_s01,ins_u_0067_003,{},v2.3.0-fixed
evt_003401,u_0247,onboarding_step_viewed,2026-06-21T14:44:00Z,u_0247_s01,ins_u_0247_004,{},v2.3.0-fixed
evt_003402,u_0739,signup_started,2026-06-21T14:45:00Z,u_0739_s01,ins_u_0739_001,{},v2.3.0-fixed
evt_003403,u_0067,onboarding_step_viewed,2026-06-21T14:46:00Z,u_0067_s01,ins_u_0067_004,{},v2.3.0-fixed
evt_003404,u_0272,signup_completed,2026-06-21T14:46:00Z,u_0272_s01,ins_u_0272_002,{},v2.3.0-fixed
evt_003405,u_0444,feature_used,2026-06-21T14:46:00Z,u_0444_s01,ins_u_0444_005,"{""feature"": ""board""}",v2.3.0-fixed
evt_003406,u_0739,signup_completed,2026-06-21T14:47:00Z,u_0739_s01,ins_u_0739_002,{},v2.3.0-fixed
evt_003407,u_0101,feature_used,2026-06-21T14:48:00Z,u_0101_s01,ins_u_0101_005,"{""feature"": ""insights""}",v2.3.0-fixed
evt_003408,u_0276,onboarding_completed,2026-06-21T14:50:00Z,u_0276_s01,ins_u_0276_004,"{""completed_at"": ""2026-06-21T14:39:00Z""}",v2.3.0-fixed
evt_003409,u_0791,signup_completed,2026-06-21T14:50:00Z,u_0791_s01,ins_u_0791_002,{},v2.3.0-fixed
evt_003410,u_0005,signup_started,2026-06-21T14:51:00Z,u_0005_s01,ins_u_0005_001,{},v2.3.0-fixed
evt_003411,u_0747,activation_completed,2026-06-21T14:51:00Z,u_0747_s01,ins_u_0747_006,{},v2.3.0-fixed
evt_003412,u_0005,session_abandoned,2026-06-21T14:53:00Z,u_0005_s01,ins_u_0005_002,{},v2.3.0-fixed
evt_003413,u_0040,feature_used,2026-06-21T14:53:00Z,u_0040_s01,ins_u_0040_006,"{""feature"": ""board""}",v2.3.0-fixed
evt_003414,u_0739,session_abandoned,2026-06-21T14:53:00Z,u_0739_s01,ins_u_0739_003,{},v2.3.0-fixed
evt_003415,u_0272,profile_saved,2026-06-21T14:54:00Z,u_0272_s01,ins_u_0272_003,{},v2.3.0-fixed
evt_003416,u_0272,onboarding_step_viewed,2026-06-21T14:57:00Z,u_0272_s01,ins_u_0272_004,{},v2.3.0-fixed
evt_003417,u_0791,session_abandoned,2026-06-21T14:57:00Z,u_0791_s01,ins_u_0791_003,{},v2.3.0-fixed
evt_003418,u_0583,signup_started,2026-06-21T15:01:00Z,u_0583_s01,ins_u_0583_001,{},v2.3.0-fixed
evt_003419,u_0649,signup_started,2026-06-21T15:02:00Z,u_0649_s01,ins_u_0649_001,{},v2.3.0-fixed
evt_003420,u_0635,signup_started,2026-06-21T15:04:00Z,u_0635_s01,ins_u_0635_001,{},v2.3.0-fixed
evt_003421,u_0649,signup_completed,2026-06-21T15:04:00Z,u_0649_s01,ins_u_0649_002,{},v2.3.0-fixed
evt_003422,u_0583,session_abandoned,2026-06-21T15:05:00Z,u_0583_s01,ins_u_0583_002,{},v2.3.0-fixed
evt_003423,u_0067,feature_used,2026-06-21T15:06:00Z,u_0067_s01,ins_u_0067_005,"{""feature"": ""insights""}",v2.3.0-fixed
evt_003424,u_0635,session_abandoned,2026-06-21T15:07:00Z,u_0635_s01,ins_u_0635_002,{},v2.3.0-fixed
evt_003425,u_0040,onboarding_completed,2026-06-21T15:09:00Z,u_0040_s01,ins_u_0040_007,"{""completed_at"": ""2026-06-21T15:08:00Z""}",v2.3.0-fixed
evt_003426,u_0649,profile_saved,2026-06-21T15:09:00Z,u_0649_s01,ins_u_0649_003,{},v2.3.0-fixed
evt_003427,u_0270,signup_started,2026-06-21T15:11:00Z,u_0270_s01,ins_u_0270_001,{},v2.3.0-fixed
evt_003428,u_0370,signup_started,2026-06-21T15:11:00Z,u_0370_s01,ins_u_0370_001,{},v2.3.0-fixed
evt_003429,u_0067,onboarding_completed,2026-06-21T15:13:00Z,u_0067_s01,ins_u_0067_006,"{""completed_at"": ""2026-06-21T15:15:00Z""}",v2.3.0-fixed
evt_003430,u_0444,onboarding_completed,2026-06-21T15:13:00Z,u_0444_s01,ins_u_0444_006,"{""completed_at"": ""2026-06-21T15:08:00Z""}",v2.3.0-fixed
evt_003431,u_0370,signup_completed,2026-06-21T15:14:00Z,u_0370_s01,ins_u_0370_002,{},v2.3.0-fixed
evt_003432,u_0270,signup_completed,2026-06-21T15:16:00Z,u_0270_s01,ins_u_0270_002,{},v2.3.0-fixed
evt_003433,u_0295,signup_started,2026-06-21T15:16:00Z,u_0295_s01,ins_u_0295_001,{},v2.3.0-fixed
evt_003434,u_0029,signup_started,2026-06-21T15:17:00Z,u_0029_s01,ins_u_0029_001,{},v2.3.0-fixed
evt_003435,u_0237,signup_started,2026-06-21T15:18:00Z,u_0237_s01,ins_u_0237_001,{},v2.3.0-fixed
evt_003436,u_0101,onboarding_completed,2026-06-21T15:19:00Z,u_0101_s01,ins_u_0101_006,"{""completed_at"": ""2026-06-21T15:13:00Z""}",v2.3.0-fixed
evt_003437,u_0295,session_abandoned,2026-06-21T15:19:00Z,u_0295_s01,ins_u_0295_002,{},v2.3.0-fixed
evt_003438,u_0237,signup_completed,2026-06-21T15:21:00Z,u_0237_s01,ins_u_0237_002,{},v2.3.0-fixed
evt_003439,u_0370,profile_saved,2026-06-21T15:22:00Z,u_0370_s01,ins_u_0370_003,{},v2.3.0-fixed
evt_003440,u_0370,error_shown,2026-06-21T15:23:00Z,u_0370_s01,ins_u_0370_004,"{""code"": ""onboarding_timeout""}",v2.3.0-fixed
evt_003441,u_0270,session_abandoned,2026-06-21T15:24:00Z,u_0270_s01,ins_u_0270_003,{},v2.3.0-fixed
evt_003442,u_0029,session_abandoned,2026-06-21T15:25:00Z,u_0029_s01,ins_u_0029_002,{},v2.3.0-fixed
evt_003443,u_0370,onboarding_step_viewed,2026-06-21T15:25:00Z,u_0370_s01,ins_u_0370_005,{},v2.3.0-fixed
evt_003444,u_0237,session_abandoned,2026-06-21T15:27:00Z,u_0237_s01,ins_u_0237_003,{},v2.3.0-fixed
evt_003445,u_0272,onboarding_completed,2026-06-21T15:29:00Z,u_0272_s01,ins_u_0272_005,"{""completed_at"": ""2026-06-21T15:33:00Z""}",v2.3.0-fixed
evt_003446,u_0451,signup_started,2026-06-21T15:30:00Z,u_0451_s01,ins_u_0451_001,{},v2.3.0-fixed
evt_003447,u_0030,signup_started,2026-06-21T15:35:00Z,u_0030_s01,ins_u_0030_001,{},v2.3.0-fixed
evt_003448,u_0649,onboarding_completed,2026-06-21T15:36:00Z,u_0649_s01,ins_u_0649_004,"{""completed_at"": ""2026-06-21T15:40:00Z""}",v2.3.0-fixed
evt_003449,u_0101,activation_completed,2026-06-21T15:38:00Z,u_0101_s01,ins_u_0101_007,{},v2.3.0-fixed
evt_003450,u_0451,signup_completed,2026-06-21T15:38:00Z,u_0451_s01,ins_u_0451_002,{},v2.3.0-fixed
evt_003451,u_0030,signup_completed,2026-06-21T15:39:00Z,u_0030_s01,ins_u_0030_002,{},v2.3.0-fixed
evt_003452,u_0716,signup_started,2026-06-21T15:40:00Z,u_0716_s01,ins_u_0716_001,{},v2.3.0-fixed
evt_003453,u_0030,profile_saved,2026-06-21T15:41:00Z,u_0030_s01,ins_u_0030_003,{},v2.3.0-fixed
evt_003454,u_0716,signup_completed,2026-06-21T15:41:00Z,u_0716_s01,ins_u_0716_002,{},v2.3.0-fixed
evt_003455,u_0030,onboarding_step_viewed,2026-06-21T15:46:00Z,u_0030_s01,ins_u_0030_004,{},v2.3.0-fixed
evt_003456,u_0120,signup_started,2026-06-21T15:46:00Z,u_0120_s01,ins_u_0120_001,{},v2.3.0-fixed
evt_003457,u_0716,profile_saved,2026-06-21T15:46:00Z,u_0716_s01,ins_u_0716_003,{},v2.3.0-fixed
evt_003458,u_0451,profile_saved,2026-06-21T15:48:00Z,u_0451_s01,ins_u_0451_003,{},v2.3.0-fixed
evt_003459,u_0370,onboarding_completed,2026-06-21T15:49:00Z,u_0370_s01,ins_u_0370_006,"{""completed_at"": ""2026-06-21T15:51:00Z""}",v2.3.0-fixed
evt_003460,u_0716,onboarding_step_viewed,2026-06-21T15:50:00Z,u_0716_s01,ins_u_0716_004,{},v2.3.0-fixed
evt_003461,u_0030,feature_used,2026-06-21T15:53:00Z,u_0030_s01,ins_u_0030_005,"{""feature"": ""board""}",v2.3.0-fixed
evt_003462,u_0451,onboarding_step_viewed,2026-06-21T15:53:00Z,u_0451_s01,ins_u_0451_004,{},v2.3.0-fixed
evt_003463,u_0120,signup_completed,2026-06-21T15:54:00Z,u_0120_s01,ins_u_0120_002,{},v2.3.0-fixed
evt_003464,u_0272,activation_completed,2026-06-21T16:00:00Z,u_0272_s01,ins_u_0272_006,{},v2.3.0-fixed
evt_003465,u_0120,profile_saved,2026-06-21T16:02:00Z,u_0120_s01,ins_u_0120_003,{},v2.3.0-fixed
evt_003466,u_0427,signup_started,2026-06-21T16:05:00Z,u_0427_s01,ins_u_0427_001,{},v2.3.0-fixed
evt_003467,u_0427,session_abandoned,2026-06-21T16:07:00Z,u_0427_s01,ins_u_0427_002,{},v2.3.0-fixed
evt_003468,u_0120,onboarding_step_viewed,2026-06-21T16:08:00Z,u_0120_s01,ins_u_0120_004,{},v2.3.0-fixed
evt_003469,u_0716,feature_used,2026-06-21T16:08:00Z,u_0716_s01,ins_u_0716_005,"{""feature"": ""board""}",v2.3.0-fixed
evt_003470,u_0451,onboarding_completed,2026-06-21T16:14:00Z,u_0451_s01,ins_u_0451_005,"{""completed_at"": ""2026-06-21T16:20:00Z""}",v2.3.0-fixed
evt_003471,u_0370,activation_completed,2026-06-21T16:15:00Z,u_0370_s01,ins_u_0370_007,{},v2.3.0-fixed
evt_003472,u_0683,signup_started,2026-06-21T16:15:00Z,u_0683_s01,ins_u_0683_001,{},v2.3.0-fixed
evt_003473,u_0716,onboarding_completed,2026-06-21T16:15:00Z,u_0716_s01,ins_u_0716_006,"{""completed_at"": ""2026-06-21T16:17:00Z""}",v2.3.0-fixed
evt_003474,u_0649,activation_completed,2026-06-21T16:17:00Z,u_0649_s01,ins_u_0649_005,{},v2.3.0-fixed
evt_003475,u_0020,signup_started,2026-06-21T16:20:00Z,u_0020_s01,ins_u_0020_001,{},v2.3.0-fixed
evt_003476,u_0245,signup_started,2026-06-21T16:22:00Z,u_0245_s01,ins_u_0245_001,{},v2.3.0-fixed
evt_003477,u_0683,signup_completed,2026-06-21T16:22:00Z,u_0683_s01,ins_u_0683_002,{},v2.3.0-fixed
evt_003478,u_0030,onboarding_completed,2026-06-21T16:24:00Z,u_0030_s01,ins_u_0030_006,"{""completed_at"": ""2026-06-21T16:07:00Z""}",v2.3.0-fixed
evt_003479,u_0683,profile_saved,2026-06-21T16:25:00Z,u_0683_s01,ins_u_0683_003,{},v2.3.0-fixed
evt_003480,u_0683,error_shown,2026-06-21T16:26:00Z,u_0683_s01,ins_u_0683_004,"{""code"": ""onboarding_timeout""}",v2.3.0-fixed
evt_003481,u_0120,feature_used,2026-06-21T16:27:00Z,u_0120_s01,ins_u_0120_005,"{""feature"": ""board""}",v2.3.0-fixed
evt_003482,u_0020,signup_completed,2026-06-21T16:28:00Z,u_0020_s01,ins_u_0020_002,{},v2.3.0-fixed
evt_003483,u_0147,signup_started,2026-06-21T16:28:00Z,u_0147_s01,ins_u_0147_001,{},v2.3.0-fixed
evt_003484,u_0245,signup_completed,2026-06-21T16:28:00Z,u_0245_s01,ins_u_0245_002,{},v2.3.0-fixed
evt_003485,u_0418,signup_started,2026-06-21T16:29:00Z,u_0418_s01,ins_u_0418_001,{},v2.3.0-fixed
evt_003486,u_0683,onboarding_step_viewed,2026-06-21T16:30:00Z,u_0683_s01,ins_u_0683_005,{},v2.3.0-fixed
evt_003487,u_0020,profile_saved,2026-06-21T16:31:00Z,u_0020_s01,ins_u_0020_003,{},v2.3.0-fixed
evt_003488,u_0030,activation_completed,2026-06-21T16:31:00Z,u_0030_s01,ins_u_0030_007,{},v2.3.0-fixed
evt_003489,u_0245,profile_saved,2026-06-21T16:31:00Z,u_0245_s01,ins_u_0245_003,{},v2.3.0-fixed
evt_003490,u_0020,onboarding_step_viewed,2026-06-21T16:33:00Z,u_0020_s01,ins_u_0020_004,{},v2.3.0-fixed
evt_003491,u_0147,session_abandoned,2026-06-21T16:35:00Z,u_0147_s01,ins_u_0147_002,{},v2.3.0-fixed
evt_003492,u_0418,signup_completed,2026-06-21T16:35:00Z,u_0418_s01,ins_u_0418_002,{},v2.3.0-fixed
evt_003493,u_0613,signup_started,2026-06-21T16:36:00Z,u_0613_s01,ins_u_0613_001,{},v2.3.0-fixed
evt_003494,u_0091,signup_started,2026-06-21T16:40:00Z,u_0091_s01,ins_u_0091_001,{},v2.3.0-fixed
evt_003495,u_0716,activation_completed,2026-06-21T16:40:00Z,u_0716_s01,ins_u_0716_007,{},v2.3.0-fixed
evt_003496,u_0120,onboarding_completed,2026-06-21T16:41:00Z,u_0120_s01,ins_u_0120_006,"{""completed_at"": ""2026-06-21T16:33:00Z""}",v2.3.0-fixed
evt_003497,u_0613,signup_completed,2026-06-21T16:41:00Z,u_0613_s01,ins_u_0613_002,{},v2.3.0-fixed
evt_003498,u_0418,profile_saved,2026-06-21T16:44:00Z,u_0418_s01,ins_u_0418_003,{},v2.3.0-fixed
evt_003499,u_0459,signup_started,2026-06-21T16:44:00Z,u_0459_s01,ins_u_0459_001,{},v2.3.0-fixed
evt_003500,u_0091,signup_completed,2026-06-21T16:45:00Z,u_0091_s01,ins_u_0091_002,{},v2.3.0-fixed
evt_003501,u_0364,signup_started,2026-06-21T16:46:00Z,u_0364_s01,ins_u_0364_001,{},v2.3.0-fixed
evt_003502,u_0683,feature_used,2026-06-21T16:47:00Z,u_0683_s01,ins_u_0683_006,"{""feature"": ""insights""}",v2.3.0-fixed
evt_003503,u_0459,signup_completed,2026-06-21T16:48:00Z,u_0459_s01,ins_u_0459_002,{},v2.3.0-fixed
evt_003504,u_0613,session_abandoned,2026-06-21T16:48:00Z,u_0613_s01,ins_u_0613_003,{},v2.3.0-fixed
evt_003505,u_0364,session_abandoned,2026-06-21T16:50:00Z,u_0364_s01,ins_u_0364_002,{},v2.3.0-fixed
evt_003506,u_0418,onboarding_step_viewed,2026-06-21T16:50:00Z,u_0418_s01,ins_u_0418_004,{},v2.3.0-fixed
evt_003507,u_0451,activation_completed,2026-06-21T16:50:00Z,u_0451_s01,ins_u_0451_006,{},v2.3.0-fixed
evt_003508,u_0459,profile_saved,2026-06-21T16:52:00Z,u_0459_s01,ins_u_0459_003,{},v2.3.0-fixed
evt_003509,u_0091,profile_saved,2026-06-21T16:55:00Z,u_0091_s01,ins_u_0091_003,{},v2.3.0-fixed
evt_003510,u_0459,onboarding_step_viewed,2026-06-21T16:57:00Z,u_0459_s01,ins_u_0459_004,{},v2.3.0-fixed
evt_003511,u_0091,onboarding_step_viewed,2026-06-21T16:59:00Z,u_0091_s01,ins_u_0091_004,{},v2.3.0-fixed
evt_003512,u_0020,onboarding_completed,2026-06-21T17:04:00Z,u_0020_s01,ins_u_0020_005,"{""completed_at"": ""2026-06-21T17:03:00Z""}",v2.3.0-fixed
evt_003513,u_0493,signup_started,2026-06-21T17:05:00Z,u_0493_s01,ins_u_0493_001,{},v2.3.0-fixed
evt_003514,u_0484,signup_started,2026-06-21T17:07:00Z,u_0484_s01,ins_u_0484_001,{},v2.3.0-fixed
evt_003515,u_0409,signup_started,2026-06-21T17:11:00Z,u_0409_s01,ins_u_0409_001,{},v2.3.0-fixed
evt_003516,u_0493,signup_completed,2026-06-21T17:11:00Z,u_0493_s01,ins_u_0493_002,{},v2.3.0-fixed
evt_003517,u_0245,onboarding_completed,2026-06-21T17:12:00Z,u_0245_s01,ins_u_0245_004,"{""completed_at"": ""2026-06-21T17:05:00Z""}",v2.3.0-fixed
evt_003518,u_0484,signup_completed,2026-06-21T17:12:00Z,u_0484_s01,ins_u_0484_002,{},v2.3.0-fixed
evt_003519,u_0418,onboarding_completed,2026-06-21T17:13:00Z,u_0418_s01,ins_u_0418_005,"{""completed_at"": ""2026-06-21T17:10:00Z""}",v2.3.0-fixed
evt_003520,u_0766,signup_started,2026-06-21T17:13:00Z,u_0766_s01,ins_u_0766_001,{},v2.3.0-fixed
evt_003521,u_0409,signup_completed,2026-06-21T17:14:00Z,u_0409_s01,ins_u_0409_002,{},v2.3.0-fixed
evt_003522,u_0632,signup_started,2026-06-21T17:15:00Z,u_0632_s01,ins_u_0632_001,{},v2.3.0-fixed
evt_003523,u_0198,signup_started,2026-06-21T17:17:00Z,u_0198_s01,ins_u_0198_001,{},v2.3.0-fixed
evt_003524,u_0091,feature_used,2026-06-21T17:18:00Z,u_0091_s01,ins_u_0091_005,"{""feature"": ""insights""}",v2.3.0-fixed
evt_003525,u_0766,signup_completed,2026-06-21T17:18:00Z,u_0766_s01,ins_u_0766_002,{},v2.3.0-fixed
evt_003526,u_0409,session_abandoned,2026-06-21T17:19:00Z,u_0409_s01,ins_u_0409_003,{},v2.3.0-fixed
evt_003527,u_0493,profile_saved,2026-06-21T17:19:00Z,u_0493_s01,ins_u_0493_003,{},v2.3.0-fixed
evt_003528,u_0632,signup_completed,2026-06-21T17:20:00Z,u_0632_s01,ins_u_0632_002,{},v2.3.0-fixed
evt_003529,u_0484,profile_saved,2026-06-21T17:21:00Z,u_0484_s01,ins_u_0484_003,{},v2.3.0-fixed
evt_003530,u_0198,signup_completed,2026-06-21T17:22:00Z,u_0198_s01,ins_u_0198_002,{},v2.3.0-fixed
evt_003531,u_0484,onboarding_step_viewed,2026-06-21T17:23:00Z,u_0484_s01,ins_u_0484_004,{},v2.3.0-fixed
evt_003532,u_0766,session_abandoned,2026-06-21T17:23:00Z,u_0766_s01,ins_u_0766_003,{},v2.3.0-fixed
evt_003533,u_0746,signup_started,2026-06-21T17:24:00Z,u_0746_s01,ins_u_0746_001,{},v2.3.0-fixed
evt_003534,u_0459,onboarding_completed,2026-06-21T17:28:00Z,u_0459_s01,ins_u_0459_005,"{""completed_at"": ""2026-06-21T17:21:00Z""}",v2.3.0-fixed
evt_003535,u_0632,session_abandoned,2026-06-21T17:28:00Z,u_0632_s01,ins_u_0632_003,{},v2.3.0-fixed
evt_003536,u_0198,session_abandoned,2026-06-21T17:29:00Z,u_0198_s01,ins_u_0198_003,{},v2.3.0-fixed
evt_003537,u_0493,feature_used,2026-06-21T17:30:00Z,u_0493_s01,ins_u_0493_004,"{""feature"": ""insights""}",v2.3.0-fixed
evt_003538,u_0683,activation_completed,2026-06-21T17:30:00Z,u_0683_s01,ins_u_0683_007,{},v2.3.0-fixed
evt_003539,u_0746,signup_completed,2026-06-21T17:30:00Z,u_0746_s01,ins_u_0746_002,{},v2.3.0-fixed
evt_003540,u_0746,profile_saved,2026-06-21T17:32:00Z,u_0746_s01,ins_u_0746_003,{},v2.3.0-fixed
evt_003541,u_0746,error_shown,2026-06-21T17:33:00Z,u_0746_s01,ins_u_0746_004,"{""code"": ""onboarding_timeout""}",v2.3.0-fixed
evt_003542,u_0746,onboarding_step_viewed,2026-06-21T17:35:00Z,u_0746_s01,ins_u_0746_005,{},v2.3.0-fixed
evt_003543,u_0453,signup_started,2026-06-21T17:37:00Z,u_0453_s01,ins_u_0453_001,{},v2.3.0-fixed
evt_003544,u_0459,activation_completed,2026-06-21T17:39:00Z,u_0459_s01,ins_u_0459_006,{},v2.3.0-fixed
evt_003545,u_0513,return_visit,2026-06-21T17:39:00Z,u_0513_s02,ins_u_0513_008,{},v2.3.0-fixed
evt_003546,u_0293,signup_started,2026-06-21T17:43:00Z,u_0293_s01,ins_u_0293_001,{},v2.3.0-fixed
evt_003547,u_0453,signup_completed,2026-06-21T17:44:00Z,u_0453_s01,ins_u_0453_002,{},v2.3.0-fixed
evt_003548,u_0513,feature_used,2026-06-21T17:44:00Z,u_0513_s02,ins_u_0513_009,"{""feature"": ""insights""}",v2.3.0-fixed
evt_003549,u_0293,signup_completed,2026-06-21T17:45:00Z,u_0293_s01,ins_u_0293_002,{},v2.3.0-fixed
evt_003550,u_0453,profile_saved,2026-06-21T17:46:00Z,u_0453_s01,ins_u_0453_003,{},v2.3.0-fixed
evt_003551,u_0484,feature_used,2026-06-21T17:46:00Z,u_0484_s01,ins_u_0484_005,"{""feature"": ""board""}",v2.3.0-fixed
evt_003552,u_0493,onboarding_completed,2026-06-21T17:47:00Z,u_0493_s01,ins_u_0493_005,"{""completed_at"": ""2026-06-21T17:47:00Z""}",v2.3.0-fixed
evt_003553,u_0615,signup_started,2026-06-21T17:48:00Z,u_0615_s01,ins_u_0615_001,{},v2.3.0-fixed
evt_003554,u_0701,signup_started,2026-06-21T17:48:00Z,u_0701_s01,ins_u_0701_001,{},v2.3.0-fixed
evt_003555,u_0293,session_abandoned,2026-06-21T17:49:00Z,u_0293_s01,ins_u_0293_003,{},v2.3.0-fixed
evt_003556,u_0453,onboarding_step_viewed,2026-06-21T17:49:00Z,u_0453_s01,ins_u_0453_004,{},v2.3.0-fixed
evt_003557,u_0422,signup_started,2026-06-21T17:51:00Z,u_0422_s01,ins_u_0422_001,{},v2.3.0-fixed
evt_003558,u_0484,onboarding_completed,2026-06-21T17:51:00Z,u_0484_s01,ins_u_0484_006,"{""completed_at"": ""2026-06-21T18:01:00Z""}",v2.3.0-fixed
evt_003559,u_0701,session_abandoned,2026-06-21T17:53:00Z,u_0701_s01,ins_u_0701_002,{},v2.3.0-fixed
evt_003560,u_0746,feature_used,2026-06-21T17:55:00Z,u_0746_s01,ins_u_0746_006,"{""feature"": ""board""}",v2.3.0-fixed
evt_003561,u_0615,signup_completed,2026-06-21T17:56:00Z,u_0615_s01,ins_u_0615_002,{},v2.3.0-fixed
evt_003562,u_0422,signup_completed,2026-06-21T17:57:00Z,u_0422_s01,ins_u_0422_002,{},v2.3.0-fixed
evt_003563,u_0727,signup_started,2026-06-21T17:57:00Z,u_0727_s01,ins_u_0727_001,{},v2.3.0-fixed
evt_003564,u_0615,profile_saved,2026-06-21T17:58:00Z,u_0615_s01,ins_u_0615_003,{},v2.3.0-fixed
evt_003565,u_0091,activation_completed,2026-06-21T17:59:00Z,u_0091_s01,ins_u_0091_006,{},v2.3.0-fixed
evt_003566,u_0422,profile_saved,2026-06-21T17:59:00Z,u_0422_s01,ins_u_0422_003,{},v2.3.0-fixed
evt_003567,u_0727,signup_completed,2026-06-21T17:59:00Z,u_0727_s01,ins_u_0727_002,{},v2.3.0-fixed
evt_003568,u_0729,signup_started,2026-06-21T17:59:00Z,u_0729_s01,ins_u_0729_001,{},v2.3.0-fixed
evt_003569,u_0422,error_shown,2026-06-21T18:00:00Z,u_0422_s01,ins_u_0422_004,"{""code"": ""onboarding_timeout""}",v2.3.0-fixed
evt_003570,u_0615,onboarding_step_viewed,2026-06-21T18:01:00Z,u_0615_s01,ins_u_0615_004,{},v2.3.0-fixed
evt_003571,u_0727,profile_saved,2026-06-21T18:02:00Z,u_0727_s01,ins_u_0727_003,{},v2.3.0-fixed
evt_003572,u_0729,session_abandoned,2026-06-21T18:03:00Z,u_0729_s01,ins_u_0729_002,{},v2.3.0-fixed
evt_003573,u_0404,signup_started,2026-06-21T18:04:00Z,u_0404_s01,ins_u_0404_001,{},v2.3.0-fixed
evt_003574,u_0422,onboarding_step_viewed,2026-06-21T18:04:00Z,u_0422_s01,ins_u_0422_005,{},v2.3.0-fixed
evt_003575,u_0746,onboarding_completed,2026-06-21T18:04:00Z,u_0746_s01,ins_u_0746_007,"{""completed_at"": ""2026-06-21T18:08:00Z""}",v2.3.0-fixed
evt_003576,u_0727,onboarding_step_viewed,2026-06-21T18:07:00Z,u_0727_s01,ins_u_0727_004,{},v2.3.0-fixed
evt_003577,u_0404,signup_completed,2026-06-21T18:09:00Z,u_0404_s01,ins_u_0404_002,{},v2.3.0-fixed
evt_003578,u_0533,signup_started,2026-06-21T18:10:00Z,u_0533_s01,ins_u_0533_001,{},v2.3.0-fixed
evt_003579,u_0393,signup_started,2026-06-21T18:11:00Z,u_0393_s01,ins_u_0393_001,{},v2.3.0-fixed
evt_003580,u_0615,feature_used,2026-06-21T18:11:00Z,u_0615_s01,ins_u_0615_005,"{""feature"": ""insights""}",v2.3.0-fixed
evt_003581,u_0727,feature_used,2026-06-21T18:13:00Z,u_0727_s01,ins_u_0727_005,"{""feature"": ""insights""}",v2.3.0-fixed
evt_003582,u_0533,signup_completed,2026-06-21T18:14:00Z,u_0533_s01,ins_u_0533_002,{},v2.3.0-fixed
evt_003583,u_0404,profile_saved,2026-06-21T18:15:00Z,u_0404_s01,ins_u_0404_003,{},v2.3.0-fixed
evt_003584,u_0393,signup_completed,2026-06-21T18:19:00Z,u_0393_s01,ins_u_0393_002,{},v2.3.0-fixed
evt_003585,u_0404,onboarding_step_viewed,2026-06-21T18:20:00Z,u_0404_s01,ins_u_0404_004,{},v2.3.0-fixed
evt_003586,u_0453,onboarding_completed,2026-06-21T18:23:00Z,u_0453_s01,ins_u_0453_005,"{""completed_at"": ""2026-06-21T18:21:00Z""}",v2.3.0-fixed
evt_003587,u_0533,session_abandoned,2026-06-21T18:23:00Z,u_0533_s01,ins_u_0533_003,{},v2.3.0-fixed
evt_003588,u_0493,activation_completed,2026-06-21T18:24:00Z,u_0493_s01,ins_u_0493_006,{},v2.3.0-fixed
evt_003589,u_0393,profile_saved,2026-06-21T18:26:00Z,u_0393_s01,ins_u_0393_003,{},v2.3.0-fixed
evt_003590,u_0656,signup_started,2026-06-21T18:29:00Z,u_0656_s01,ins_u_0656_001,{},v2.3.0-fixed
evt_003591,u_0141,signup_started,2026-06-21T18:30:00Z,u_0141_s01,ins_u_0141_001,{},v2.3.0-fixed
evt_003592,u_0722,signup_started,2026-06-21T18:34:00Z,u_0722_s01,ins_u_0722_001,{},v2.3.0-fixed
evt_003593,u_0615,onboarding_completed,2026-06-21T18:35:00Z,u_0615_s01,ins_u_0615_006,"{""completed_at"": ""2026-06-21T18:33:00Z""}",v2.3.0-fixed
evt_003594,u_0141,signup_completed,2026-06-21T18:36:00Z,u_0141_s01,ins_u_0141_002,{},v2.3.0-fixed
evt_003595,u_0656,signup_completed,2026-06-21T18:36:00Z,u_0656_s01,ins_u_0656_002,{},v2.3.0-fixed
evt_003596,u_0393,feature_used,2026-06-21T18:37:00Z,u_0393_s01,ins_u_0393_004,"{""feature"": ""insights""}",v2.3.0-fixed
evt_003597,u_0422,onboarding_completed,2026-06-21T18:37:00Z,u_0422_s01,ins_u_0422_006,"{""completed_at"": ""2026-06-21T18:32:00Z""}",v2.3.0-fixed
evt_003598,u_0656,profile_saved,2026-06-21T18:38:00Z,u_0656_s01,ins_u_0656_003,{},v2.3.0-fixed
evt_003599,u_0722,signup_completed,2026-06-21T18:38:00Z,u_0722_s01,ins_u_0722_002,{},v2.3.0-fixed
evt_003600,u_0023,signup_started,2026-06-21T18:40:00Z,u_0023_s01,ins_u_0023_001,{},v2.3.0-fixed
evt_003601,u_0656,onboarding_step_viewed,2026-06-21T18:40:00Z,u_0656_s01,ins_u_0656_004,{},v2.3.0-fixed
evt_003602,u_0727,onboarding_completed,2026-06-21T18:40:00Z,u_0727_s01,ins_u_0727_006,"{""completed_at"": ""2026-06-21T18:41:00Z""}",v2.3.0-fixed
evt_003603,u_0141,profile_saved,2026-06-21T18:41:00Z,u_0141_s01,ins_u_0141_003,{},v2.3.0-fixed
evt_003604,u_0023,signup_completed,2026-06-21T18:42:00Z,u_0023_s01,ins_u_0023_002,{},v2.3.0-fixed
evt_003605,u_0453,activation_completed,2026-06-21T18:43:00Z,u_0453_s01,ins_u_0453_006,{},v2.3.0-fixed
evt_003606,u_0141,onboarding_step_viewed,2026-06-21T18:44:00Z,u_0141_s01,ins_u_0141_004,{},v2.3.0-fixed
evt_003607,u_0722,session_abandoned,2026-06-21T18:44:00Z,u_0722_s01,ins_u_0722_003,{},v2.3.0-fixed
evt_003608,u_0023,profile_saved,2026-06-21T18:45:00Z,u_0023_s01,ins_u_0023_003,{},v2.3.0-fixed
evt_003609,u_0023,onboarding_step_viewed,2026-06-21T18:47:00Z,u_0023_s01,ins_u_0023_004,{},v2.3.0-fixed
evt_003610,u_0404,onboarding_completed,2026-06-21T18:52:00Z,u_0404_s01,ins_u_0404_005,"{""completed_at"": ""2026-06-21T18:41:00Z""}",v2.3.0-fixed
evt_003611,u_0023,feature_used,2026-06-21T18:54:00Z,u_0023_s01,ins_u_0023_005,"{""feature"": ""insights""}",v2.3.0-fixed
evt_003612,u_0656,feature_used,2026-06-21T19:01:00Z,u_0656_s01,ins_u_0656_005,"{""feature"": ""board""}",v2.3.0-fixed
evt_003613,u_0141,feature_used,2026-06-21T19:02:00Z,u_0141_s01,ins_u_0141_005,"{""feature"": ""insights""}",v2.3.0-fixed
evt_003614,u_0393,onboarding_completed,2026-06-21T19:02:00Z,u_0393_s01,ins_u_0393_005,"{""completed_at"": ""2026-06-21T19:04:00Z""}",v2.3.0-fixed
evt_003615,u_0777,signup_started,2026-06-21T19:06:00Z,u_0777_s01,ins_u_0777_001,{},v2.3.0-fixed
evt_003616,u_0777,signup_completed,2026-06-21T19:07:00Z,u_0777_s01,ins_u_0777_002,{},v2.3.0-fixed
evt_003617,u_0460,signup_started,2026-06-21T19:10:00Z,u_0460_s01,ins_u_0460_001,{},v2.3.0-fixed
evt_003618,u_0777,profile_saved,2026-06-21T19:10:00Z,u_0777_s01,ins_u_0777_003,{},v2.3.0-fixed
evt_003619,u_0393,activation_completed,2026-06-21T19:13:00Z,u_0393_s01,ins_u_0393_006,{},v2.3.0-fixed
evt_003620,u_0656,onboarding_completed,2026-06-21T19:13:00Z,u_0656_s01,ins_u_0656_006,"{""completed_at"": ""2026-06-21T19:18:00Z""}",v2.3.0-fixed
evt_003621,u_0777,onboarding_step_viewed,2026-06-21T19:13:00Z,u_0777_s01,ins_u_0777_004,{},v2.3.0-fixed
evt_003622,u_0141,onboarding_completed,2026-06-21T19:16:00Z,u_0141_s01,ins_u_0141_006,"{""completed_at"": ""2026-06-21T19:16:00Z""}",v2.3.0-fixed
evt_003623,u_0460,signup_completed,2026-06-21T19:16:00Z,u_0460_s01,ins_u_0460_002,{},v2.3.0-fixed
evt_003624,u_0460,profile_saved,2026-06-21T19:19:00Z,u_0460_s01,ins_u_0460_003,{},v2.3.0-fixed
evt_003625,u_0568,signup_started,2026-06-21T19:19:00Z,u_0568_s01,ins_u_0568_001,{},v2.3.0-fixed
evt_003626,u_0460,error_shown,2026-06-21T19:20:00Z,u_0460_s01,ins_u_0460_004,"{""code"": ""onboarding_timeout""}",v2.3.0-fixed
evt_003627,u_0460,onboarding_step_viewed,2026-06-21T19:23:00Z,u_0460_s01,ins_u_0460_005,{},v2.3.0-fixed
evt_003628,u_0244,signup_started,2026-06-21T19:26:00Z,u_0244_s01,ins_u_0244_001,{},v2.3.0-fixed
evt_003629,u_0568,signup_completed,2026-06-21T19:26:00Z,u_0568_s01,ins_u_0568_002,{},v2.3.0-fixed
evt_003630,u_0023,onboarding_completed,2026-06-21T19:28:00Z,u_0023_s01,ins_u_0023_006,"{""completed_at"": ""2026-06-21T19:24:00Z""}",v2.3.0-fixed
evt_003631,u_0568,profile_saved,2026-06-21T19:29:00Z,u_0568_s01,ins_u_0568_003,{},v2.3.0-fixed
evt_003632,u_0244,signup_completed,2026-06-21T19:30:00Z,u_0244_s01,ins_u_0244_002,{},v2.3.0-fixed
evt_003633,u_0517,signup_started,2026-06-21T19:32:00Z,u_0517_s01,ins_u_0517_001,{},v2.3.0-fixed
evt_003634,u_0568,onboarding_step_viewed,2026-06-21T19:33:00Z,u_0568_s01,ins_u_0568_004,{},v2.3.0-fixed
evt_003635,u_0517,signup_completed,2026-06-21T19:37:00Z,u_0517_s01,ins_u_0517_002,{},v2.3.0-fixed
evt_003636,u_0244,profile_saved,2026-06-21T19:38:00Z,u_0244_s01,ins_u_0244_003,{},v2.3.0-fixed
evt_003637,u_0244,onboarding_step_viewed,2026-06-21T19:41:00Z,u_0244_s01,ins_u_0244_004,{},v2.3.0-fixed
evt_003638,u_0517,session_abandoned,2026-06-21T19:43:00Z,u_0517_s01,ins_u_0517_003,{},v2.3.0-fixed
evt_003639,u_0460,feature_used,2026-06-21T19:44:00Z,u_0460_s01,ins_u_0460_006,"{""feature"": ""board""}",v2.3.0-fixed
evt_003640,u_0568,feature_used,2026-06-21T19:44:00Z,u_0568_s01,ins_u_0568_005,"{""feature"": ""board""}",v2.3.0-fixed
evt_003641,u_0777,onboarding_completed,2026-06-21T19:44:00Z,u_0777_s01,ins_u_0777_005,"{""completed_at"": ""2026-06-21T19:47:00Z""}",v2.3.0-fixed
evt_003642,u_0460,onboarding_completed,2026-06-21T19:52:00Z,u_0460_s01,ins_u_0460_007,"{""completed_at"": ""2026-06-21T19:55:00Z""}",v2.3.0-fixed
evt_003643,u_0528,signup_started,2026-06-21T19:55:00Z,u_0528_s01,ins_u_0528_001,{},v2.3.0-fixed
evt_003644,u_0037,signup_started,2026-06-21T19:57:00Z,u_0037_s01,ins_u_0037_001,{},v2.3.0-fixed
evt_003645,u_0528,session_abandoned,2026-06-21T20:03:00Z,u_0528_s01,ins_u_0528_002,{},v2.3.0-fixed
evt_003646,u_0151,signup_started,2026-06-21T20:04:00Z,u_0151_s01,ins_u_0151_001,{},v2.3.0-fixed
evt_003647,u_0037,signup_completed,2026-06-21T20:05:00Z,u_0037_s01,ins_u_0037_002,{},v2.3.0-fixed
evt_003648,u_0151,session_abandoned,2026-06-21T20:10:00Z,u_0151_s01,ins_u_0151_002,{},v2.3.0-fixed
evt_003649,u_0244,onboarding_completed,2026-06-21T20:10:00Z,u_0244_s01,ins_u_0244_005,"{""completed_at"": ""2026-06-21T20:12:00Z""}",v2.3.0-fixed
evt_003650,u_0037,profile_saved,2026-06-21T20:14:00Z,u_0037_s01,ins_u_0037_003,{},v2.3.0-fixed
evt_003651,u_0568,onboarding_completed,2026-06-21T20:14:00Z,u_0568_s01,ins_u_0568_006,"{""completed_at"": ""2026-06-21T20:08:00Z""}",v2.3.0-fixed
evt_003652,u_0259,signup_started,2026-06-21T20:16:00Z,u_0259_s01,ins_u_0259_001,{},v2.3.0-fixed
evt_003653,u_0037,onboarding_step_viewed,2026-06-21T20:18:00Z,u_0037_s01,ins_u_0037_004,{},v2.3.0-fixed
evt_003654,u_0259,signup_completed,2026-06-21T20:20:00Z,u_0259_s01,ins_u_0259_002,{},v2.3.0-fixed
evt_003655,u_0777,activation_completed,2026-06-21T20:21:00Z,u_0777_s01,ins_u_0777_006,{},v2.3.0-fixed
evt_003656,u_0292,signup_started,2026-06-21T20:22:00Z,u_0292_s01,ins_u_0292_001,{},v2.3.0-fixed
evt_003657,u_0568,activation_completed,2026-06-21T20:22:00Z,u_0568_s01,ins_u_0568_007,{},v2.3.0-fixed
evt_003658,u_0037,feature_used,2026-06-21T20:24:00Z,u_0037_s01,ins_u_0037_005,"{""feature"": ""insights""}",v2.3.0-fixed
evt_003659,u_0292,signup_completed,2026-06-21T20:25:00Z,u_0292_s01,ins_u_0292_002,{},v2.3.0-fixed
evt_003660,u_0259,profile_saved,2026-06-21T20:28:00Z,u_0259_s01,ins_u_0259_003,{},v2.3.0-fixed
evt_003661,u_0487,signup_started,2026-06-21T20:31:00Z,u_0487_s01,ins_u_0487_001,{},v2.3.0-fixed
evt_003662,u_0292,session_abandoned,2026-06-21T20:32:00Z,u_0292_s01,ins_u_0292_003,{},v2.3.0-fixed
evt_003663,u_0721,signup_started,2026-06-21T20:32:00Z,u_0721_s01,ins_u_0721_001,{},v2.3.0-fixed
evt_003664,u_0487,signup_completed,2026-06-21T20:37:00Z,u_0487_s01,ins_u_0487_002,{},v2.3.0-fixed
evt_003665,u_0721,signup_completed,2026-06-21T20:38:00Z,u_0721_s01,ins_u_0721_002,{},v2.3.0-fixed
evt_003666,u_0721,profile_saved,2026-06-21T20:41:00Z,u_0721_s01,ins_u_0721_003,{},v2.3.0-fixed
evt_003667,u_0037,onboarding_completed,2026-06-21T20:42:00Z,u_0037_s01,ins_u_0037_006,"{""completed_at"": ""2026-06-21T20:50:00Z""}",v2.3.0-fixed
evt_003668,u_0487,session_abandoned,2026-06-21T20:44:00Z,u_0487_s01,ins_u_0487_003,{},v2.3.0-fixed
evt_003669,u_0721,onboarding_step_viewed,2026-06-21T20:45:00Z,u_0721_s01,ins_u_0721_004,{},v2.3.0-fixed
evt_003670,u_0655,signup_started,2026-06-21T20:46:00Z,u_0655_s01,ins_u_0655_001,{},v2.3.0-fixed
evt_003671,u_0655,signup_completed,2026-06-21T20:48:00Z,u_0655_s01,ins_u_0655_002,{},v2.3.0-fixed
evt_003672,u_0432,signup_started,2026-06-21T20:49:00Z,u_0432_s01,ins_u_0432_001,{},v2.3.0-fixed
evt_003673,u_0655,session_abandoned,2026-06-21T20:52:00Z,u_0655_s01,ins_u_0655_003,{},v2.3.0-fixed
evt_003674,u_0280,signup_started,2026-06-21T20:55:00Z,u_0280_s01,ins_u_0280_001,{},v2.3.0-fixed
evt_003675,u_0490,signup_started,2026-06-21T20:55:00Z,u_0490_s01,ins_u_0490_001,{},v2.3.0-fixed
evt_003676,u_0721,feature_used,2026-06-21T20:55:00Z,u_0721_s01,ins_u_0721_005,"{""feature"": ""insights""}",v2.3.0-fixed
evt_003677,u_0432,signup_completed,2026-06-21T20:56:00Z,u_0432_s01,ins_u_0432_002,{},v2.3.0-fixed
evt_003678,u_0518,signup_started,2026-06-21T20:59:00Z,u_0518_s01,ins_u_0518_001,{},v2.3.0-fixed
evt_003679,u_0490,signup_completed,2026-06-21T21:02:00Z,u_0490_s01,ins_u_0490_002,{},v2.3.0-fixed
evt_003680,u_0280,signup_completed,2026-06-21T21:03:00Z,u_0280_s01,ins_u_0280_002,{},v2.3.0-fixed
evt_003681,u_0518,signup_completed,2026-06-21T21:04:00Z,u_0518_s01,ins_u_0518_002,{},v2.3.0-fixed
evt_003682,u_0432,profile_saved,2026-06-21T21:05:00Z,u_0432_s01,ins_u_0432_003,{},v2.3.0-fixed
evt_003683,u_0721,onboarding_completed,2026-06-21T21:07:00Z,u_0721_s01,ins_u_0721_006,"{""completed_at"": ""2026-06-21T21:10:00Z""}",v2.3.0-fixed
evt_003684,u_0432,onboarding_step_viewed,2026-06-21T21:08:00Z,u_0432_s01,ins_u_0432_004,{},v2.3.0-fixed
evt_003685,u_0490,profile_saved,2026-06-21T21:08:00Z,u_0490_s01,ins_u_0490_003,{},v2.3.0-fixed
evt_003686,u_0280,profile_saved,2026-06-21T21:09:00Z,u_0280_s01,ins_u_0280_003,{},v2.3.0-fixed
evt_003687,u_0259,onboarding_completed,2026-06-21T21:10:00Z,u_0259_s01,ins_u_0259_004,"{""completed_at"": ""2026-06-21T20:55:00Z""}",v2.3.0-fixed
evt_003688,u_0518,profile_saved,2026-06-21T21:13:00Z,u_0518_s01,ins_u_0518_003,{},v2.3.0-fixed
evt_003689,u_0280,onboarding_step_viewed,2026-06-21T21:15:00Z,u_0280_s01,ins_u_0280_004,{},v2.3.0-fixed
evt_003690,u_0518,onboarding_step_viewed,2026-06-21T21:18:00Z,u_0518_s01,ins_u_0518_004,{},v2.3.0-fixed
evt_003691,u_0432,feature_used,2026-06-21T21:21:00Z,u_0432_s01,ins_u_0432_005,"{""feature"": ""board""}",v2.3.0-fixed
evt_003692,u_0280,feature_used,2026-06-21T21:26:00Z,u_0280_s01,ins_u_0280_005,"{""feature"": ""board""}",v2.3.0-fixed
evt_003693,u_0037,activation_completed,2026-06-21T21:28:00Z,u_0037_s01,ins_u_0037_007,{},v2.3.0-fixed
evt_003694,u_0490,feature_used,2026-06-21T21:29:00Z,u_0490_s01,ins_u_0490_004,"{""feature"": ""board""}",v2.3.0-fixed
evt_003695,u_0259,activation_completed,2026-06-21T21:30:00Z,u_0259_s01,ins_u_0259_005,{},v2.3.0-fixed
evt_003696,u_0432,onboarding_completed,2026-06-21T21:44:00Z,u_0432_s01,ins_u_0432_006,"{""completed_at"": ""2026-06-21T21:37:00Z""}",v2.3.0-fixed
evt_003697,u_0490,onboarding_completed,2026-06-21T21:47:00Z,u_0490_s01,ins_u_0490_005,"{""completed_at"": ""2026-06-21T21:48:00Z""}",v2.3.0-fixed
evt_003698,u_0518,onboarding_completed,2026-06-21T21:54:00Z,u_0518_s01,ins_u_0518_005,"{""completed_at"": ""2026-06-21T21:45:00Z""}",v2.3.0-fixed
evt_003699,u_0280,activation_completed,2026-06-21T22:02:00Z,u_0280_s01,ins_u_0280_006,{},v2.3.0-fixed
evt_003700,u_0545,return_visit,2026-06-22T01:45:00Z,u_0545_s02,ins_u_0545_006,{},v2.3.0-fixed
evt_003701,u_0538,return_visit,2026-06-22T02:01:00Z,u_0538_s02,ins_u_0538_008,{},v2.3.0-fixed
evt_003702,u_0538,feature_used,2026-06-22T02:06:00Z,u_0538_s02,ins_u_0538_009,"{""feature"": ""insights""}",v2.3.0-fixed
evt_003703,u_0623,return_visit,2026-06-22T02:30:00Z,u_0623_s02,ins_u_0623_008,{},v2.3.0-fixed
evt_003704,u_0080,return_visit,2026-06-22T04:14:00Z,u_0080_s02,ins_u_0080_007,{},v2.3.0-fixed
evt_003705,u_0456,return_visit,2026-06-22T04:27:00Z,u_0456_s02,ins_u_0456_006,{},v2.3.0-fixed
evt_003706,u_0456,feature_used,2026-06-22T04:32:00Z,u_0456_s02,ins_u_0456_007,"{""feature"": ""insights""}",v2.3.0-fixed
evt_003707,u_0249,return_visit,2026-06-22T06:46:00Z,u_0249_s02,ins_u_0249_008,{},v2.3.0-fixed
evt_003708,u_0236,return_visit,2026-06-22T07:02:00Z,u_0236_s02,ins_u_0236_007,{},v2.3.0-fixed
evt_003709,u_0461,return_visit,2026-06-22T07:40:00Z,u_0461_s02,ins_u_0461_008,{},v2.3.0-fixed
evt_003710,u_0763,return_visit,2026-06-22T08:15:00Z,u_0763_s02,ins_u_0763_008,{},v2.3.0-fixed
evt_003711,u_0738,return_visit,2026-06-22T08:34:00Z,u_0738_s02,ins_u_0738_009,{},v2.3.0-fixed
evt_003712,u_0333,return_visit,2026-06-22T09:41:00Z,u_0333_s02,ins_u_0333_008,{},v2.3.0-fixed
evt_003713,u_0401,return_visit,2026-06-22T10:08:00Z,u_0401_s02,ins_u_0401_009,{},v2.3.0-fixed
evt_003714,u_0669,return_visit,2026-06-22T10:10:00Z,u_0669_s02,ins_u_0669_008,{},v2.3.0-fixed
evt_003715,u_0089,return_visit,2026-06-22T10:13:00Z,u_0089_s02,ins_u_0089_008,{},v2.3.0-fixed
evt_003716,u_0401,feature_used,2026-06-22T10:13:00Z,u_0401_s02,ins_u_0401_010,"{""feature"": ""insights""}",v2.3.0-fixed
evt_003717,u_0669,feature_used,2026-06-22T10:15:00Z,u_0669_s02,ins_u_0669_009,"{""feature"": ""insights""}",v2.3.0-fixed
evt_003718,u_0373,return_visit,2026-06-22T11:02:00Z,u_0373_s02,ins_u_0373_007,{},v2.3.0-fixed
evt_003719,u_0439,return_visit,2026-06-22T13:03:00Z,u_0439_s02,ins_u_0439_007,{},v2.3.0-fixed
evt_003720,u_0639,return_visit,2026-06-22T22:55:00Z,u_0639_s02,ins_u_0639_007,{},v2.3.0-fixed
evt_003721,u_0594,return_visit,2026-06-22T23:04:00Z,u_0594_s02,ins_u_0594_006,{},v2.3.0-fixed
evt_003722,u_0248,return_visit,2026-06-23T00:40:00Z,u_0248_s02,ins_u_0248_007,{},v2.3.0-fixed
evt_003723,u_0248,feature_used,2026-06-23T00:45:00Z,u_0248_s02,ins_u_0248_008,"{""feature"": ""insights""}",v2.3.0-fixed
evt_003724,u_0481,return_visit,2026-06-23T00:49:00Z,u_0481_s02,ins_u_0481_007,{},v2.3.0-fixed
evt_003725,u_0044,return_visit,2026-06-23T00:55:00Z,u_0044_s02,ins_u_0044_008,{},v2.3.0-fixed
evt_003726,u_0686,return_visit,2026-06-23T00:58:00Z,u_0686_s02,ins_u_0686_006,{},v2.3.0-fixed
evt_003727,u_0508,return_visit,2026-06-23T02:02:00Z,u_0508_s02,ins_u_0508_008,{},v2.3.0-fixed
evt_003728,u_0787,return_visit,2026-06-23T02:04:00Z,u_0787_s02,ins_u_0787_006,{},v2.3.0-fixed
evt_003729,u_0508,feature_used,2026-06-23T02:07:00Z,u_0508_s02,ins_u_0508_009,"{""feature"": ""insights""}",v2.3.0-fixed
evt_003730,u_0550,return_visit,2026-06-23T02:23:00Z,u_0550_s02,ins_u_0550_006,{},v2.3.0-fixed
evt_003731,u_0550,feature_used,2026-06-23T02:28:00Z,u_0550_s02,ins_u_0550_007,"{""feature"": ""insights""}",v2.3.0-fixed
evt_003732,u_0765,return_visit,2026-06-23T04:37:00Z,u_0765_s02,ins_u_0765_009,{},v2.3.0-fixed
evt_003733,u_0169,return_visit,2026-06-23T07:08:00Z,u_0169_s02,ins_u_0169_009,{},v2.3.0-fixed
evt_003734,u_0169,feature_used,2026-06-23T07:13:00Z,u_0169_s02,ins_u_0169_010,"{""feature"": ""insights""}",v2.3.0-fixed
evt_003735,u_0448,return_visit,2026-06-23T07:34:00Z,u_0448_s02,ins_u_0448_009,{},v2.3.0-fixed
evt_003736,u_0500,return_visit,2026-06-23T08:07:00Z,u_0500_s02,ins_u_0500_006,{},v2.3.0-fixed
evt_003737,u_0345,return_visit,2026-06-23T08:26:00Z,u_0345_s02,ins_u_0345_008,{},v2.3.0-fixed
evt_003738,u_0345,feature_used,2026-06-23T08:31:00Z,u_0345_s02,ins_u_0345_009,"{""feature"": ""insights""}",v2.3.0-fixed
evt_003739,u_0723,return_visit,2026-06-23T09:53:00Z,u_0723_s02,ins_u_0723_007,{},v2.3.0-fixed
evt_003740,u_0173,return_visit,2026-06-23T11:23:00Z,u_0173_s02,ins_u_0173_007,{},v2.3.0-fixed
evt_003741,u_0173,feature_used,2026-06-23T11:28:00Z,u_0173_s02,ins_u_0173_008,"{""feature"": ""insights""}",v2.3.0-fixed
evt_003742,u_0162,return_visit,2026-06-23T14:30:00Z,u_0162_s02,ins_u_0162_006,{},v2.3.0-fixed
evt_003743,u_0062,return_visit,2026-06-23T19:11:00Z,u_0062_s02,ins_u_0062_007,{},v2.3.0-fixed
evt_003744,u_0279,return_visit,2026-06-23T19:24:00Z,u_0279_s02,ins_u_0279_008,{},v2.3.0-fixed
evt_003745,u_0192,return_visit,2026-06-23T22:12:00Z,u_0192_s02,ins_u_0192_008,{},v2.3.0-fixed
evt_003746,u_0192,feature_used,2026-06-23T22:17:00Z,u_0192_s02,ins_u_0192_009,"{""feature"": ""insights""}",v2.3.0-fixed
evt_003747,u_0107,return_visit,2026-06-23T22:28:00Z,u_0107_s02,ins_u_0107_006,{},v2.3.0-fixed
evt_003748,u_0107,feature_used,2026-06-23T22:33:00Z,u_0107_s02,ins_u_0107_007,"{""feature"": ""insights""}",v2.3.0-fixed
evt_003749,u_0265,return_visit,2026-06-23T23:46:00Z,u_0265_s02,ins_u_0265_008,{},v2.3.0-fixed
evt_003750,u_0265,feature_used,2026-06-23T23:51:00Z,u_0265_s02,ins_u_0265_009,"{""feature"": ""insights""}",v2.3.0-fixed
evt_003751,u_0665,return_visit,2026-06-24T00:03:00Z,u_0665_s02,ins_u_0665_006,{},v2.3.0-fixed
evt_003752,u_0665,feature_used,2026-06-24T00:08:00Z,u_0665_s02,ins_u_0665_007,"{""feature"": ""insights""}",v2.3.0-fixed
evt_003753,u_0238,return_visit,2026-06-24T00:43:00Z,u_0238_s02,ins_u_0238_007,{},v2.3.0-fixed
evt_003754,u_0542,return_visit,2026-06-24T01:53:00Z,u_0542_s02,ins_u_0542_008,{},v2.3.0-fixed
evt_003755,u_0082,return_visit,2026-06-24T02:32:00Z,u_0082_s02,ins_u_0082_007,{},v2.3.0-fixed
evt_003756,u_0091,return_visit,2026-06-24T02:40:00Z,u_0091_s02,ins_u_0091_007,{},v2.3.0-fixed
evt_003757,u_0590,return_visit,2026-06-24T02:56:00Z,u_0590_s02,ins_u_0590_008,{},v2.3.0-fixed
evt_003758,u_0713,return_visit,2026-06-24T03:22:00Z,u_0713_s02,ins_u_0713_008,{},v2.3.0-fixed
evt_003759,u_0196,return_visit,2026-06-24T03:24:00Z,u_0196_s02,ins_u_0196_007,{},v2.3.0-fixed
evt_003760,u_0713,feature_used,2026-06-24T03:27:00Z,u_0713_s02,ins_u_0713_009,"{""feature"": ""insights""}",v2.3.0-fixed
evt_003761,u_0196,feature_used,2026-06-24T03:29:00Z,u_0196_s02,ins_u_0196_008,"{""feature"": ""insights""}",v2.3.0-fixed
evt_003762,u_0422,return_visit,2026-06-24T04:51:00Z,u_0422_s02,ins_u_0422_007,{},v2.3.0-fixed
evt_003763,u_0422,feature_used,2026-06-24T04:56:00Z,u_0422_s02,ins_u_0422_008,"{""feature"": ""insights""}",v2.3.0-fixed
evt_003764,u_0774,return_visit,2026-06-24T05:34:00Z,u_0774_s02,ins_u_0774_006,{},v2.3.0-fixed
evt_003765,u_0128,return_visit,2026-06-24T05:40:00Z,u_0128_s02,ins_u_0128_007,{},v2.3.0-fixed
evt_003766,u_0778,return_visit,2026-06-24T05:57:00Z,u_0778_s02,ins_u_0778_007,{},v2.3.0-fixed
evt_003767,u_0018,return_visit,2026-06-24T06:03:00Z,u_0018_s02,ins_u_0018_009,{},v2.3.0-fixed
evt_003768,u_0018,feature_used,2026-06-24T06:08:00Z,u_0018_s02,ins_u_0018_010,"{""feature"": ""insights""}",v2.3.0-fixed
evt_003769,u_0691,return_visit,2026-06-24T06:55:00Z,u_0691_s02,ins_u_0691_006,{},v2.3.0-fixed
evt_003770,u_0435,return_visit,2026-06-24T07:05:00Z,u_0435_s02,ins_u_0435_008,{},v2.3.0-fixed
evt_003771,u_0505,return_visit,2026-06-24T07:35:00Z,u_0505_s02,ins_u_0505_007,{},v2.3.0-fixed
evt_003772,u_0020,return_visit,2026-06-24T08:20:00Z,u_0020_s02,ins_u_0020_006,{},v2.3.0-fixed
evt_003773,u_0020,feature_used,2026-06-24T08:25:00Z,u_0020_s02,ins_u_0020_007,"{""feature"": ""insights""}",v2.3.0-fixed
evt_003774,u_0493,return_visit,2026-06-24T09:05:00Z,u_0493_s02,ins_u_0493_007,{},v2.3.0-fixed
evt_003775,u_0493,feature_used,2026-06-24T09:10:00Z,u_0493_s02,ins_u_0493_008,"{""feature"": ""insights""}",v2.3.0-fixed
evt_003776,u_0777,return_visit,2026-06-24T11:06:00Z,u_0777_s02,ins_u_0777_007,{},v2.3.0-fixed
evt_003777,u_0777,feature_used,2026-06-24T11:11:00Z,u_0777_s02,ins_u_0777_008,"{""feature"": ""insights""}",v2.3.0-fixed
evt_003778,u_0661,return_visit,2026-06-24T11:59:00Z,u_0661_s02,ins_u_0661_007,{},v2.3.0-fixed
evt_003779,u_0305,return_visit,2026-06-24T12:40:00Z,u_0305_s02,ins_u_0305_007,{},v2.3.0-fixed
evt_003780,u_0615,return_visit,2026-06-24T12:48:00Z,u_0615_s02,ins_u_0615_007,{},v2.3.0-fixed
evt_003781,u_0615,feature_used,2026-06-24T12:53:00Z,u_0615_s02,ins_u_0615_008,"{""feature"": ""insights""}",v2.3.0-fixed
evt_003782,u_0127,return_visit,2026-06-24T17:43:00Z,u_0127_s02,ins_u_0127_005,{},v2.3.0-fixed
evt_003783,u_0127,feature_used,2026-06-24T17:48:00Z,u_0127_s02,ins_u_0127_006,"{""feature"": ""insights""}",v2.3.0-fixed
evt_003784,u_0050,return_visit,2026-06-24T19:02:00Z,u_0050_s02,ins_u_0050_007,{},v2.3.0-fixed
evt_003785,u_0050,feature_used,2026-06-24T19:07:00Z,u_0050_s02,ins_u_0050_008,"{""feature"": ""insights""}",v2.3.0-fixed
evt_003786,u_0053,return_visit,2026-06-24T21:35:00Z,u_0053_s02,ins_u_0053_008,{},v2.3.0-fixed
evt_003787,u_0053,feature_used,2026-06-24T21:40:00Z,u_0053_s02,ins_u_0053_009,"{""feature"": ""insights""}",v2.3.0-fixed
evt_003788,u_0506,return_visit,2026-06-24T23:48:00Z,u_0506_s02,ins_u_0506_006,{},v2.3.0-fixed
evt_003789,u_0058,return_visit,2026-06-24T23:59:00Z,u_0058_s02,ins_u_0058_005,{},v2.3.0-fixed
evt_003790,u_0058,feature_used,2026-06-25T00:04:00Z,u_0058_s02,ins_u_0058_006,"{""feature"": ""insights""}",v2.3.0-fixed
evt_003791,u_0742,return_visit,2026-06-25T00:59:00Z,u_0742_s02,ins_u_0742_008,{},v2.3.0-fixed
evt_003792,u_0449,return_visit,2026-06-25T02:10:00Z,u_0449_s02,ins_u_0449_008,{},v2.3.0-fixed
evt_003793,u_0449,feature_used,2026-06-25T02:15:00Z,u_0449_s02,ins_u_0449_009,"{""feature"": ""insights""}",v2.3.0-fixed
evt_003794,u_0683,return_visit,2026-06-25T02:15:00Z,u_0683_s02,ins_u_0683_008,{},v2.3.0-fixed
evt_003795,u_0033,return_visit,2026-06-25T02:23:00Z,u_0033_s02,ins_u_0033_007,{},v2.3.0-fixed
evt_003796,u_0357,return_visit,2026-06-25T03:18:00Z,u_0357_s02,ins_u_0357_006,{},v2.3.0-fixed
evt_003797,u_0300,return_visit,2026-06-25T04:32:00Z,u_0300_s02,ins_u_0300_006,{},v2.3.0-fixed
evt_003798,u_0300,feature_used,2026-06-25T04:37:00Z,u_0300_s02,ins_u_0300_007,"{""feature"": ""insights""}",v2.3.0-fixed
evt_003799,u_0458,return_visit,2026-06-25T04:41:00Z,u_0458_s02,ins_u_0458_006,{},v2.3.0-fixed
evt_003800,u_0458,feature_used,2026-06-25T04:46:00Z,u_0458_s02,ins_u_0458_007,"{""feature"": ""insights""}",v2.3.0-fixed
evt_003801,u_0751,return_visit,2026-06-25T04:47:00Z,u_0751_s02,ins_u_0751_007,{},v2.3.0-fixed
evt_003802,u_0751,feature_used,2026-06-25T04:52:00Z,u_0751_s02,ins_u_0751_008,"{""feature"": ""insights""}",v2.3.0-fixed
evt_003803,u_0479,return_visit,2026-06-25T04:53:00Z,u_0479_s02,ins_u_0479_006,{},v2.3.0-fixed
evt_003804,u_0353,return_visit,2026-06-25T05:12:00Z,u_0353_s02,ins_u_0353_007,{},v2.3.0-fixed
evt_003805,u_0353,feature_used,2026-06-25T05:17:00Z,u_0353_s02,ins_u_0353_008,"{""feature"": ""insights""}",v2.3.0-fixed
evt_003806,u_0704,return_visit,2026-06-25T05:50:00Z,u_0704_s02,ins_u_0704_008,{},v2.3.0-fixed
evt_003807,u_0006,return_visit,2026-06-25T06:20:00Z,u_0006_s02,ins_u_0006_007,{},v2.3.0-fixed
evt_003808,u_0444,return_visit,2026-06-25T06:23:00Z,u_0444_s02,ins_u_0444_007,{},v2.3.0-fixed
evt_003809,u_0006,feature_used,2026-06-25T06:25:00Z,u_0006_s02,ins_u_0006_008,"{""feature"": ""insights""}",v2.3.0-fixed
evt_003810,u_0525,return_visit,2026-06-25T06:25:00Z,u_0525_s02,ins_u_0525_007,{},v2.3.0-fixed
evt_003811,u_0525,feature_used,2026-06-25T06:30:00Z,u_0525_s02,ins_u_0525_008,"{""feature"": ""insights""}",v2.3.0-fixed
evt_003812,u_0374,return_visit,2026-06-25T06:42:00Z,u_0374_s02,ins_u_0374_008,{},v2.3.0-fixed
evt_003813,u_0381,return_visit,2026-06-25T07:25:00Z,u_0381_s02,ins_u_0381_006,{},v2.3.0-fixed
evt_003814,u_0244,return_visit,2026-06-25T09:26:00Z,u_0244_s02,ins_u_0244_006,{},v2.3.0-fixed
evt_003815,u_0328,return_visit,2026-06-25T09:30:00Z,u_0328_s02,ins_u_0328_006,{},v2.3.0-fixed
evt_003816,u_0328,feature_used,2026-06-25T09:35:00Z,u_0328_s02,ins_u_0328_007,"{""feature"": ""insights""}",v2.3.0-fixed
evt_003817,u_0096,return_visit,2026-06-25T09:58:00Z,u_0096_s02,ins_u_0096_006,{},v2.3.0-fixed
evt_003818,u_0432,return_visit,2026-06-25T10:49:00Z,u_0432_s02,ins_u_0432_007,{},v2.3.0-fixed
evt_003819,u_0783,return_visit,2026-06-25T11:52:00Z,u_0783_s02,ins_u_0783_006,{},v2.3.0-fixed
evt_003820,u_0783,feature_used,2026-06-25T11:57:00Z,u_0783_s02,ins_u_0783_007,"{""feature"": ""insights""}",v2.3.0-fixed
evt_003821,u_0452,return_visit,2026-06-25T13:01:00Z,u_0452_s02,ins_u_0452_008,{},v2.3.0-fixed
evt_003822,u_0452,feature_used,2026-06-25T13:06:00Z,u_0452_s02,ins_u_0452_009,"{""feature"": ""insights""}",v2.3.0-fixed
evt_003823,u_0100,return_visit,2026-06-25T19:11:00Z,u_0100_s02,ins_u_0100_006,{},v2.3.0-fixed
evt_003824,u_0100,feature_used,2026-06-25T19:16:00Z,u_0100_s02,ins_u_0100_007,"{""feature"": ""insights""}",v2.3.0-fixed
evt_003825,u_0174,return_visit,2026-06-25T19:39:00Z,u_0174_s02,ins_u_0174_006,{},v2.3.0-fixed
evt_003826,u_0174,feature_used,2026-06-25T19:44:00Z,u_0174_s02,ins_u_0174_007,"{""feature"": ""insights""}",v2.3.0-fixed
evt_003827,u_0027,return_visit,2026-06-26T01:23:00Z,u_0027_s02,ins_u_0027_007,{},v2.3.0-fixed
evt_003828,u_0336,return_visit,2026-06-26T02:05:00Z,u_0336_s02,ins_u_0336_006,{},v2.3.0-fixed
evt_003829,u_0559,return_visit,2026-06-26T02:27:00Z,u_0559_s02,ins_u_0559_007,{},v2.3.0-fixed
evt_003830,u_0559,feature_used,2026-06-26T02:32:00Z,u_0559_s02,ins_u_0559_008,"{""feature"": ""insights""}",v2.3.0-fixed
evt_003831,u_0568,return_visit,2026-06-26T04:19:00Z,u_0568_s02,ins_u_0568_008,{},v2.3.0-fixed
evt_003832,u_0139,return_visit,2026-06-26T05:37:00Z,u_0139_s02,ins_u_0139_008,{},v2.3.0-fixed
evt_003833,u_0193,return_visit,2026-06-26T05:55:00Z,u_0193_s02,ins_u_0193_008,{},v2.3.0-fixed
evt_003834,u_0193,feature_used,2026-06-26T06:00:00Z,u_0193_s02,ins_u_0193_009,"{""feature"": ""insights""}",v2.3.0-fixed
evt_003835,u_0281,return_visit,2026-06-26T06:54:00Z,u_0281_s02,ins_u_0281_006,{},v2.3.0-fixed
evt_003836,u_0281,feature_used,2026-06-26T06:59:00Z,u_0281_s02,ins_u_0281_007,"{""feature"": ""insights""}",v2.3.0-fixed
evt_003837,u_0758,return_visit,2026-06-26T06:59:00Z,u_0758_s02,ins_u_0758_006,{},v2.3.0-fixed
evt_003838,u_0585,return_visit,2026-06-26T08:34:00Z,u_0585_s02,ins_u_0585_006,{},v2.3.0-fixed
evt_003839,u_0088,return_visit,2026-06-26T22:43:00Z,u_0088_s02,ins_u_0088_007,{},v2.3.0-fixed
evt_003840,u_0385,return_visit,2026-06-26T23:41:00Z,u_0385_s02,ins_u_0385_008,{},v2.3.0-fixed
evt_003841,u_0040,return_visit,2026-06-27T01:24:00Z,u_0040_s02,ins_u_0040_008,{},v2.3.0-fixed
evt_003842,u_0601,return_visit,2026-06-27T03:57:00Z,u_0601_s02,ins_u_0601_006,{},v2.3.0-fixed
evt_003843,u_0601,feature_used,2026-06-27T04:02:00Z,u_0601_s02,ins_u_0601_007,"{""feature"": ""insights""}",v2.3.0-fixed
evt_003844,u_0386,return_visit,2026-06-27T04:20:00Z,u_0386_s02,ins_u_0386_008,{},v2.3.0-fixed
evt_003845,u_0135,return_visit,2026-06-27T04:23:00Z,u_0135_s02,ins_u_0135_007,{},v2.3.0-fixed
evt_003846,u_0386,feature_used,2026-06-27T04:25:00Z,u_0386_s02,ins_u_0386_009,"{""feature"": ""insights""}",v2.3.0-fixed
evt_003847,u_0182,return_visit,2026-06-27T04:30:00Z,u_0182_s02,ins_u_0182_007,{},v2.3.0-fixed
evt_003848,u_0182,feature_used,2026-06-27T04:35:00Z,u_0182_s02,ins_u_0182_008,"{""feature"": ""insights""}",v2.3.0-fixed
evt_003849,u_0204,return_visit,2026-06-27T04:50:00Z,u_0204_s02,ins_u_0204_006,{},v2.3.0-fixed
evt_003850,u_0391,return_visit,2026-06-27T05:00:00Z,u_0391_s02,ins_u_0391_007,{},v2.3.0-fixed
evt_003851,u_0440,return_visit,2026-06-27T05:21:00Z,u_0440_s02,ins_u_0440_005,{},v2.3.0-fixed
evt_003852,u_0440,feature_used,2026-06-27T05:26:00Z,u_0440_s02,ins_u_0440_006,"{""feature"": ""insights""}",v2.3.0-fixed
evt_003853,u_0023,return_visit,2026-06-27T05:40:00Z,u_0023_s02,ins_u_0023_007,{},v2.3.0-fixed
evt_003854,u_0795,return_visit,2026-06-27T06:36:00Z,u_0795_s02,ins_u_0795_008,{},v2.3.0-fixed
evt_003855,u_0795,feature_used,2026-06-27T06:41:00Z,u_0795_s02,ins_u_0795_009,"{""feature"": ""insights""}",v2.3.0-fixed
evt_003856,u_0110,return_visit,2026-06-27T08:26:00Z,u_0110_s02,ins_u_0110_006,{},v2.3.0-fixed
evt_003857,u_0451,return_visit,2026-06-27T08:30:00Z,u_0451_s02,ins_u_0451_007,{},v2.3.0-fixed
evt_003858,u_0451,feature_used,2026-06-27T08:35:00Z,u_0451_s02,ins_u_0451_008,"{""feature"": ""insights""}",v2.3.0-fixed
evt_003859,u_0129,return_visit,2026-06-27T08:58:00Z,u_0129_s02,ins_u_0129_009,{},v2.3.0-fixed
evt_003860,u_0129,feature_used,2026-06-27T09:03:00Z,u_0129_s02,ins_u_0129_010,"{""feature"": ""insights""}",v2.3.0-fixed
evt_003861,u_0111,return_visit,2026-06-27T09:32:00Z,u_0111_s02,ins_u_0111_006,{},v2.3.0-fixed
evt_003862,u_0111,feature_used,2026-06-27T09:37:00Z,u_0111_s02,ins_u_0111_007,"{""feature"": ""insights""}",v2.3.0-fixed
evt_003863,u_0502,return_visit,2026-06-27T09:43:00Z,u_0502_s02,ins_u_0502_007,{},v2.3.0-fixed
evt_003864,u_0306,return_visit,2026-06-27T21:28:00Z,u_0306_s02,ins_u_0306_008,{},v2.3.0-fixed
evt_003865,u_0306,feature_used,2026-06-27T21:33:00Z,u_0306_s02,ins_u_0306_009,"{""feature"": ""insights""}",v2.3.0-fixed
evt_003866,u_0521,return_visit,2026-06-27T22:48:00Z,u_0521_s02,ins_u_0521_007,{},v2.3.0-fixed
evt_003867,u_0156,return_visit,2026-06-27T23:23:00Z,u_0156_s02,ins_u_0156_007,{},v2.3.0-fixed
evt_003868,u_0677,return_visit,2026-06-27T23:52:00Z,u_0677_s02,ins_u_0677_006,{},v2.3.0-fixed
evt_003869,u_0677,feature_used,2026-06-27T23:57:00Z,u_0677_s02,ins_u_0677_007,"{""feature"": ""insights""}",v2.3.0-fixed
evt_003870,u_0338,return_visit,2026-06-28T00:39:00Z,u_0338_s02,ins_u_0338_008,{},v2.3.0-fixed
evt_003871,u_0604,return_visit,2026-06-28T01:10:00Z,u_0604_s02,ins_u_0604_007,{},v2.3.0-fixed
evt_003872,u_0245,return_visit,2026-06-28T01:22:00Z,u_0245_s02,ins_u_0245_005,{},v2.3.0-fixed
evt_003873,u_0240,return_visit,2026-06-28T02:20:00Z,u_0240_s02,ins_u_0240_006,{},v2.3.0-fixed
evt_003874,u_0240,feature_used,2026-06-28T02:25:00Z,u_0240_s02,ins_u_0240_007,"{""feature"": ""insights""}",v2.3.0-fixed
evt_003875,u_0003,return_visit,2026-06-28T03:40:00Z,u_0003_s02,ins_u_0003_006,{},v2.3.0-fixed
evt_003876,u_0003,feature_used,2026-06-28T03:45:00Z,u_0003_s02,ins_u_0003_007,"{""feature"": ""insights""}",v2.3.0-fixed
evt_003877,u_0459,return_visit,2026-06-28T04:44:00Z,u_0459_s02,ins_u_0459_007,{},v2.3.0-fixed
evt_003878,u_0459,feature_used,2026-06-28T04:49:00Z,u_0459_s02,ins_u_0459_008,"{""feature"": ""insights""}",v2.3.0-fixed
evt_003879,u_0234,return_visit,2026-06-28T07:14:00Z,u_0234_s02,ins_u_0234_006,{},v2.3.0-fixed
evt_003880,u_0263,return_visit,2026-06-28T08:01:00Z,u_0263_s02,ins_u_0263_007,{},v2.3.0-fixed
evt_003881,u_0263,feature_used,2026-06-28T08:06:00Z,u_0263_s02,ins_u_0263_008,"{""feature"": ""insights""}",v2.3.0-fixed
evt_003882,u_0178,return_visit,2026-06-28T08:50:00Z,u_0178_s02,ins_u_0178_008,{},v2.3.0-fixed
evt_003883,u_0178,feature_used,2026-06-28T08:55:00Z,u_0178_s02,ins_u_0178_009,"{""feature"": ""insights""}",v2.3.0-fixed
evt_003884,u_0176,return_visit,2026-06-28T09:00:00Z,u_0176_s02,ins_u_0176_006,{},v2.3.0-fixed
evt_003885,u_0404,return_visit,2026-06-28T11:04:00Z,u_0404_s02,ins_u_0404_006,{},v2.3.0-fixed
evt_003886,u_0404,feature_used,2026-06-28T11:09:00Z,u_0404_s02,ins_u_0404_007,"{""feature"": ""insights""}",v2.3.0-fixed
evt_003887,u_0280,return_visit,2026-06-28T11:55:00Z,u_0280_s02,ins_u_0280_007,{},v2.3.0-fixed
evt_003888,u_0280,feature_used,2026-06-28T12:00:00Z,u_0280_s02,ins_u_0280_008,"{""feature"": ""insights""}",v2.3.0-fixed
evt_003889,u_0598,return_visit,2026-06-28T13:18:00Z,u_0598_s02,ins_u_0598_007,{},v2.3.0-fixed
evt_003890,u_0598,feature_used,2026-06-28T13:23:00Z,u_0598_s02,ins_u_0598_008,"{""feature"": ""insights""}",v2.3.0-fixed
evt_003891,u_0155,return_visit,2026-06-28T13:30:00Z,u_0155_s02,ins_u_0155_005,{},v2.3.0-fixed
evt_003892,u_0155,feature_used,2026-06-28T13:35:00Z,u_0155_s02,ins_u_0155_006,"{""feature"": ""insights""}",v2.3.0-fixed
evt_003893,u_0509,return_visit,2026-06-28T19:17:00Z,u_0509_s02,ins_u_0509_007,{},v2.3.0-fixed
evt_003894,u_0509,feature_used,2026-06-28T19:22:00Z,u_0509_s02,ins_u_0509_008,"{""feature"": ""insights""}",v2.3.0-fixed
evt_003895,u_0116,return_visit,2026-06-28T22:28:00Z,u_0116_s02,ins_u_0116_008,{},v2.3.0-fixed
evt_003896,u_0116,feature_used,2026-06-28T22:33:00Z,u_0116_s02,ins_u_0116_009,"{""feature"": ""insights""}",v2.3.0-fixed
evt_003897,u_0709,return_visit,2026-06-28T23:30:00Z,u_0709_s02,ins_u_0709_008,{},v2.3.0-fixed
evt_003898,u_0640,return_visit,2026-06-29T01:12:00Z,u_0640_s02,ins_u_0640_006,{},v2.3.0-fixed
evt_003899,u_0640,feature_used,2026-06-29T01:17:00Z,u_0640_s02,ins_u_0640_007,"{""feature"": ""insights""}",v2.3.0-fixed
evt_003900,u_0666,return_visit,2026-06-29T02:18:00Z,u_0666_s02,ins_u_0666_006,{},v2.3.0-fixed
evt_003901,u_0666,feature_used,2026-06-29T02:23:00Z,u_0666_s02,ins_u_0666_007,"{""feature"": ""insights""}",v2.3.0-fixed
evt_003902,u_0340,return_visit,2026-06-29T02:53:00Z,u_0340_s02,ins_u_0340_006,{},v2.3.0-fixed
evt_003903,u_0693,return_visit,2026-06-29T02:55:00Z,u_0693_s02,ins_u_0693_006,{},v2.3.0-fixed
evt_003904,u_0340,feature_used,2026-06-29T02:58:00Z,u_0340_s02,ins_u_0340_007,"{""feature"": ""insights""}",v2.3.0-fixed
evt_003905,u_0693,feature_used,2026-06-29T03:00:00Z,u_0693_s02,ins_u_0693_007,"{""feature"": ""insights""}",v2.3.0-fixed
evt_003906,u_0565,return_visit,2026-06-29T03:19:00Z,u_0565_s02,ins_u_0565_006,{},v2.3.0-fixed
evt_003907,u_0565,feature_used,2026-06-29T03:24:00Z,u_0565_s02,ins_u_0565_007,"{""feature"": ""insights""}",v2.3.0-fixed
evt_003908,u_0190,return_visit,2026-06-29T20:20:00Z,u_0190_s03,ins_u_0190_006,{},v2.3.0-fixed
evt_003909,u_0190,feature_used,2026-06-29T20:24:00Z,u_0190_s03,ins_u_0190_007,"{""feature"": ""board""}",v2.3.0-fixed
evt_003910,u_0616,return_visit,2026-06-29T23:21:00Z,u_0616_s02,ins_u_0616_008,{},v2.3.0-fixed
evt_003911,u_0616,feature_used,2026-06-29T23:26:00Z,u_0616_s02,ins_u_0616_009,"{""feature"": ""insights""}",v2.3.0-fixed
evt_003912,u_0081,return_visit,2026-06-30T00:02:00Z,u_0081_s02,ins_u_0081_006,{},v2.3.0-fixed
evt_003913,u_0794,return_visit,2026-06-30T00:32:00Z,u_0794_s02,ins_u_0794_005,{},v2.3.0-fixed
evt_003914,u_0448,return_visit,2026-06-30T00:34:00Z,u_0448_s03,ins_u_0448_010,{},v2.3.0-fixed
evt_003915,u_0794,feature_used,2026-06-30T00:37:00Z,u_0794_s02,ins_u_0794_006,"{""feature"": ""insights""}",v2.3.0-fixed
evt_003916,u_0448,feature_used,2026-06-30T00:38:00Z,u_0448_s03,ins_u_0448_011,"{""feature"": ""board""}",v2.3.0-fixed
evt_003917,u_0326,return_visit,2026-06-30T06:48:00Z,u_0326_s02,ins_u_0326_008,{},v2.3.0-fixed
evt_003918,u_0326,feature_used,2026-06-30T06:53:00Z,u_0326_s02,ins_u_0326_009,"{""feature"": ""insights""}",v2.3.0-fixed
evt_003919,u_0067,return_visit,2026-06-30T08:29:00Z,u_0067_s02,ins_u_0067_007,{},v2.3.0-fixed
evt_003920,u_0067,feature_used,2026-06-30T08:34:00Z,u_0067_s02,ins_u_0067_008,"{""feature"": ""insights""}",v2.3.0-fixed
evt_003921,u_0101,return_visit,2026-06-30T09:25:00Z,u_0101_s02,ins_u_0101_008,{},v2.3.0-fixed
evt_003922,u_0546,return_visit,2026-06-30T10:45:00Z,u_0546_s02,ins_u_0546_008,{},v2.3.0-fixed
evt_003923,u_0507,return_visit,2026-06-30T10:52:00Z,u_0507_s02,ins_u_0507_006,{},v2.3.0-fixed
evt_003924,u_0507,feature_used,2026-06-30T10:57:00Z,u_0507_s02,ins_u_0507_007,"{""feature"": ""insights""}",v2.3.0-fixed
evt_003925,u_0141,return_visit,2026-06-30T13:30:00Z,u_0141_s02,ins_u_0141_007,{},v2.3.0-fixed
evt_003926,u_0406,return_visit,2026-07-01T00:07:00Z,u_0406_s02,ins_u_0406_006,{},v2.3.0-fixed
evt_003927,u_0403,return_visit,2026-07-01T01:37:00Z,u_0403_s02,ins_u_0403_006,{},v2.3.0-fixed
evt_003928,u_0727,return_visit,2026-07-01T02:57:00Z,u_0727_s02,ins_u_0727_007,{},v2.3.0-fixed
evt_003929,u_0276,return_visit,2026-07-01T03:01:00Z,u_0276_s02,ins_u_0276_005,{},v2.3.0-fixed
evt_003930,u_0727,feature_used,2026-07-01T03:02:00Z,u_0727_s02,ins_u_0727_008,"{""feature"": ""insights""}",v2.3.0-fixed
evt_003931,u_0490,return_visit,2026-07-01T07:55:00Z,u_0490_s02,ins_u_0490_006,{},v2.3.0-fixed
evt_003932,u_0439,return_visit,2026-07-02T12:03:00Z,u_0439_s03,ins_u_0439_008,{},v2.3.0-fixed
evt_003933,u_0439,feature_used,2026-07-02T12:07:00Z,u_0439_s03,ins_u_0439_009,"{""feature"": ""board""}",v2.3.0-fixed
evt_003934,u_0174,return_visit,2026-07-02T19:39:00Z,u_0174_s03,ins_u_0174_008,{},v2.3.0-fixed
evt_003935,u_0174,feature_used,2026-07-02T19:43:00Z,u_0174_s03,ins_u_0174_009,"{""feature"": ""board""}",v2.3.0-fixed
evt_003936,u_0153,return_visit,2026-07-03T00:17:00Z,u_0153_s03,ins_u_0153_007,{},v2.3.0-fixed
evt_003937,u_0153,feature_used,2026-07-03T00:21:00Z,u_0153_s03,ins_u_0153_008,"{""feature"": ""board""}",v2.3.0-fixed
evt_003938,u_0248,return_visit,2026-07-03T00:40:00Z,u_0248_s03,ins_u_0248_009,{},v2.3.0-fixed
evt_003939,u_0248,feature_used,2026-07-03T00:44:00Z,u_0248_s03,ins_u_0248_010,"{""feature"": ""board""}",v2.3.0-fixed
evt_003940,u_0595,return_visit,2026-07-03T00:53:00Z,u_0595_s03,ins_u_0595_007,{},v2.3.0-fixed
evt_003941,u_0595,feature_used,2026-07-03T00:57:00Z,u_0595_s03,ins_u_0595_008,"{""feature"": ""board""}",v2.3.0-fixed
evt_003942,u_0122,return_visit,2026-07-03T01:27:00Z,u_0122_s03,ins_u_0122_008,{},v2.3.0-fixed
evt_003943,u_0122,feature_used,2026-07-03T01:31:00Z,u_0122_s03,ins_u_0122_009,"{""feature"": ""board""}",v2.3.0-fixed
evt_003944,u_0608,return_visit,2026-07-03T03:36:00Z,u_0608_s03,ins_u_0608_007,{},v2.3.0-fixed
evt_003945,u_0608,feature_used,2026-07-03T03:40:00Z,u_0608_s03,ins_u_0608_008,"{""feature"": ""board""}",v2.3.0-fixed
evt_003946,u_0357,return_visit,2026-07-03T04:18:00Z,u_0357_s03,ins_u_0357_007,{},v2.3.0-fixed
evt_003947,u_0357,feature_used,2026-07-03T04:22:00Z,u_0357_s03,ins_u_0357_008,"{""feature"": ""board""}",v2.3.0-fixed
evt_003948,u_0711,return_visit,2026-07-03T13:05:00Z,u_0711_s03,ins_u_0711_009,{},v2.3.0-fixed
evt_003949,u_0711,feature_used,2026-07-03T13:09:00Z,u_0711_s03,ins_u_0711_010,"{""feature"": ""board""}",v2.3.0-fixed
evt_003950,u_0018,return_visit,2026-07-03T22:03:00Z,u_0018_s03,ins_u_0018_011,{},v2.3.0-fixed
evt_003951,u_0018,feature_used,2026-07-03T22:07:00Z,u_0018_s03,ins_u_0018_012,"{""feature"": ""board""}",v2.3.0-fixed
evt_003952,u_0222,return_visit,2026-07-03T23:23:00Z,u_0222_s03,ins_u_0222_008,{},v2.3.0-fixed
evt_003953,u_0222,feature_used,2026-07-03T23:27:00Z,u_0222_s03,ins_u_0222_009,"{""feature"": ""board""}",v2.3.0-fixed
evt_003954,u_0513,return_visit,2026-07-03T23:39:00Z,u_0513_s03,ins_u_0513_010,{},v2.3.0-fixed
evt_003955,u_0513,feature_used,2026-07-03T23:43:00Z,u_0513_s03,ins_u_0513_011,"{""feature"": ""board""}",v2.3.0-fixed
evt_003956,u_0265,return_visit,2026-07-03T23:46:00Z,u_0265_s03,ins_u_0265_010,{},v2.3.0-fixed
evt_003957,u_0265,feature_used,2026-07-03T23:50:00Z,u_0265_s03,ins_u_0265_011,"{""feature"": ""board""}",v2.3.0-fixed
evt_003958,u_0139,return_visit,2026-07-04T01:37:00Z,u_0139_s03,ins_u_0139_009,{},v2.3.0-fixed
evt_003959,u_0139,feature_used,2026-07-04T01:41:00Z,u_0139_s03,ins_u_0139_010,"{""feature"": ""board""}",v2.3.0-fixed
evt_003960,u_0024,return_visit,2026-07-04T02:40:00Z,u_0024_s03,ins_u_0024_009,{},v2.3.0-fixed
evt_003961,u_0024,feature_used,2026-07-04T02:44:00Z,u_0024_s03,ins_u_0024_010,"{""feature"": ""board""}",v2.3.0-fixed
evt_003962,u_0004,return_visit,2026-07-04T06:09:00Z,u_0004_s03,ins_u_0004_008,{},v2.3.0-fixed
evt_003963,u_0004,feature_used,2026-07-04T06:13:00Z,u_0004_s03,ins_u_0004_009,"{""feature"": ""board""}",v2.3.0-fixed
evt_003964,u_0680,return_visit,2026-07-04T06:25:00Z,u_0680_s03,ins_u_0680_008,{},v2.3.0-fixed
evt_003965,u_0680,feature_used,2026-07-04T06:29:00Z,u_0680_s03,ins_u_0680_009,"{""feature"": ""board""}",v2.3.0-fixed
evt_003966,u_0170,return_visit,2026-07-04T06:42:00Z,u_0170_s03,ins_u_0170_007,{},v2.3.0-fixed
evt_003967,u_0170,feature_used,2026-07-04T06:46:00Z,u_0170_s03,ins_u_0170_008,"{""feature"": ""board""}",v2.3.0-fixed
evt_003968,u_0433,return_visit,2026-07-04T11:01:00Z,u_0433_s03,ins_u_0433_007,{},v2.3.0-fixed
evt_003969,u_0433,feature_used,2026-07-04T11:05:00Z,u_0433_s03,ins_u_0433_008,"{""feature"": ""board""}",v2.3.0-fixed
evt_003970,u_0526,return_visit,2026-07-04T21:49:00Z,u_0526_s03,ins_u_0526_009,{},v2.3.0-fixed
evt_003971,u_0526,feature_used,2026-07-04T21:53:00Z,u_0526_s03,ins_u_0526_010,"{""feature"": ""board""}",v2.3.0-fixed
evt_003972,u_0046,return_visit,2026-07-05T06:44:00Z,u_0046_s03,ins_u_0046_007,{},v2.3.0-fixed
evt_003973,u_0046,feature_used,2026-07-05T06:48:00Z,u_0046_s03,ins_u_0046_008,"{""feature"": ""board""}",v2.3.0-fixed
evt_003974,u_0182,return_visit,2026-07-05T10:30:00Z,u_0182_s03,ins_u_0182_009,{},v2.3.0-fixed
evt_003975,u_0182,feature_used,2026-07-05T10:34:00Z,u_0182_s03,ins_u_0182_010,"{""feature"": ""board""}",v2.3.0-fixed
evt_003976,u_0100,return_visit,2026-07-05T18:11:00Z,u_0100_s03,ins_u_0100_008,{},v2.3.0-fixed
evt_003977,u_0100,feature_used,2026-07-05T18:15:00Z,u_0100_s03,ins_u_0100_009,"{""feature"": ""board""}",v2.3.0-fixed
evt_003978,u_0639,return_visit,2026-07-05T20:55:00Z,u_0639_s03,ins_u_0639_008,{},v2.3.0-fixed
evt_003979,u_0639,feature_used,2026-07-05T20:59:00Z,u_0639_s03,ins_u_0639_009,"{""feature"": ""board""}",v2.3.0-fixed
evt_003980,u_0446,return_visit,2026-07-05T21:54:00Z,u_0446_s03,ins_u_0446_008,{},v2.3.0-fixed
evt_003981,u_0446,feature_used,2026-07-05T21:58:00Z,u_0446_s03,ins_u_0446_009,"{""feature"": ""board""}",v2.3.0-fixed
evt_003982,u_0161,return_visit,2026-07-06T01:41:00Z,u_0161_s03,ins_u_0161_007,{},v2.3.0-fixed
evt_003983,u_0161,feature_used,2026-07-06T01:45:00Z,u_0161_s03,ins_u_0161_008,"{""feature"": ""board""}",v2.3.0-fixed
evt_003984,u_0274,return_visit,2026-07-06T03:23:00Z,u_0274_s03,ins_u_0274_008,{},v2.3.0-fixed
evt_003985,u_0274,feature_used,2026-07-06T03:27:00Z,u_0274_s03,ins_u_0274_009,"{""feature"": ""board""}",v2.3.0-fixed
evt_003986,u_0035,return_visit,2026-07-06T04:27:00Z,u_0035_s03,ins_u_0035_008,{},v2.3.0-fixed
evt_003987,u_0035,feature_used,2026-07-06T04:31:00Z,u_0035_s03,ins_u_0035_009,"{""feature"": ""board""}",v2.3.0-fixed
evt_003988,u_0008,return_visit,2026-07-06T05:31:00Z,u_0008_s03,ins_u_0008_010,{},v2.3.0-fixed
evt_003989,u_0008,feature_used,2026-07-06T05:35:00Z,u_0008_s03,ins_u_0008_011,"{""feature"": ""board""}",v2.3.0-fixed
evt_003990,u_0180,return_visit,2026-07-06T06:36:00Z,u_0180_s03,ins_u_0180_008,{},v2.3.0-fixed
evt_003991,u_0180,feature_used,2026-07-06T06:40:00Z,u_0180_s03,ins_u_0180_009,"{""feature"": ""board""}",v2.3.0-fixed
evt_003992,u_0568,return_visit,2026-07-06T07:19:00Z,u_0568_s03,ins_u_0568_009,{},v2.3.0-fixed
evt_003993,u_0568,feature_used,2026-07-06T07:23:00Z,u_0568_s03,ins_u_0568_010,"{""feature"": ""board""}",v2.3.0-fixed
evt_003994,u_0333,return_visit,2026-07-06T08:41:00Z,u_0333_s03,ins_u_0333_009,{},v2.3.0-fixed
evt_003995,u_0333,feature_used,2026-07-06T08:45:00Z,u_0333_s03,ins_u_0333_010,"{""feature"": ""board""}",v2.3.0-fixed
evt_003996,u_0683,return_visit,2026-07-06T09:15:00Z,u_0683_s03,ins_u_0683_009,{},v2.3.0-fixed
evt_003997,u_0683,feature_used,2026-07-06T09:19:00Z,u_0683_s03,ins_u_0683_010,"{""feature"": ""board""}",v2.3.0-fixed
evt_003998,u_0386,return_visit,2026-07-06T09:20:00Z,u_0386_s03,ins_u_0386_010,{},v2.3.0-fixed
evt_003999,u_0386,feature_used,2026-07-06T09:24:00Z,u_0386_s03,ins_u_0386_011,"{""feature"": ""board""}",v2.3.0-fixed
evt_004000,u_0394,return_visit,2026-07-06T10:04:00Z,u_0394_s03,ins_u_0394_006,{},v2.3.0-fixed
evt_004001,u_0394,feature_used,2026-07-06T10:08:00Z,u_0394_s03,ins_u_0394_007,"{""feature"": ""board""}",v2.3.0-fixed
evt_004002,u_0777,return_visit,2026-07-06T11:06:00Z,u_0777_s03,ins_u_0777_009,{},v2.3.0-fixed
evt_004003,u_0777,feature_used,2026-07-06T11:10:00Z,u_0777_s03,ins_u_0777_010,"{""feature"": ""board""}",v2.3.0-fixed
evt_004004,u_0598,return_visit,2026-07-06T11:18:00Z,u_0598_s03,ins_u_0598_009,{},v2.3.0-fixed
evt_004005,u_0598,feature_used,2026-07-06T11:22:00Z,u_0598_s03,ins_u_0598_010,"{""feature"": ""board""}",v2.3.0-fixed
evt_004006,u_0542,return_visit,2026-07-07T00:53:00Z,u_0542_s03,ins_u_0542_009,{},v2.3.0-fixed
evt_004007,u_0542,feature_used,2026-07-07T00:57:00Z,u_0542_s03,ins_u_0542_010,"{""feature"": ""board""}",v2.3.0-fixed
evt_004008,u_0753,return_visit,2026-07-07T02:24:00Z,u_0753_s03,ins_u_0753_008,{},v2.3.0-fixed
evt_004009,u_0753,feature_used,2026-07-07T02:28:00Z,u_0753_s03,ins_u_0753_009,"{""feature"": ""board""}",v2.3.0-fixed
evt_004010,u_0716,return_visit,2026-07-07T03:40:00Z,u_0716_s03,ins_u_0716_008,{},v2.3.0-fixed
evt_004011,u_0716,feature_used,2026-07-07T03:44:00Z,u_0716_s03,ins_u_0716_009,"{""feature"": ""board""}",v2.3.0-fixed
evt_004012,u_0593,return_visit,2026-07-07T06:03:00Z,u_0593_s03,ins_u_0593_008,{},v2.3.0-fixed
evt_004013,u_0593,feature_used,2026-07-07T06:07:00Z,u_0593_s03,ins_u_0593_009,"{""feature"": ""board""}",v2.3.0-fixed
evt_004014,u_0091,return_visit,2026-07-07T08:40:00Z,u_0091_s03,ins_u_0091_008,{},v2.3.0-fixed
evt_004015,u_0430,return_visit,2026-07-07T08:40:00Z,u_0430_s03,ins_u_0430_006,{},v2.3.0-fixed
evt_004016,u_0091,feature_used,2026-07-07T08:44:00Z,u_0091_s03,ins_u_0091_009,"{""feature"": ""board""}",v2.3.0-fixed
evt_004017,u_0430,feature_used,2026-07-07T08:44:00Z,u_0430_s03,ins_u_0430_007,"{""feature"": ""board""}",v2.3.0-fixed
evt_004018,u_0125,return_visit,2026-07-08T00:06:00Z,u_0125_s03,ins_u_0125_007,{},v2.3.0-fixed
evt_004019,u_0125,feature_used,2026-07-08T00:10:00Z,u_0125_s03,ins_u_0125_008,"{""feature"": ""board""}",v2.3.0-fixed
evt_004020,u_0113,return_visit,2026-07-08T01:24:00Z,u_0113_s03,ins_u_0113_008,{},v2.3.0-fixed
evt_004021,u_0113,feature_used,2026-07-08T01:28:00Z,u_0113_s03,ins_u_0113_009,"{""feature"": ""board""}",v2.3.0-fixed
evt_004022,u_0451,return_visit,2026-07-08T01:30:00Z,u_0451_s03,ins_u_0451_009,{},v2.3.0-fixed
evt_004023,u_0451,feature_used,2026-07-08T01:34:00Z,u_0451_s03,ins_u_0451_010,"{""feature"": ""board""}",v2.3.0-fixed
evt_004024,u_0178,return_visit,2026-07-08T03:50:00Z,u_0178_s03,ins_u_0178_010,{},v2.3.0-fixed
evt_004025,u_0178,feature_used,2026-07-08T03:54:00Z,u_0178_s03,ins_u_0178_011,"{""feature"": ""board""}",v2.3.0-fixed
evt_004026,u_0034,return_visit,2026-07-08T04:31:00Z,u_0034_s03,ins_u_0034_007,{},v2.3.0-fixed
evt_004027,u_0034,feature_used,2026-07-08T04:35:00Z,u_0034_s03,ins_u_0034_008,"{""feature"": ""board""}",v2.3.0-fixed
evt_004028,u_0661,return_visit,2026-07-08T06:59:00Z,u_0661_s03,ins_u_0661_008,{},v2.3.0-fixed
evt_004029,u_0661,feature_used,2026-07-08T07:03:00Z,u_0661_s03,ins_u_0661_009,"{""feature"": ""board""}",v2.3.0-fixed
evt_004030,u_0063,return_visit,2026-07-08T20:48:00Z,u_0063_s03,ins_u_0063_009,{},v2.3.0-fixed
evt_004031,u_0063,feature_used,2026-07-08T20:52:00Z,u_0063_s03,ins_u_0063_010,"{""feature"": ""board""}",v2.3.0-fixed
evt_004032,u_0306,return_visit,2026-07-08T21:28:00Z,u_0306_s03,ins_u_0306_010,{},v2.3.0-fixed
evt_004033,u_0306,feature_used,2026-07-08T21:32:00Z,u_0306_s03,ins_u_0306_011,"{""feature"": ""board""}",v2.3.0-fixed
evt_004034,u_0135,return_visit,2026-07-09T00:23:00Z,u_0135_s03,ins_u_0135_008,{},v2.3.0-fixed
evt_004035,u_0135,feature_used,2026-07-09T00:27:00Z,u_0135_s03,ins_u_0135_009,"{""feature"": ""board""}",v2.3.0-fixed
evt_004036,u_0010,return_visit,2026-07-09T01:08:00Z,u_0010_s03,ins_u_0010_008,{},v2.3.0-fixed
evt_004037,u_0010,feature_used,2026-07-09T01:12:00Z,u_0010_s03,ins_u_0010_009,"{""feature"": ""board""}",v2.3.0-fixed
evt_004038,u_0795,return_visit,2026-07-09T03:36:00Z,u_0795_s03,ins_u_0795_010,{},v2.3.0-fixed
evt_004039,u_0795,feature_used,2026-07-09T03:40:00Z,u_0795_s03,ins_u_0795_011,"{""feature"": ""board""}",v2.3.0-fixed
evt_004040,u_0591,return_visit,2026-07-09T05:00:00Z,u_0591_s03,ins_u_0591_007,{},v2.3.0-fixed
evt_004041,u_0591,feature_used,2026-07-09T05:04:00Z,u_0591_s03,ins_u_0591_008,"{""feature"": ""board""}",v2.3.0-fixed
evt_004042,u_0302,return_visit,2026-07-09T06:28:00Z,u_0302_s03,ins_u_0302_006,{},v2.3.0-fixed
evt_004043,u_0302,feature_used,2026-07-09T06:32:00Z,u_0302_s03,ins_u_0302_007,"{""feature"": ""board""}",v2.3.0-fixed
evt_004044,u_0657,return_visit,2026-07-09T09:45:00Z,u_0657_s03,ins_u_0657_007,{},v2.3.0-fixed
evt_004045,u_0657,feature_used,2026-07-09T09:49:00Z,u_0657_s03,ins_u_0657_008,"{""feature"": ""board""}",v2.3.0-fixed
evt_004046,u_0088,return_visit,2026-07-09T20:43:00Z,u_0088_s03,ins_u_0088_008,{},v2.3.0-fixed
evt_004047,u_0088,feature_used,2026-07-09T20:47:00Z,u_0088_s03,ins_u_0088_009,"{""feature"": ""board""}",v2.3.0-fixed
evt_004048,u_0511,return_visit,2026-07-09T21:18:00Z,u_0511_s03,ins_u_0511_008,{},v2.3.0-fixed
evt_004049,u_0511,feature_used,2026-07-09T21:22:00Z,u_0511_s03,ins_u_0511_009,"{""feature"": ""board""}",v2.3.0-fixed
evt_004050,u_0406,return_visit,2026-07-10T01:07:00Z,u_0406_s03,ins_u_0406_007,{},v2.3.0-fixed
evt_004051,u_0406,feature_used,2026-07-10T01:11:00Z,u_0406_s03,ins_u_0406_008,"{""feature"": ""board""}",v2.3.0-fixed
evt_004052,u_0393,return_visit,2026-07-10T11:11:00Z,u_0393_s03,ins_u_0393_007,{},v2.3.0-fixed
evt_004053,u_0393,feature_used,2026-07-10T11:15:00Z,u_0393_s03,ins_u_0393_008,"{""feature"": ""board""}",v2.3.0-fixed
evt_004054,u_0252,return_visit,2026-07-11T01:09:00Z,u_0252_s03,ins_u_0252_007,{},v2.3.0-fixed
evt_004055,u_0252,feature_used,2026-07-11T01:13:00Z,u_0252_s03,ins_u_0252_008,"{""feature"": ""board""}",v2.3.0-fixed
evt_004056,u_0326,return_visit,2026-07-11T01:48:00Z,u_0326_s03,ins_u_0326_010,{},v2.3.0-fixed
evt_004057,u_0326,feature_used,2026-07-11T01:52:00Z,u_0326_s03,ins_u_0326_011,"{""feature"": ""board""}",v2.3.0-fixed
evt_004058,u_0280,return_visit,2026-07-11T10:55:00Z,u_0280_s03,ins_u_0280_009,{},v2.3.0-fixed
evt_004059,u_0280,feature_used,2026-07-11T10:59:00Z,u_0280_s03,ins_u_0280_010,"{""feature"": ""board""}",v2.3.0-fixed
