event_id,user_id,event_name,ts,session_id,insert_id,properties,release
evt_000001,u_0131,signup_started,2026-06-01T08:07:00Z,u_0131_s01,ins_u_0131_001,{},v2.2.0-healthy
evt_000002,u_0131,signup_completed,2026-06-01T08:12:00Z,u_0131_s01,ins_u_0131_002,{},v2.2.0-healthy
evt_000003,u_0131,profile_saved,2026-06-01T08:14:00Z,u_0131_s01,ins_u_0131_003,{},v2.2.0-healthy
evt_000004,u_0131,onboarding_step_viewed,2026-06-01T08:18:00Z,u_0131_s01,ins_u_0131_004,{},v2.2.0-healthy
evt_000005,u_0772,signup_started,2026-06-01T08:19:00Z,u_0772_s01,ins_u_0772_001,{},v2.2.0-healthy
evt_000006,u_0147,signup_started,2026-06-01T08:23:00Z,u_0147_s01,ins_u_0147_001,{},v2.2.0-healthy
evt_000007,u_0772,signup_completed,2026-06-01T08:23:00Z,u_0772_s01,ins_u_0772_002,{},v2.2.0-healthy
evt_000008,u_0380,signup_started,2026-06-01T08:24:00Z,u_0380_s01,ins_u_0380_001,{},v2.2.0-healthy
evt_000009,u_0380,signup_completed,2026-06-01T08:27:00Z,u_0380_s01,ins_u_0380_002,{},v2.2.0-healthy
evt_000010,u_0147,signup_completed,2026-06-01T08:31:00Z,u_0147_s01,ins_u_0147_002,{},v2.2.0-healthy
evt_000011,u_0380,session_abandoned,2026-06-01T08:31:00Z,u_0380_s01,ins_u_0380_003,{},v2.2.0-healthy
evt_000012,u_0772,session_abandoned,2026-06-01T08:32:00Z,u_0772_s01,ins_u_0772_003,{},v2.2.0-healthy
evt_000013,u_0147,profile_saved,2026-06-01T08:39:00Z,u_0147_s01,ins_u_0147_003,{},v2.2.0-healthy
evt_000014,u_0131,onboarding_completed,2026-06-01T08:45:00Z,u_0131_s01,ins_u_0131_005,"{""completed_at"": ""2026-06-01T08:45:00Z""}",v2.2.0-healthy
evt_000015,u_0147,onboarding_step_viewed,2026-06-01T08:45:00Z,u_0147_s01,ins_u_0147_004,{},v2.2.0-healthy
evt_000016,u_0147,feature_used,2026-06-01T08:59:00Z,u_0147_s01,ins_u_0147_005,"{""feature"": ""insights""}",v2.2.0-healthy
evt_000017,u_0015,signup_started,2026-06-01T09:02:00Z,u_0015_s01,ins_u_0015_001,{},v2.2.0-healthy
evt_000018,u_0131,activation_completed,2026-06-01T09:04:00Z,u_0131_s01,ins_u_0131_006,{},v2.2.0-healthy
evt_000019,u_0015,signup_completed,2026-06-01T09:07:00Z,u_0015_s01,ins_u_0015_002,{},v2.2.0-healthy
evt_000020,u_0015,profile_saved,2026-06-01T09:14:00Z,u_0015_s01,ins_u_0015_003,{},v2.2.0-healthy
evt_000021,u_0252,signup_started,2026-06-01T09:19:00Z,u_0252_s01,ins_u_0252_001,{},v2.2.0-healthy
evt_000022,u_0709,signup_started,2026-06-01T09:19:00Z,u_0709_s01,ins_u_0709_001,{},v2.2.0-healthy
evt_000023,u_0147,onboarding_completed,2026-06-01T09:24:00Z,u_0147_s01,ins_u_0147_006,"{""completed_at"": ""2026-06-01T09:11:00Z""}",v2.2.0-healthy
evt_000024,u_0161,signup_started,2026-06-01T09:24:00Z,u_0161_s01,ins_u_0161_001,{},v2.2.0-healthy
evt_000025,u_0252,session_abandoned,2026-06-01T09:25:00Z,u_0252_s01,ins_u_0252_002,{},v2.2.0-healthy
evt_000026,u_0709,signup_completed,2026-06-01T09:25:00Z,u_0709_s01,ins_u_0709_002,{},v2.2.0-healthy
evt_000027,u_0680,signup_started,2026-06-01T09:27:00Z,u_0680_s01,ins_u_0680_001,{},v2.2.0-healthy
evt_000028,u_0686,signup_started,2026-06-01T09:28:00Z,u_0686_s01,ins_u_0686_001,{},v2.2.0-healthy
evt_000029,u_0161,signup_completed,2026-06-01T09:29:00Z,u_0161_s01,ins_u_0161_002,{},v2.2.0-healthy
evt_000030,u_0428,signup_started,2026-06-01T09:29:00Z,u_0428_s01,ins_u_0428_001,{},v2.2.0-healthy
evt_000031,u_0686,session_abandoned,2026-06-01T09:33:00Z,u_0686_s01,ins_u_0686_002,{},v2.2.0-healthy
evt_000032,u_0428,signup_completed,2026-06-01T09:34:00Z,u_0428_s01,ins_u_0428_002,{},v2.2.0-healthy
evt_000033,u_0680,signup_completed,2026-06-01T09:34:00Z,u_0680_s01,ins_u_0680_002,{},v2.2.0-healthy
evt_000034,u_0709,profile_saved,2026-06-01T09:35:00Z,u_0709_s01,ins_u_0709_003,{},v2.2.0-healthy
evt_000035,u_0676,signup_started,2026-06-01T09:36:00Z,u_0676_s01,ins_u_0676_001,{},v2.2.0-healthy
evt_000036,u_0161,profile_saved,2026-06-01T09:37:00Z,u_0161_s01,ins_u_0161_003,{},v2.2.0-healthy
evt_000037,u_0428,profile_saved,2026-06-01T09:37:00Z,u_0428_s01,ins_u_0428_003,{},v2.2.0-healthy
evt_000038,u_0709,onboarding_step_viewed,2026-06-01T09:38:00Z,u_0709_s01,ins_u_0709_004,{},v2.2.0-healthy
evt_000039,u_0676,signup_completed,2026-06-01T09:40:00Z,u_0676_s01,ins_u_0676_002,{},v2.2.0-healthy
evt_000040,u_0015,onboarding_completed,2026-06-01T09:41:00Z,u_0015_s01,ins_u_0015_004,"{""completed_at"": ""2026-06-01T09:46:00Z""}",v2.2.0-healthy
evt_000041,u_0428,onboarding_step_viewed,2026-06-01T09:43:00Z,u_0428_s01,ins_u_0428_004,{},v2.2.0-healthy
evt_000042,u_0680,profile_saved,2026-06-01T09:43:00Z,u_0680_s01,ins_u_0680_003,{},v2.2.0-healthy
evt_000043,u_0676,session_abandoned,2026-06-01T09:45:00Z,u_0676_s01,ins_u_0676_003,{},v2.2.0-healthy
evt_000044,u_0680,onboarding_step_viewed,2026-06-01T09:45:00Z,u_0680_s01,ins_u_0680_004,{},v2.2.0-healthy
evt_000045,u_0383,signup_started,2026-06-01T09:47:00Z,u_0383_s01,ins_u_0383_001,{},v2.2.0-healthy
evt_000046,u_0634,signup_started,2026-06-01T09:51:00Z,u_0634_s01,ins_u_0634_001,{},v2.2.0-healthy
evt_000047,u_0383,signup_completed,2026-06-01T09:53:00Z,u_0383_s01,ins_u_0383_002,{},v2.2.0-healthy
evt_000048,u_0634,signup_completed,2026-06-01T09:55:00Z,u_0634_s01,ins_u_0634_002,{},v2.2.0-healthy
evt_000049,u_0147,activation_completed,2026-06-01T09:59:00Z,u_0147_s01,ins_u_0147_007,{},v2.2.0-healthy
evt_000050,u_0383,profile_saved,2026-06-01T09:59:00Z,u_0383_s01,ins_u_0383_003,{},v2.2.0-healthy
evt_000051,u_0161,feature_used,2026-06-01T10:02:00Z,u_0161_s01,ins_u_0161_004,"{""feature"": ""insights""}",v2.2.0-healthy
evt_000052,u_0006,signup_started,2026-06-01T10:04:00Z,u_0006_s01,ins_u_0006_001,{},v2.2.0-healthy
evt_000053,u_0634,profile_saved,2026-06-01T10:04:00Z,u_0634_s01,ins_u_0634_003,{},v2.2.0-healthy
evt_000054,u_0776,signup_started,2026-06-01T10:04:00Z,u_0776_s01,ins_u_0776_001,{},v2.2.0-healthy
evt_000055,u_0776,signup_completed,2026-06-01T10:05:00Z,u_0776_s01,ins_u_0776_002,{},v2.2.0-healthy
evt_000056,u_0006,signup_completed,2026-06-01T10:07:00Z,u_0006_s01,ins_u_0006_002,{},v2.2.0-healthy
evt_000057,u_0383,feature_used,2026-06-01T10:07:00Z,u_0383_s01,ins_u_0383_004,"{""feature"": ""insights""}",v2.2.0-healthy
evt_000058,u_0706,signup_started,2026-06-01T10:07:00Z,u_0706_s01,ins_u_0706_001,{},v2.2.0-healthy
evt_000059,u_0709,onboarding_completed,2026-06-01T10:07:00Z,u_0709_s01,ins_u_0709_005,"{""completed_at"": ""2026-06-01T10:04:00Z""}",v2.2.0-healthy
evt_000060,u_0776,profile_saved,2026-06-01T10:07:00Z,u_0776_s01,ins_u_0776_003,{},v2.2.0-healthy
evt_000061,u_0706,signup_completed,2026-06-01T10:08:00Z,u_0706_s01,ins_u_0706_002,{},v2.2.0-healthy
evt_000062,u_0727,signup_started,2026-06-01T10:09:00Z,u_0727_s01,ins_u_0727_001,{},v2.2.0-healthy
evt_000063,u_0706,profile_saved,2026-06-01T10:11:00Z,u_0706_s01,ins_u_0706_003,{},v2.2.0-healthy
evt_000064,u_0006,profile_saved,2026-06-01T10:13:00Z,u_0006_s01,ins_u_0006_003,{},v2.2.0-healthy
evt_000065,u_0727,session_abandoned,2026-06-01T10:13:00Z,u_0727_s01,ins_u_0727_002,{},v2.2.0-healthy
evt_000066,u_0776,onboarding_step_viewed,2026-06-01T10:13:00Z,u_0776_s01,ins_u_0776_004,{},v2.2.0-healthy
evt_000067,u_0428,onboarding_completed,2026-06-01T10:14:00Z,u_0428_s01,ins_u_0428_005,"{""completed_at"": ""2026-06-01T10:17:00Z""}",v2.2.0-healthy
evt_000068,u_0680,onboarding_completed,2026-06-01T10:14:00Z,u_0680_s01,ins_u_0680_005,"{""completed_at"": ""2026-06-01T10:15:00Z""}",v2.2.0-healthy
evt_000069,u_0706,onboarding_step_viewed,2026-06-01T10:15:00Z,u_0706_s01,ins_u_0706_004,{},v2.2.0-healthy
evt_000070,u_0006,onboarding_step_viewed,2026-06-01T10:17:00Z,u_0006_s01,ins_u_0006_004,{},v2.2.0-healthy
evt_000071,u_0776,feature_used,2026-06-01T10:21:00Z,u_0776_s01,ins_u_0776_005,"{""feature"": ""board""}",v2.2.0-healthy
evt_000072,u_0084,signup_started,2026-06-01T10:22:00Z,u_0084_s01,ins_u_0084_001,{},v2.2.0-healthy
evt_000073,u_0428,activation_completed,2026-06-01T10:23:00Z,u_0428_s01,ins_u_0428_006,{},v2.2.0-healthy
evt_000074,u_0634,feature_used,2026-06-01T10:25:00Z,u_0634_s01,ins_u_0634_004,"{""feature"": ""board""}",v2.2.0-healthy
evt_000075,u_0084,signup_completed,2026-06-01T10:30:00Z,u_0084_s01,ins_u_0084_002,{},v2.2.0-healthy
evt_000076,u_0383,onboarding_completed,2026-06-01T10:30:00Z,u_0383_s01,ins_u_0383_005,"{""completed_at"": ""2026-06-01T10:29:00Z""}",v2.2.0-healthy
evt_000077,u_0015,activation_completed,2026-06-01T10:34:00Z,u_0015_s01,ins_u_0015_005,{},v2.2.0-healthy
evt_000078,u_0706,onboarding_completed,2026-06-01T10:37:00Z,u_0706_s01,ins_u_0706_005,"{""completed_at"": ""2026-06-01T10:50:00Z""}",v2.2.0-healthy
evt_000079,u_0052,signup_started,2026-06-01T10:39:00Z,u_0052_s01,ins_u_0052_001,{},v2.2.0-healthy
evt_000080,u_0084,profile_saved,2026-06-01T10:40:00Z,u_0084_s01,ins_u_0084_003,{},v2.2.0-healthy
evt_000081,u_0634,onboarding_completed,2026-06-01T10:40:00Z,u_0634_s01,ins_u_0634_005,"{""completed_at"": ""2026-06-01T10:36:00Z""}",v2.2.0-healthy
evt_000082,u_0052,signup_completed,2026-06-01T10:43:00Z,u_0052_s01,ins_u_0052_002,{},v2.2.0-healthy
evt_000083,u_0084,onboarding_step_viewed,2026-06-01T10:43:00Z,u_0084_s01,ins_u_0084_004,{},v2.2.0-healthy
evt_000084,u_0052,profile_saved,2026-06-01T10:45:00Z,u_0052_s01,ins_u_0052_003,{},v2.2.0-healthy
evt_000085,u_0052,onboarding_step_viewed,2026-06-01T10:48:00Z,u_0052_s01,ins_u_0052_004,{},v2.2.0-healthy
evt_000086,u_0138,signup_started,2026-06-01T10:49:00Z,u_0138_s01,ins_u_0138_001,{},v2.2.0-healthy
evt_000087,u_0776,onboarding_completed,2026-06-01T10:50:00Z,u_0776_s01,ins_u_0776_006,"{""completed_at"": ""2026-06-01T10:38:00Z""}",v2.2.0-healthy
evt_000088,u_0006,onboarding_completed,2026-06-01T10:51:00Z,u_0006_s01,ins_u_0006_005,"{""completed_at"": ""2026-06-01T10:47:00Z""}",v2.2.0-healthy
evt_000089,u_0383,activation_completed,2026-06-01T10:55:00Z,u_0383_s01,ins_u_0383_006,{},v2.2.0-healthy
evt_000090,u_0670,signup_started,2026-06-01T10:55:00Z,u_0670_s01,ins_u_0670_001,{},v2.2.0-healthy
evt_000091,u_0110,signup_started,2026-06-01T10:56:00Z,u_0110_s01,ins_u_0110_001,{},v2.2.0-healthy
evt_000092,u_0052,feature_used,2026-06-01T10:57:00Z,u_0052_s01,ins_u_0052_005,"{""feature"": ""board""}",v2.2.0-healthy
evt_000093,u_0084,feature_used,2026-06-01T10:57:00Z,u_0084_s01,ins_u_0084_005,"{""feature"": ""board""}",v2.2.0-healthy
evt_000094,u_0138,signup_completed,2026-06-01T10:57:00Z,u_0138_s01,ins_u_0138_002,{},v2.2.0-healthy
evt_000095,u_0170,signup_started,2026-06-01T10:59:00Z,u_0170_s01,ins_u_0170_001,{},v2.2.0-healthy
evt_000096,u_0706,activation_completed,2026-06-01T11:01:00Z,u_0706_s01,ins_u_0706_006,{},v2.2.0-healthy
evt_000097,u_0138,profile_saved,2026-06-01T11:02:00Z,u_0138_s01,ins_u_0138_003,{},v2.2.0-healthy
evt_000098,u_0670,signup_completed,2026-06-01T11:03:00Z,u_0670_s01,ins_u_0670_002,{},v2.2.0-healthy
evt_000099,u_0110,signup_completed,2026-06-01T11:04:00Z,u_0110_s01,ins_u_0110_002,{},v2.2.0-healthy
evt_000100,u_0670,profile_saved,2026-06-01T11:05:00Z,u_0670_s01,ins_u_0670_003,{},v2.2.0-healthy
evt_000101,u_0674,signup_started,2026-06-01T11:05:00Z,u_0674_s01,ins_u_0674_001,{},v2.2.0-healthy
evt_000102,u_0170,signup_completed,2026-06-01T11:06:00Z,u_0170_s01,ins_u_0170_002,{},v2.2.0-healthy
evt_000103,u_0610,signup_started,2026-06-01T11:06:00Z,u_0610_s01,ins_u_0610_001,{},v2.2.0-healthy
evt_000104,u_0634,activation_completed,2026-06-01T11:06:00Z,u_0634_s01,ins_u_0634_006,{},v2.2.0-healthy
evt_000105,u_0670,error_shown,2026-06-01T11:06:00Z,u_0670_s01,ins_u_0670_004,"{""code"": ""onboarding_timeout""}",v2.2.0-healthy
evt_000106,u_0138,onboarding_step_viewed,2026-06-01T11:07:00Z,u_0138_s01,ins_u_0138_004,{},v2.2.0-healthy
evt_000107,u_0674,signup_completed,2026-06-01T11:07:00Z,u_0674_s01,ins_u_0674_002,{},v2.2.0-healthy
evt_000108,u_0610,session_abandoned,2026-06-01T11:09:00Z,u_0610_s01,ins_u_0610_002,{},v2.2.0-healthy
evt_000109,u_0674,profile_saved,2026-06-01T11:10:00Z,u_0674_s01,ins_u_0674_003,{},v2.2.0-healthy
evt_000110,u_0776,activation_completed,2026-06-01T11:10:00Z,u_0776_s01,ins_u_0776_007,{},v2.2.0-healthy
evt_000111,u_0110,profile_saved,2026-06-01T11:11:00Z,u_0110_s01,ins_u_0110_003,{},v2.2.0-healthy
evt_000112,u_0522,signup_started,2026-06-01T11:13:00Z,u_0522_s01,ins_u_0522_001,{},v2.2.0-healthy
evt_000113,u_0170,profile_saved,2026-06-01T11:14:00Z,u_0170_s01,ins_u_0170_003,{},v2.2.0-healthy
evt_000114,u_0006,activation_completed,2026-06-01T11:16:00Z,u_0006_s01,ins_u_0006_006,{},v2.2.0-healthy
evt_000115,u_0262,signup_started,2026-06-01T11:16:00Z,u_0262_s01,ins_u_0262_001,{},v2.2.0-healthy
evt_000116,u_0484,signup_started,2026-06-01T11:16:00Z,u_0484_s01,ins_u_0484_001,{},v2.2.0-healthy
evt_000117,u_0674,onboarding_step_viewed,2026-06-01T11:16:00Z,u_0674_s01,ins_u_0674_004,{},v2.2.0-healthy
evt_000118,u_0110,onboarding_step_viewed,2026-06-01T11:17:00Z,u_0110_s01,ins_u_0110_004,{},v2.2.0-healthy
evt_000119,u_0052,onboarding_completed,2026-06-01T11:18:00Z,u_0052_s01,ins_u_0052_006,"{""completed_at"": ""2026-06-01T11:23:00Z""}",v2.2.0-healthy
evt_000120,u_0484,signup_completed,2026-06-01T11:18:00Z,u_0484_s01,ins_u_0484_002,{},v2.2.0-healthy
evt_000121,u_0170,onboarding_step_viewed,2026-06-01T11:19:00Z,u_0170_s01,ins_u_0170_004,{},v2.2.0-healthy
evt_000122,u_0484,profile_saved,2026-06-01T11:20:00Z,u_0484_s01,ins_u_0484_003,{},v2.2.0-healthy
evt_000123,u_0084,onboarding_completed,2026-06-01T11:21:00Z,u_0084_s01,ins_u_0084_006,"{""completed_at"": ""2026-06-01T11:13:00Z""}",v2.2.0-healthy
evt_000124,u_0522,session_abandoned,2026-06-01T11:21:00Z,u_0522_s01,ins_u_0522_002,{},v2.2.0-healthy
evt_000125,u_0533,signup_started,2026-06-01T11:22:00Z,u_0533_s01,ins_u_0533_001,{},v2.2.0-healthy
evt_000126,u_0262,signup_completed,2026-06-01T11:24:00Z,u_0262_s01,ins_u_0262_002,{},v2.2.0-healthy
evt_000127,u_0484,onboarding_step_viewed,2026-06-01T11:24:00Z,u_0484_s01,ins_u_0484_004,{},v2.2.0-healthy
evt_000128,u_0780,signup_started,2026-06-01T11:24:00Z,u_0780_s01,ins_u_0780_001,{},v2.2.0-healthy
evt_000129,u_0014,signup_started,2026-06-01T11:25:00Z,u_0014_s01,ins_u_0014_001,{},v2.2.0-healthy
evt_000130,u_0014,signup_completed,2026-06-01T11:27:00Z,u_0014_s01,ins_u_0014_002,{},v2.2.0-healthy
evt_000131,u_0533,signup_completed,2026-06-01T11:28:00Z,u_0533_s01,ins_u_0533_002,{},v2.2.0-healthy
evt_000132,u_0780,signup_completed,2026-06-01T11:30:00Z,u_0780_s01,ins_u_0780_002,{},v2.2.0-healthy
evt_000133,u_0674,feature_used,2026-06-01T11:31:00Z,u_0674_s01,ins_u_0674_005,"{""feature"": ""board""}",v2.2.0-healthy
evt_000134,u_0533,session_abandoned,2026-06-01T11:32:00Z,u_0533_s01,ins_u_0533_003,{},v2.2.0-healthy
evt_000135,u_0138,onboarding_completed,2026-06-01T11:33:00Z,u_0138_s01,ins_u_0138_005,"{""completed_at"": ""2026-06-01T11:36:00Z""}",v2.2.0-healthy
evt_000136,u_0262,profile_saved,2026-06-01T11:34:00Z,u_0262_s01,ins_u_0262_003,{},v2.2.0-healthy
evt_000137,u_0484,feature_used,2026-06-01T11:36:00Z,u_0484_s01,ins_u_0484_005,"{""feature"": ""board""}",v2.2.0-healthy
evt_000138,u_0780,session_abandoned,2026-06-01T11:36:00Z,u_0780_s01,ins_u_0780_003,{},v2.2.0-healthy
evt_000139,u_0014,profile_saved,2026-06-01T11:37:00Z,u_0014_s01,ins_u_0014_003,{},v2.2.0-healthy
evt_000140,u_0262,onboarding_step_viewed,2026-06-01T11:39:00Z,u_0262_s01,ins_u_0262_004,{},v2.2.0-healthy
evt_000141,u_0674,onboarding_completed,2026-06-01T11:39:00Z,u_0674_s01,ins_u_0674_006,"{""completed_at"": ""2026-06-01T11:50:00Z""}",v2.2.0-healthy
evt_000142,u_0014,onboarding_step_viewed,2026-06-01T11:42:00Z,u_0014_s01,ins_u_0014_004,{},v2.2.0-healthy
evt_000143,u_0670,onboarding_completed,2026-06-01T11:43:00Z,u_0670_s01,ins_u_0670_005,"{""completed_at"": ""2026-06-01T11:32:00Z""}",v2.2.0-healthy
evt_000144,u_0664,signup_started,2026-06-01T11:47:00Z,u_0664_s01,ins_u_0664_001,{},v2.2.0-healthy
evt_000145,u_0170,onboarding_completed,2026-06-01T11:48:00Z,u_0170_s01,ins_u_0170_005,"{""completed_at"": ""2026-06-01T11:44:00Z""}",v2.2.0-healthy
evt_000146,u_0074,signup_started,2026-06-01T11:50:00Z,u_0074_s01,ins_u_0074_001,{},v2.2.0-healthy
evt_000147,u_0074,session_abandoned,2026-06-01T11:52:00Z,u_0074_s01,ins_u_0074_002,{},v2.2.0-healthy
evt_000148,u_0664,session_abandoned,2026-06-01T11:52:00Z,u_0664_s01,ins_u_0664_002,{},v2.2.0-healthy
evt_000149,u_0262,feature_used,2026-06-01T11:53:00Z,u_0262_s01,ins_u_0262_005,"{""feature"": ""board""}",v2.2.0-healthy
evt_000150,u_0084,activation_completed,2026-06-01T11:55:00Z,u_0084_s01,ins_u_0084_007,{},v2.2.0-healthy
evt_000151,u_0014,feature_used,2026-06-01T12:01:00Z,u_0014_s01,ins_u_0014_005,"{""feature"": ""board""}",v2.2.0-healthy
evt_000152,u_0112,signup_started,2026-06-01T12:02:00Z,u_0112_s01,ins_u_0112_001,{},v2.2.0-healthy
evt_000153,u_0262,onboarding_completed,2026-06-01T12:03:00Z,u_0262_s01,ins_u_0262_006,"{""completed_at"": ""2026-06-01T12:00:00Z""}",v2.2.0-healthy
evt_000154,u_0052,activation_completed,2026-06-01T12:04:00Z,u_0052_s01,ins_u_0052_007,{},v2.2.0-healthy
evt_000155,u_0484,onboarding_completed,2026-06-01T12:05:00Z,u_0484_s01,ins_u_0484_006,"{""completed_at"": ""2026-06-01T11:53:00Z""}",v2.2.0-healthy
evt_000156,u_0112,signup_completed,2026-06-01T12:10:00Z,u_0112_s01,ins_u_0112_002,{},v2.2.0-healthy
evt_000157,u_0014,onboarding_completed,2026-06-01T12:11:00Z,u_0014_s01,ins_u_0014_006,"{""completed_at"": ""2026-06-01T12:11:00Z""}",v2.2.0-healthy
evt_000158,u_0112,profile_saved,2026-06-01T12:12:00Z,u_0112_s01,ins_u_0112_003,{},v2.2.0-healthy
evt_000159,u_0661,signup_started,2026-06-01T12:12:00Z,u_0661_s01,ins_u_0661_001,{},v2.2.0-healthy
evt_000160,u_0112,error_shown,2026-06-01T12:13:00Z,u_0112_s01,ins_u_0112_004,"{""code"": ""onboarding_timeout""}",v2.2.0-healthy
evt_000161,u_0702,signup_started,2026-06-01T12:14:00Z,u_0702_s01,ins_u_0702_001,{},v2.2.0-healthy
evt_000162,u_0112,onboarding_step_viewed,2026-06-01T12:15:00Z,u_0112_s01,ins_u_0112_005,{},v2.2.0-healthy
evt_000163,u_0298,signup_started,2026-06-01T12:16:00Z,u_0298_s01,ins_u_0298_001,{},v2.2.0-healthy
evt_000164,u_0515,signup_started,2026-06-01T12:16:00Z,u_0515_s01,ins_u_0515_001,{},v2.2.0-healthy
evt_000165,u_0661,signup_completed,2026-06-01T12:16:00Z,u_0661_s01,ins_u_0661_002,{},v2.2.0-healthy
evt_000166,u_0702,signup_completed,2026-06-01T12:17:00Z,u_0702_s01,ins_u_0702_002,{},v2.2.0-healthy
evt_000167,u_0114,signup_started,2026-06-01T12:19:00Z,u_0114_s01,ins_u_0114_001,{},v2.2.0-healthy
evt_000168,u_0170,activation_completed,2026-06-01T12:19:00Z,u_0170_s01,ins_u_0170_006,{},v2.2.0-healthy
evt_000169,u_0298,signup_completed,2026-06-01T12:20:00Z,u_0298_s01,ins_u_0298_002,{},v2.2.0-healthy
evt_000170,u_0114,signup_completed,2026-06-01T12:21:00Z,u_0114_s01,ins_u_0114_002,{},v2.2.0-healthy
evt_000171,u_0110,activation_completed,2026-06-01T12:22:00Z,u_0110_s01,ins_u_0110_005,{},v2.2.0-healthy
evt_000172,u_0515,signup_completed,2026-06-01T12:22:00Z,u_0515_s01,ins_u_0515_002,{},v2.2.0-healthy
evt_000173,u_0661,profile_saved,2026-06-01T12:24:00Z,u_0661_s01,ins_u_0661_003,{},v2.2.0-healthy
evt_000174,u_0702,profile_saved,2026-06-01T12:24:00Z,u_0702_s01,ins_u_0702_003,{},v2.2.0-healthy
evt_000175,u_0298,session_abandoned,2026-06-01T12:26:00Z,u_0298_s01,ins_u_0298_003,{},v2.2.0-healthy
evt_000176,u_0702,onboarding_step_viewed,2026-06-01T12:27:00Z,u_0702_s01,ins_u_0702_004,{},v2.2.0-healthy
evt_000177,u_0114,session_abandoned,2026-06-01T12:28:00Z,u_0114_s01,ins_u_0114_003,{},v2.2.0-healthy
evt_000178,u_0661,onboarding_step_viewed,2026-06-01T12:28:00Z,u_0661_s01,ins_u_0661_004,{},v2.2.0-healthy
evt_000179,u_0623,signup_started,2026-06-01T12:31:00Z,u_0623_s01,ins_u_0623_001,{},v2.2.0-healthy
evt_000180,u_0112,feature_used,2026-06-01T12:32:00Z,u_0112_s01,ins_u_0112_006,"{""feature"": ""board""}",v2.2.0-healthy
evt_000181,u_0515,profile_saved,2026-06-01T12:32:00Z,u_0515_s01,ins_u_0515_003,{},v2.2.0-healthy
evt_000182,u_0356,signup_started,2026-06-01T12:35:00Z,u_0356_s01,ins_u_0356_001,{},v2.2.0-healthy
evt_000183,u_0623,signup_completed,2026-06-01T12:37:00Z,u_0623_s01,ins_u_0623_002,{},v2.2.0-healthy
evt_000184,u_0356,signup_completed,2026-06-01T12:38:00Z,u_0356_s01,ins_u_0356_002,{},v2.2.0-healthy
evt_000185,u_0356,profile_saved,2026-06-01T12:43:00Z,u_0356_s01,ins_u_0356_003,{},v2.2.0-healthy
evt_000186,u_0262,activation_completed,2026-06-01T12:44:00Z,u_0262_s01,ins_u_0262_007,{},v2.2.0-healthy
evt_000187,u_0112,onboarding_completed,2026-06-01T12:45:00Z,u_0112_s01,ins_u_0112_007,"{""completed_at"": ""2026-06-01T12:47:00Z""}",v2.2.0-healthy
evt_000188,u_0356,onboarding_step_viewed,2026-06-01T12:46:00Z,u_0356_s01,ins_u_0356_004,{},v2.2.0-healthy
evt_000189,u_0623,profile_saved,2026-06-01T12:46:00Z,u_0623_s01,ins_u_0623_003,{},v2.2.0-healthy
evt_000190,u_0650,signup_started,2026-06-01T12:47:00Z,u_0650_s01,ins_u_0650_001,{},v2.2.0-healthy
evt_000191,u_0623,onboarding_step_viewed,2026-06-01T12:48:00Z,u_0623_s01,ins_u_0623_004,{},v2.2.0-healthy
evt_000192,u_0198,signup_started,2026-06-01T12:50:00Z,u_0198_s01,ins_u_0198_001,{},v2.2.0-healthy
evt_000193,u_0702,onboarding_completed,2026-06-01T12:52:00Z,u_0702_s01,ins_u_0702_005,"{""completed_at"": ""2026-06-01T13:00:00Z""}",v2.2.0-healthy
evt_000194,u_0650,signup_completed,2026-06-01T12:53:00Z,u_0650_s01,ins_u_0650_002,{},v2.2.0-healthy
evt_000195,u_0028,signup_started,2026-06-01T12:55:00Z,u_0028_s01,ins_u_0028_001,{},v2.2.0-healthy
evt_000196,u_0198,signup_completed,2026-06-01T12:55:00Z,u_0198_s01,ins_u_0198_002,{},v2.2.0-healthy
evt_000197,u_0625,signup_started,2026-06-01T12:58:00Z,u_0625_s01,ins_u_0625_001,{},v2.2.0-healthy
evt_000198,u_0028,signup_completed,2026-06-01T13:00:00Z,u_0028_s01,ins_u_0028_002,{},v2.2.0-healthy
evt_000199,u_0198,session_abandoned,2026-06-01T13:00:00Z,u_0198_s01,ins_u_0198_003,{},v2.2.0-healthy
evt_000200,u_0650,profile_saved,2026-06-01T13:00:00Z,u_0650_s01,ins_u_0650_003,{},v2.2.0-healthy
evt_000201,u_0661,onboarding_completed,2026-06-01T13:01:00Z,u_0661_s01,ins_u_0661_005,"{""completed_at"": ""2026-06-01T12:58:00Z""}",v2.2.0-healthy
evt_000202,u_0625,session_abandoned,2026-06-01T13:02:00Z,u_0625_s01,ins_u_0625_002,{},v2.2.0-healthy
evt_000203,u_0028,session_abandoned,2026-06-01T13:04:00Z,u_0028_s01,ins_u_0028_003,{},v2.2.0-healthy
evt_000204,u_0603,signup_started,2026-06-01T13:05:00Z,u_0603_s01,ins_u_0603_001,{},v2.2.0-healthy
evt_000205,u_0650,onboarding_step_viewed,2026-06-01T13:05:00Z,u_0650_s01,ins_u_0650_004,{},v2.2.0-healthy
evt_000206,u_0603,signup_completed,2026-06-01T13:06:00Z,u_0603_s01,ins_u_0603_002,{},v2.2.0-healthy
evt_000207,u_0045,signup_started,2026-06-01T13:07:00Z,u_0045_s01,ins_u_0045_001,{},v2.2.0-healthy
evt_000208,u_0650,feature_used,2026-06-01T13:07:00Z,u_0650_s01,ins_u_0650_005,"{""feature"": ""board""}",v2.2.0-healthy
evt_000209,u_0241,signup_started,2026-06-01T13:08:00Z,u_0241_s01,ins_u_0241_001,{},v2.2.0-healthy
evt_000210,u_0339,signup_started,2026-06-01T13:08:00Z,u_0339_s01,ins_u_0339_001,{},v2.2.0-healthy
evt_000211,u_0045,signup_completed,2026-06-01T13:09:00Z,u_0045_s01,ins_u_0045_002,{},v2.2.0-healthy
evt_000212,u_0339,signup_completed,2026-06-01T13:10:00Z,u_0339_s01,ins_u_0339_002,{},v2.2.0-healthy
evt_000213,u_0603,profile_saved,2026-06-01T13:11:00Z,u_0603_s01,ins_u_0603_003,{},v2.2.0-healthy
evt_000214,u_0241,signup_completed,2026-06-01T13:13:00Z,u_0241_s01,ins_u_0241_002,{},v2.2.0-healthy
evt_000215,u_0241,profile_saved,2026-06-01T13:16:00Z,u_0241_s01,ins_u_0241_003,{},v2.2.0-healthy
evt_000216,u_0339,session_abandoned,2026-06-01T13:16:00Z,u_0339_s01,ins_u_0339_003,{},v2.2.0-healthy
evt_000217,u_0603,onboarding_step_viewed,2026-06-01T13:17:00Z,u_0603_s01,ins_u_0603_004,{},v2.2.0-healthy
evt_000218,u_0045,session_abandoned,2026-06-01T13:18:00Z,u_0045_s01,ins_u_0045_003,{},v2.2.0-healthy
evt_000219,u_0356,onboarding_completed,2026-06-01T13:19:00Z,u_0356_s01,ins_u_0356_005,"{""completed_at"": ""2026-06-01T13:11:00Z""}",v2.2.0-healthy
evt_000220,u_0241,onboarding_step_viewed,2026-06-01T13:21:00Z,u_0241_s01,ins_u_0241_004,{},v2.2.0-healthy
evt_000221,u_0623,onboarding_completed,2026-06-01T13:21:00Z,u_0623_s01,ins_u_0623_005,"{""completed_at"": ""2026-06-01T13:23:00Z""}",v2.2.0-healthy
evt_000222,u_0603,feature_used,2026-06-01T13:25:00Z,u_0603_s01,ins_u_0603_005,"{""feature"": ""insights""}",v2.2.0-healthy
evt_000223,u_0650,onboarding_completed,2026-06-01T13:26:00Z,u_0650_s01,ins_u_0650_006,"{""completed_at"": ""2026-06-01T13:30:00Z""}",v2.2.0-healthy
evt_000224,u_0661,activation_completed,2026-06-01T13:27:00Z,u_0661_s01,ins_u_0661_006,{},v2.2.0-healthy
evt_000225,u_0515,activation_completed,2026-06-01T13:31:00Z,u_0515_s01,ins_u_0515_004,{},v2.2.0-healthy
evt_000226,u_0719,signup_started,2026-06-01T13:36:00Z,u_0719_s01,ins_u_0719_001,{},v2.2.0-healthy
evt_000227,u_0241,feature_used,2026-06-01T13:37:00Z,u_0241_s01,ins_u_0241_005,"{""feature"": ""insights""}",v2.2.0-healthy
evt_000228,u_0719,signup_completed,2026-06-01T13:37:00Z,u_0719_s01,ins_u_0719_002,{},v2.2.0-healthy
evt_000229,u_0632,signup_started,2026-06-01T13:40:00Z,u_0632_s01,ins_u_0632_001,{},v2.2.0-healthy
evt_000230,u_0241,onboarding_completed,2026-06-01T13:42:00Z,u_0241_s01,ins_u_0241_006,"{""completed_at"": ""2026-06-01T13:51:00Z""}",v2.2.0-healthy
evt_000231,u_0632,signup_completed,2026-06-01T13:44:00Z,u_0632_s01,ins_u_0632_002,{},v2.2.0-healthy
evt_000232,u_0719,session_abandoned,2026-06-01T13:46:00Z,u_0719_s01,ins_u_0719_003,{},v2.2.0-healthy
evt_000233,u_0632,profile_saved,2026-06-01T13:47:00Z,u_0632_s01,ins_u_0632_003,{},v2.2.0-healthy
evt_000234,u_0632,error_shown,2026-06-01T13:48:00Z,u_0632_s01,ins_u_0632_004,"{""code"": ""onboarding_timeout""}",v2.2.0-healthy
evt_000235,u_0603,onboarding_completed,2026-06-01T13:50:00Z,u_0603_s01,ins_u_0603_006,"{""completed_at"": ""2026-06-01T13:45:00Z""}",v2.2.0-healthy
evt_000236,u_0356,activation_completed,2026-06-01T13:51:00Z,u_0356_s01,ins_u_0356_006,{},v2.2.0-healthy
evt_000237,u_0632,onboarding_step_viewed,2026-06-01T13:53:00Z,u_0632_s01,ins_u_0632_005,{},v2.2.0-healthy
evt_000238,u_0306,signup_started,2026-06-01T13:59:00Z,u_0306_s01,ins_u_0306_001,{},v2.2.0-healthy
evt_000239,u_0306,signup_completed,2026-06-01T14:02:00Z,u_0306_s01,ins_u_0306_002,{},v2.2.0-healthy
evt_000240,u_0623,activation_completed,2026-06-01T14:05:00Z,u_0623_s01,ins_u_0623_006,{},v2.2.0-healthy
evt_000241,u_0306,profile_saved,2026-06-01T14:06:00Z,u_0306_s01,ins_u_0306_003,{},v2.2.0-healthy
evt_000242,u_0306,onboarding_step_viewed,2026-06-01T14:12:00Z,u_0306_s01,ins_u_0306_004,{},v2.2.0-healthy
evt_000243,u_0241,activation_completed,2026-06-01T14:19:00Z,u_0241_s01,ins_u_0241_007,{},v2.2.0-healthy
evt_000244,u_0799,signup_started,2026-06-01T14:19:00Z,u_0799_s01,ins_u_0799_001,{},v2.2.0-healthy
evt_000245,u_0306,feature_used,2026-06-01T14:21:00Z,u_0306_s01,ins_u_0306_005,"{""feature"": ""board""}",v2.2.0-healthy
evt_000246,u_0632,onboarding_completed,2026-06-01T14:21:00Z,u_0632_s01,ins_u_0632_006,"{""completed_at"": ""2026-06-01T14:21:00Z""}",v2.2.0-healthy
evt_000247,u_0261,signup_started,2026-06-01T14:24:00Z,u_0261_s01,ins_u_0261_001,{},v2.2.0-healthy
evt_000248,u_0799,signup_completed,2026-06-01T14:25:00Z,u_0799_s01,ins_u_0799_002,{},v2.2.0-healthy
evt_000249,u_0261,signup_completed,2026-06-01T14:28:00Z,u_0261_s01,ins_u_0261_002,{},v2.2.0-healthy
evt_000250,u_0261,profile_saved,2026-06-01T14:30:00Z,u_0261_s01,ins_u_0261_003,{},v2.2.0-healthy
evt_000251,u_0799,session_abandoned,2026-06-01T14:31:00Z,u_0799_s01,ins_u_0799_003,{},v2.2.0-healthy
evt_000252,u_0306,onboarding_completed,2026-06-01T14:34:00Z,u_0306_s01,ins_u_0306_006,"{""completed_at"": ""2026-06-01T14:43:00Z""}",v2.2.0-healthy
evt_000253,u_0307,signup_started,2026-06-01T14:34:00Z,u_0307_s01,ins_u_0307_001,{},v2.2.0-healthy
evt_000254,u_0261,onboarding_step_viewed,2026-06-01T14:35:00Z,u_0261_s01,ins_u_0261_004,{},v2.2.0-healthy
evt_000255,u_0307,signup_completed,2026-06-01T14:39:00Z,u_0307_s01,ins_u_0307_002,{},v2.2.0-healthy
evt_000256,u_0730,signup_started,2026-06-01T14:39:00Z,u_0730_s01,ins_u_0730_001,{},v2.2.0-healthy
evt_000257,u_0730,signup_completed,2026-06-01T14:46:00Z,u_0730_s01,ins_u_0730_002,{},v2.2.0-healthy
evt_000258,u_0307,profile_saved,2026-06-01T14:47:00Z,u_0307_s01,ins_u_0307_003,{},v2.2.0-healthy
evt_000259,u_0730,profile_saved,2026-06-01T14:49:00Z,u_0730_s01,ins_u_0730_003,{},v2.2.0-healthy
evt_000260,u_0730,error_shown,2026-06-01T14:50:00Z,u_0730_s01,ins_u_0730_004,"{""code"": ""onboarding_timeout""}",v2.2.0-healthy
evt_000261,u_0730,onboarding_step_viewed,2026-06-01T14:51:00Z,u_0730_s01,ins_u_0730_005,{},v2.2.0-healthy
evt_000262,u_0261,feature_used,2026-06-01T14:52:00Z,u_0261_s01,ins_u_0261_005,"{""feature"": ""insights""}",v2.2.0-healthy
evt_000263,u_0307,onboarding_step_viewed,2026-06-01T14:53:00Z,u_0307_s01,ins_u_0307_004,{},v2.2.0-healthy
evt_000264,u_0261,onboarding_completed,2026-06-01T14:59:00Z,u_0261_s01,ins_u_0261_006,"{""completed_at"": ""2026-06-01T14:56:00Z""}",v2.2.0-healthy
evt_000265,u_0517,signup_started,2026-06-01T15:02:00Z,u_0517_s01,ins_u_0517_001,{},v2.2.0-healthy
evt_000266,u_0697,signup_started,2026-06-01T15:02:00Z,u_0697_s01,ins_u_0697_001,{},v2.2.0-healthy
evt_000267,u_0151,signup_started,2026-06-01T15:03:00Z,u_0151_s01,ins_u_0151_001,{},v2.2.0-healthy
evt_000268,u_0270,signup_started,2026-06-01T15:04:00Z,u_0270_s01,ins_u_0270_001,{},v2.2.0-healthy
evt_000269,u_0307,feature_used,2026-06-01T15:05:00Z,u_0307_s01,ins_u_0307_005,"{""feature"": ""insights""}",v2.2.0-healthy
evt_000270,u_0517,signup_completed,2026-06-01T15:05:00Z,u_0517_s01,ins_u_0517_002,{},v2.2.0-healthy
evt_000271,u_0560,signup_started,2026-06-01T15:06:00Z,u_0560_s01,ins_u_0560_001,{},v2.2.0-healthy
evt_000272,u_0697,signup_completed,2026-06-01T15:06:00Z,u_0697_s01,ins_u_0697_002,{},v2.2.0-healthy
evt_000273,u_0270,signup_completed,2026-06-01T15:08:00Z,u_0270_s01,ins_u_0270_002,{},v2.2.0-healthy
evt_000274,u_0517,profile_saved,2026-06-01T15:09:00Z,u_0517_s01,ins_u_0517_003,{},v2.2.0-healthy
evt_000275,u_0151,signup_completed,2026-06-01T15:10:00Z,u_0151_s01,ins_u_0151_002,{},v2.2.0-healthy
evt_000276,u_0697,session_abandoned,2026-06-01T15:10:00Z,u_0697_s01,ins_u_0697_003,{},v2.2.0-healthy
evt_000277,u_0306,activation_completed,2026-06-01T15:12:00Z,u_0306_s01,ins_u_0306_007,{},v2.2.0-healthy
evt_000278,u_0560,signup_completed,2026-06-01T15:13:00Z,u_0560_s01,ins_u_0560_002,{},v2.2.0-healthy
evt_000279,u_0517,onboarding_step_viewed,2026-06-01T15:15:00Z,u_0517_s01,ins_u_0517_004,{},v2.2.0-healthy
evt_000280,u_0270,profile_saved,2026-06-01T15:17:00Z,u_0270_s01,ins_u_0270_003,{},v2.2.0-healthy
evt_000281,u_0560,profile_saved,2026-06-01T15:18:00Z,u_0560_s01,ins_u_0560_003,{},v2.2.0-healthy
evt_000282,u_0151,profile_saved,2026-06-01T15:19:00Z,u_0151_s01,ins_u_0151_003,{},v2.2.0-healthy
evt_000283,u_0151,onboarding_step_viewed,2026-06-01T15:21:00Z,u_0151_s01,ins_u_0151_004,{},v2.2.0-healthy
evt_000284,u_0270,onboarding_step_viewed,2026-06-01T15:23:00Z,u_0270_s01,ins_u_0270_004,{},v2.2.0-healthy
evt_000285,u_0560,onboarding_step_viewed,2026-06-01T15:24:00Z,u_0560_s01,ins_u_0560_004,{},v2.2.0-healthy
evt_000286,u_0307,onboarding_completed,2026-06-01T15:26:00Z,u_0307_s01,ins_u_0307_006,"{""completed_at"": ""2026-06-01T15:22:00Z""}",v2.2.0-healthy
evt_000287,u_0730,onboarding_completed,2026-06-01T15:26:00Z,u_0730_s01,ins_u_0730_006,"{""completed_at"": ""2026-06-01T15:23:00Z""}",v2.2.0-healthy
evt_000288,u_0517,feature_used,2026-06-01T15:27:00Z,u_0517_s01,ins_u_0517_005,"{""feature"": ""insights""}",v2.2.0-healthy
evt_000289,u_0288,signup_started,2026-06-01T15:28:00Z,u_0288_s01,ins_u_0288_001,{},v2.2.0-healthy
evt_000290,u_0151,feature_used,2026-06-01T15:33:00Z,u_0151_s01,ins_u_0151_005,"{""feature"": ""insights""}",v2.2.0-healthy
evt_000291,u_0560,feature_used,2026-06-01T15:33:00Z,u_0560_s01,ins_u_0560_005,"{""feature"": ""board""}",v2.2.0-healthy
evt_000292,u_0607,signup_started,2026-06-01T15:33:00Z,u_0607_s01,ins_u_0607_001,{},v2.2.0-healthy
evt_000293,u_0270,feature_used,2026-06-01T15:34:00Z,u_0270_s01,ins_u_0270_005,"{""feature"": ""board""}",v2.2.0-healthy
evt_000294,u_0607,signup_completed,2026-06-01T15:34:00Z,u_0607_s01,ins_u_0607_002,{},v2.2.0-healthy
evt_000295,u_0288,signup_completed,2026-06-01T15:35:00Z,u_0288_s01,ins_u_0288_002,{},v2.2.0-healthy
evt_000296,u_0165,signup_started,2026-06-01T15:37:00Z,u_0165_s01,ins_u_0165_001,{},v2.2.0-healthy
evt_000297,u_0288,profile_saved,2026-06-01T15:37:00Z,u_0288_s01,ins_u_0288_003,{},v2.2.0-healthy
evt_000298,u_0476,signup_started,2026-06-01T15:38:00Z,u_0476_s01,ins_u_0476_001,{},v2.2.0-healthy
evt_000299,u_0165,signup_completed,2026-06-01T15:39:00Z,u_0165_s01,ins_u_0165_002,{},v2.2.0-healthy
evt_000300,u_0288,onboarding_step_viewed,2026-06-01T15:39:00Z,u_0288_s01,ins_u_0288_004,{},v2.2.0-healthy
evt_000301,u_0607,profile_saved,2026-06-01T15:39:00Z,u_0607_s01,ins_u_0607_003,{},v2.2.0-healthy
evt_000302,u_0239,signup_started,2026-06-01T15:40:00Z,u_0239_s01,ins_u_0239_001,{},v2.2.0-healthy
evt_000303,u_0165,profile_saved,2026-06-01T15:43:00Z,u_0165_s01,ins_u_0165_003,{},v2.2.0-healthy
evt_000304,u_0476,signup_completed,2026-06-01T15:43:00Z,u_0476_s01,ins_u_0476_002,{},v2.2.0-healthy
evt_000305,u_0730,activation_completed,2026-06-01T15:43:00Z,u_0730_s01,ins_u_0730_007,{},v2.2.0-healthy
evt_000306,u_0165,onboarding_step_viewed,2026-06-01T15:47:00Z,u_0165_s01,ins_u_0165_004,{},v2.2.0-healthy
evt_000307,u_0476,profile_saved,2026-06-01T15:47:00Z,u_0476_s01,ins_u_0476_003,{},v2.2.0-healthy
evt_000308,u_0239,signup_completed,2026-06-01T15:48:00Z,u_0239_s01,ins_u_0239_002,{},v2.2.0-healthy
evt_000309,u_0239,profile_saved,2026-06-01T15:50:00Z,u_0239_s01,ins_u_0239_003,{},v2.2.0-healthy
evt_000310,u_0517,onboarding_completed,2026-06-01T15:51:00Z,u_0517_s01,ins_u_0517_006,"{""completed_at"": ""2026-06-01T15:39:00Z""}",v2.2.0-healthy
evt_000311,u_0571,signup_started,2026-06-01T15:51:00Z,u_0571_s01,ins_u_0571_001,{},v2.2.0-healthy
evt_000312,u_0307,activation_completed,2026-06-01T15:52:00Z,u_0307_s01,ins_u_0307_007,{},v2.2.0-healthy
evt_000313,u_0239,onboarding_step_viewed,2026-06-01T15:53:00Z,u_0239_s01,ins_u_0239_004,{},v2.2.0-healthy
evt_000314,u_0476,onboarding_step_viewed,2026-06-01T15:53:00Z,u_0476_s01,ins_u_0476_004,{},v2.2.0-healthy
evt_000315,u_0571,signup_completed,2026-06-01T15:53:00Z,u_0571_s01,ins_u_0571_002,{},v2.2.0-healthy
evt_000316,u_0560,onboarding_completed,2026-06-01T15:55:00Z,u_0560_s01,ins_u_0560_006,"{""completed_at"": ""2026-06-01T15:47:00Z""}",v2.2.0-healthy
evt_000317,u_0270,onboarding_completed,2026-06-01T15:56:00Z,u_0270_s01,ins_u_0270_006,"{""completed_at"": ""2026-06-01T15:55:00Z""}",v2.2.0-healthy
evt_000318,u_0288,feature_used,2026-06-01T15:58:00Z,u_0288_s01,ins_u_0288_005,"{""feature"": ""board""}",v2.2.0-healthy
evt_000319,u_0571,session_abandoned,2026-06-01T15:58:00Z,u_0571_s01,ins_u_0571_003,{},v2.2.0-healthy
evt_000320,u_0540,signup_started,2026-06-01T16:02:00Z,u_0540_s01,ins_u_0540_001,{},v2.2.0-healthy
evt_000321,u_0239,feature_used,2026-06-01T16:07:00Z,u_0239_s01,ins_u_0239_005,"{""feature"": ""insights""}",v2.2.0-healthy
evt_000322,u_0540,signup_completed,2026-06-01T16:09:00Z,u_0540_s01,ins_u_0540_002,{},v2.2.0-healthy
evt_000323,u_0607,onboarding_completed,2026-06-01T16:11:00Z,u_0607_s01,ins_u_0607_004,"{""completed_at"": ""2026-06-01T16:13:00Z""}",v2.2.0-healthy
evt_000324,u_0288,onboarding_completed,2026-06-01T16:16:00Z,u_0288_s01,ins_u_0288_006,"{""completed_at"": ""2026-06-01T16:08:00Z""}",v2.2.0-healthy
evt_000325,u_0203,signup_started,2026-06-01T16:17:00Z,u_0203_s01,ins_u_0203_001,{},v2.2.0-healthy
evt_000326,u_0540,profile_saved,2026-06-01T16:18:00Z,u_0540_s01,ins_u_0540_003,{},v2.2.0-healthy
evt_000327,u_0476,onboarding_completed,2026-06-01T16:20:00Z,u_0476_s01,ins_u_0476_005,"{""completed_at"": ""2026-06-01T16:26:00Z""}",v2.2.0-healthy
evt_000328,u_0540,onboarding_step_viewed,2026-06-01T16:20:00Z,u_0540_s01,ins_u_0540_004,{},v2.2.0-healthy
evt_000329,u_0203,signup_completed,2026-06-01T16:24:00Z,u_0203_s01,ins_u_0203_002,{},v2.2.0-healthy
evt_000330,u_0374,signup_started,2026-06-01T16:24:00Z,u_0374_s01,ins_u_0374_001,{},v2.2.0-healthy
evt_000331,u_0165,onboarding_completed,2026-06-01T16:25:00Z,u_0165_s01,ins_u_0165_005,"{""completed_at"": ""2026-06-01T16:23:00Z""}",v2.2.0-healthy
evt_000332,u_0540,feature_used,2026-06-01T16:25:00Z,u_0540_s01,ins_u_0540_005,"{""feature"": ""board""}",v2.2.0-healthy
evt_000333,u_0239,onboarding_completed,2026-06-01T16:26:00Z,u_0239_s01,ins_u_0239_006,"{""completed_at"": ""2026-06-01T16:25:00Z""}",v2.2.0-healthy
evt_000334,u_0374,signup_completed,2026-06-01T16:30:00Z,u_0374_s01,ins_u_0374_002,{},v2.2.0-healthy
evt_000335,u_0002,signup_started,2026-06-01T16:31:00Z,u_0002_s01,ins_u_0002_001,{},v2.2.0-healthy
evt_000336,u_0288,activation_completed,2026-06-01T16:31:00Z,u_0288_s01,ins_u_0288_007,{},v2.2.0-healthy
evt_000337,u_0740,signup_started,2026-06-01T16:33:00Z,u_0740_s01,ins_u_0740_001,{},v2.2.0-healthy
evt_000338,u_0203,profile_saved,2026-06-01T16:34:00Z,u_0203_s01,ins_u_0203_003,{},v2.2.0-healthy
evt_000339,u_0740,signup_completed,2026-06-01T16:34:00Z,u_0740_s01,ins_u_0740_002,{},v2.2.0-healthy
evt_000340,u_0203,error_shown,2026-06-01T16:35:00Z,u_0203_s01,ins_u_0203_004,"{""code"": ""onboarding_timeout""}",v2.2.0-healthy
evt_000341,u_0685,signup_started,2026-06-01T16:35:00Z,u_0685_s01,ins_u_0685_001,{},v2.2.0-healthy
evt_000342,u_0165,activation_completed,2026-06-01T16:36:00Z,u_0165_s01,ins_u_0165_006,{},v2.2.0-healthy
evt_000343,u_0203,onboarding_step_viewed,2026-06-01T16:37:00Z,u_0203_s01,ins_u_0203_005,{},v2.2.0-healthy
evt_000344,u_0374,session_abandoned,2026-06-01T16:37:00Z,u_0374_s01,ins_u_0374_003,{},v2.2.0-healthy
evt_000345,u_0002,signup_completed,2026-06-01T16:38:00Z,u_0002_s01,ins_u_0002_002,{},v2.2.0-healthy
evt_000346,u_0685,signup_completed,2026-06-01T16:39:00Z,u_0685_s01,ins_u_0685_002,{},v2.2.0-healthy
evt_000347,u_0740,session_abandoned,2026-06-01T16:40:00Z,u_0740_s01,ins_u_0740_003,{},v2.2.0-healthy
evt_000348,u_0002,profile_saved,2026-06-01T16:41:00Z,u_0002_s01,ins_u_0002_003,{},v2.2.0-healthy
evt_000349,u_0214,signup_started,2026-06-01T16:41:00Z,u_0214_s01,ins_u_0214_001,{},v2.2.0-healthy
evt_000350,u_0239,activation_completed,2026-06-01T16:41:00Z,u_0239_s01,ins_u_0239_007,{},v2.2.0-healthy
evt_000351,u_0002,onboarding_step_viewed,2026-06-01T16:46:00Z,u_0002_s01,ins_u_0002_004,{},v2.2.0-healthy
evt_000352,u_0203,feature_used,2026-06-01T16:46:00Z,u_0203_s01,ins_u_0203_006,"{""feature"": ""insights""}",v2.2.0-healthy
evt_000353,u_0638,signup_started,2026-06-01T16:47:00Z,u_0638_s01,ins_u_0638_001,{},v2.2.0-healthy
evt_000354,u_0214,signup_completed,2026-06-01T16:49:00Z,u_0214_s01,ins_u_0214_002,{},v2.2.0-healthy
evt_000355,u_0685,profile_saved,2026-06-01T16:49:00Z,u_0685_s01,ins_u_0685_003,{},v2.2.0-healthy
evt_000356,u_0387,signup_started,2026-06-01T16:50:00Z,u_0387_s01,ins_u_0387_001,{},v2.2.0-healthy
evt_000357,u_0638,signup_completed,2026-06-01T16:51:00Z,u_0638_s01,ins_u_0638_002,{},v2.2.0-healthy
evt_000358,u_0422,signup_started,2026-06-01T16:52:00Z,u_0422_s01,ins_u_0422_001,{},v2.2.0-healthy
evt_000359,u_0387,signup_completed,2026-06-01T16:53:00Z,u_0387_s01,ins_u_0387_002,{},v2.2.0-healthy
evt_000360,u_0638,profile_saved,2026-06-01T16:53:00Z,u_0638_s01,ins_u_0638_003,{},v2.2.0-healthy
evt_000361,u_0685,onboarding_step_viewed,2026-06-01T16:53:00Z,u_0685_s01,ins_u_0685_004,{},v2.2.0-healthy
evt_000362,u_0002,feature_used,2026-06-01T16:55:00Z,u_0002_s01,ins_u_0002_005,"{""feature"": ""board""}",v2.2.0-healthy
evt_000363,u_0476,activation_completed,2026-06-01T16:56:00Z,u_0476_s01,ins_u_0476_006,{},v2.2.0-healthy
evt_000364,u_0214,session_abandoned,2026-06-01T16:58:00Z,u_0214_s01,ins_u_0214_003,{},v2.2.0-healthy
evt_000365,u_0422,signup_completed,2026-06-01T16:58:00Z,u_0422_s01,ins_u_0422_002,{},v2.2.0-healthy
evt_000366,u_0387,session_abandoned,2026-06-01T17:02:00Z,u_0387_s01,ins_u_0387_003,{},v2.2.0-healthy
evt_000367,u_0455,signup_started,2026-06-01T17:02:00Z,u_0455_s01,ins_u_0455_001,{},v2.2.0-healthy
evt_000368,u_0685,feature_used,2026-06-01T17:03:00Z,u_0685_s01,ins_u_0685_005,"{""feature"": ""insights""}",v2.2.0-healthy
evt_000369,u_0422,session_abandoned,2026-06-01T17:06:00Z,u_0422_s01,ins_u_0422_003,{},v2.2.0-healthy
evt_000370,u_0455,signup_completed,2026-06-01T17:09:00Z,u_0455_s01,ins_u_0455_002,{},v2.2.0-healthy
evt_000371,u_0243,signup_started,2026-06-01T17:11:00Z,u_0243_s01,ins_u_0243_001,{},v2.2.0-healthy
evt_000372,u_0528,signup_started,2026-06-01T17:11:00Z,u_0528_s01,ins_u_0528_001,{},v2.2.0-healthy
evt_000373,u_0528,signup_completed,2026-06-01T17:12:00Z,u_0528_s01,ins_u_0528_002,{},v2.2.0-healthy
evt_000374,u_0455,session_abandoned,2026-06-01T17:15:00Z,u_0455_s01,ins_u_0455_003,{},v2.2.0-healthy
evt_000375,u_0250,signup_started,2026-06-01T17:16:00Z,u_0250_s01,ins_u_0250_001,{},v2.2.0-healthy
evt_000376,u_0528,profile_saved,2026-06-01T17:16:00Z,u_0528_s01,ins_u_0528_003,{},v2.2.0-healthy
evt_000377,u_0243,signup_completed,2026-06-01T17:17:00Z,u_0243_s01,ins_u_0243_002,{},v2.2.0-healthy
evt_000378,u_0002,onboarding_completed,2026-06-01T17:18:00Z,u_0002_s01,ins_u_0002_006,"{""completed_at"": ""2026-06-01T17:09:00Z""}",v2.2.0-healthy
evt_000379,u_0528,onboarding_step_viewed,2026-06-01T17:18:00Z,u_0528_s01,ins_u_0528_004,{},v2.2.0-healthy
evt_000380,u_0237,signup_started,2026-06-01T17:20:00Z,u_0237_s01,ins_u_0237_001,{},v2.2.0-healthy
evt_000381,u_0250,signup_completed,2026-06-01T17:21:00Z,u_0250_s01,ins_u_0250_002,{},v2.2.0-healthy
evt_000382,u_0638,onboarding_completed,2026-06-01T17:24:00Z,u_0638_s01,ins_u_0638_004,"{""completed_at"": ""2026-06-01T17:27:00Z""}",v2.2.0-healthy
evt_000383,u_0243,profile_saved,2026-06-01T17:25:00Z,u_0243_s01,ins_u_0243_003,{},v2.2.0-healthy
evt_000384,u_0243,onboarding_step_viewed,2026-06-01T17:27:00Z,u_0243_s01,ins_u_0243_004,{},v2.2.0-healthy
evt_000385,u_0250,profile_saved,2026-06-01T17:27:00Z,u_0250_s01,ins_u_0250_003,{},v2.2.0-healthy
evt_000386,u_0237,signup_completed,2026-06-01T17:28:00Z,u_0237_s01,ins_u_0237_002,{},v2.2.0-healthy
evt_000387,u_0250,error_shown,2026-06-01T17:28:00Z,u_0250_s01,ins_u_0250_004,"{""code"": ""onboarding_timeout""}",v2.2.0-healthy
evt_000388,u_0685,onboarding_completed,2026-06-01T17:28:00Z,u_0685_s01,ins_u_0685_006,"{""completed_at"": ""2026-06-01T17:20:00Z""}",v2.2.0-healthy
evt_000389,u_0250,onboarding_step_viewed,2026-06-01T17:32:00Z,u_0250_s01,ins_u_0250_005,{},v2.2.0-healthy
evt_000390,u_0528,feature_used,2026-06-01T17:34:00Z,u_0528_s01,ins_u_0528_005,"{""feature"": ""board""}",v2.2.0-healthy
evt_000391,u_0237,profile_saved,2026-06-01T17:35:00Z,u_0237_s01,ins_u_0237_003,{},v2.2.0-healthy
evt_000392,u_0237,onboarding_step_viewed,2026-06-01T17:38:00Z,u_0237_s01,ins_u_0237_004,{},v2.2.0-healthy
evt_000393,u_0250,feature_used,2026-06-01T17:40:00Z,u_0250_s01,ins_u_0250_006,"{""feature"": ""board""}",v2.2.0-healthy
evt_000394,u_0243,feature_used,2026-06-01T17:47:00Z,u_0243_s01,ins_u_0243_005,"{""feature"": ""insights""}",v2.2.0-healthy
evt_000395,u_0528,onboarding_completed,2026-06-01T17:52:00Z,u_0528_s01,ins_u_0528_006,"{""completed_at"": ""2026-06-01T17:49:00Z""}",v2.2.0-healthy
evt_000396,u_0638,activation_completed,2026-06-01T17:53:00Z,u_0638_s01,ins_u_0638_005,{},v2.2.0-healthy
evt_000397,u_0639,signup_started,2026-06-01T17:59:00Z,u_0639_s01,ins_u_0639_001,{},v2.2.0-healthy
evt_000398,u_0639,signup_completed,2026-06-01T18:00:00Z,u_0639_s01,ins_u_0639_002,{},v2.2.0-healthy
evt_000399,u_0032,signup_started,2026-06-01T18:01:00Z,u_0032_s01,ins_u_0032_001,{},v2.2.0-healthy
evt_000400,u_0047,signup_started,2026-06-01T18:01:00Z,u_0047_s01,ins_u_0047_001,{},v2.2.0-healthy
evt_000401,u_0237,onboarding_completed,2026-06-01T18:01:00Z,u_0237_s01,ins_u_0237_005,"{""completed_at"": ""2026-06-01T18:09:00Z""}",v2.2.0-healthy
evt_000402,u_0243,onboarding_completed,2026-06-01T18:02:00Z,u_0243_s01,ins_u_0243_006,"{""completed_at"": ""2026-06-01T18:03:00Z""}",v2.2.0-healthy
evt_000403,u_0032,signup_completed,2026-06-01T18:03:00Z,u_0032_s01,ins_u_0032_002,{},v2.2.0-healthy
evt_000404,u_0250,onboarding_completed,2026-06-01T18:03:00Z,u_0250_s01,ins_u_0250_007,"{""completed_at"": ""2026-06-01T17:55:00Z""}",v2.2.0-healthy
evt_000405,u_0639,session_abandoned,2026-06-01T18:05:00Z,u_0639_s01,ins_u_0639_003,{},v2.2.0-healthy
evt_000406,u_0047,session_abandoned,2026-06-01T18:06:00Z,u_0047_s01,ins_u_0047_002,{},v2.2.0-healthy
evt_000407,u_0685,activation_completed,2026-06-01T18:08:00Z,u_0685_s01,ins_u_0685_007,{},v2.2.0-healthy
evt_000408,u_0032,profile_saved,2026-06-01T18:11:00Z,u_0032_s01,ins_u_0032_003,{},v2.2.0-healthy
evt_000409,u_0216,signup_started,2026-06-01T18:12:00Z,u_0216_s01,ins_u_0216_001,{},v2.2.0-healthy
evt_000410,u_0216,signup_completed,2026-06-01T18:14:00Z,u_0216_s01,ins_u_0216_002,{},v2.2.0-healthy
evt_000411,u_0528,activation_completed,2026-06-01T18:17:00Z,u_0528_s01,ins_u_0528_007,{},v2.2.0-healthy
evt_000412,u_0032,feature_used,2026-06-01T18:18:00Z,u_0032_s01,ins_u_0032_004,"{""feature"": ""board""}",v2.2.0-healthy
evt_000413,u_0559,signup_started,2026-06-01T18:22:00Z,u_0559_s01,ins_u_0559_001,{},v2.2.0-healthy
evt_000414,u_0216,profile_saved,2026-06-01T18:24:00Z,u_0216_s01,ins_u_0216_003,{},v2.2.0-healthy
evt_000415,u_0559,session_abandoned,2026-06-01T18:28:00Z,u_0559_s01,ins_u_0559_002,{},v2.2.0-healthy
evt_000416,u_0613,signup_started,2026-06-01T18:29:00Z,u_0613_s01,ins_u_0613_001,{},v2.2.0-healthy
evt_000417,u_0216,onboarding_step_viewed,2026-06-01T18:30:00Z,u_0216_s01,ins_u_0216_004,{},v2.2.0-healthy
evt_000418,u_0613,signup_completed,2026-06-01T18:31:00Z,u_0613_s01,ins_u_0613_002,{},v2.2.0-healthy
evt_000419,u_0613,session_abandoned,2026-06-01T18:38:00Z,u_0613_s01,ins_u_0613_003,{},v2.2.0-healthy
evt_000420,u_0216,feature_used,2026-06-01T18:39:00Z,u_0216_s01,ins_u_0216_005,"{""feature"": ""board""}",v2.2.0-healthy
evt_000421,u_0411,signup_started,2026-06-01T18:51:00Z,u_0411_s01,ins_u_0411_001,{},v2.2.0-healthy
evt_000422,u_0360,signup_started,2026-06-01T18:52:00Z,u_0360_s01,ins_u_0360_001,{},v2.2.0-healthy
evt_000423,u_0237,activation_completed,2026-06-01T18:53:00Z,u_0237_s01,ins_u_0237_006,{},v2.2.0-healthy
evt_000424,u_0411,signup_completed,2026-06-01T18:53:00Z,u_0411_s01,ins_u_0411_002,{},v2.2.0-healthy
evt_000425,u_0431,signup_started,2026-06-01T18:54:00Z,u_0431_s01,ins_u_0431_001,{},v2.2.0-healthy
evt_000426,u_0032,onboarding_completed,2026-06-01T18:55:00Z,u_0032_s01,ins_u_0032_005,"{""completed_at"": ""2026-06-01T18:40:00Z""}",v2.2.0-healthy
evt_000427,u_0360,signup_completed,2026-06-01T18:55:00Z,u_0360_s01,ins_u_0360_002,{},v2.2.0-healthy
evt_000428,u_0411,session_abandoned,2026-06-01T18:57:00Z,u_0411_s01,ins_u_0411_003,{},v2.2.0-healthy
evt_000429,u_0032,activation_completed,2026-06-01T18:59:00Z,u_0032_s01,ins_u_0032_006,{},v2.2.0-healthy
evt_000430,u_0360,session_abandoned,2026-06-01T18:59:00Z,u_0360_s01,ins_u_0360_003,{},v2.2.0-healthy
evt_000431,u_0431,signup_completed,2026-06-01T19:00:00Z,u_0431_s01,ins_u_0431_002,{},v2.2.0-healthy
evt_000432,u_0216,onboarding_completed,2026-06-01T19:01:00Z,u_0216_s01,ins_u_0216_006,"{""completed_at"": ""2026-06-01T19:02:00Z""}",v2.2.0-healthy
evt_000433,u_0431,session_abandoned,2026-06-01T19:05:00Z,u_0431_s01,ins_u_0431_003,{},v2.2.0-healthy
evt_000434,u_0479,signup_started,2026-06-01T19:12:00Z,u_0479_s01,ins_u_0479_001,{},v2.2.0-healthy
evt_000435,u_0479,signup_completed,2026-06-01T19:16:00Z,u_0479_s01,ins_u_0479_002,{},v2.2.0-healthy
evt_000436,u_0479,profile_saved,2026-06-01T19:22:00Z,u_0479_s01,ins_u_0479_003,{},v2.2.0-healthy
evt_000437,u_0479,onboarding_step_viewed,2026-06-01T19:25:00Z,u_0479_s01,ins_u_0479_004,{},v2.2.0-healthy
evt_000438,u_0588,signup_started,2026-06-01T19:26:00Z,u_0588_s01,ins_u_0588_001,{},v2.2.0-healthy
evt_000439,u_0588,session_abandoned,2026-06-01T19:27:00Z,u_0588_s01,ins_u_0588_002,{},v2.2.0-healthy
evt_000440,u_0715,signup_started,2026-06-01T19:31:00Z,u_0715_s01,ins_u_0715_001,{},v2.2.0-healthy
evt_000441,u_0216,activation_completed,2026-06-01T19:36:00Z,u_0216_s01,ins_u_0216_007,{},v2.2.0-healthy
evt_000442,u_0715,session_abandoned,2026-06-01T19:37:00Z,u_0715_s01,ins_u_0715_002,{},v2.2.0-healthy
evt_000443,u_0557,signup_started,2026-06-01T19:40:00Z,u_0557_s01,ins_u_0557_001,{},v2.2.0-healthy
evt_000444,u_0479,feature_used,2026-06-01T19:43:00Z,u_0479_s01,ins_u_0479_005,"{""feature"": ""insights""}",v2.2.0-healthy
evt_000445,u_0557,signup_completed,2026-06-01T19:43:00Z,u_0557_s01,ins_u_0557_002,{},v2.2.0-healthy
evt_000446,u_0557,profile_saved,2026-06-01T19:46:00Z,u_0557_s01,ins_u_0557_003,{},v2.2.0-healthy
evt_000447,u_0741,signup_started,2026-06-01T19:46:00Z,u_0741_s01,ins_u_0741_001,{},v2.2.0-healthy
evt_000448,u_0557,onboarding_step_viewed,2026-06-01T19:48:00Z,u_0557_s01,ins_u_0557_004,{},v2.2.0-healthy
evt_000449,u_0741,signup_completed,2026-06-01T19:48:00Z,u_0741_s01,ins_u_0741_002,{},v2.2.0-healthy
evt_000450,u_0741,profile_saved,2026-06-01T19:53:00Z,u_0741_s01,ins_u_0741_003,{},v2.2.0-healthy
evt_000451,u_0557,feature_used,2026-06-01T19:55:00Z,u_0557_s01,ins_u_0557_005,"{""feature"": ""insights""}",v2.2.0-healthy
evt_000452,u_0201,signup_started,2026-06-01T19:58:00Z,u_0201_s01,ins_u_0201_001,{},v2.2.0-healthy
evt_000453,u_0741,onboarding_step_viewed,2026-06-01T19:58:00Z,u_0741_s01,ins_u_0741_004,{},v2.2.0-healthy
evt_000454,u_0201,signup_completed,2026-06-01T20:00:00Z,u_0201_s01,ins_u_0201_002,{},v2.2.0-healthy
evt_000455,u_0713,signup_started,2026-06-01T20:00:00Z,u_0713_s01,ins_u_0713_001,{},v2.2.0-healthy
evt_000456,u_0713,signup_completed,2026-06-01T20:03:00Z,u_0713_s01,ins_u_0713_002,{},v2.2.0-healthy
evt_000457,u_0479,onboarding_completed,2026-06-01T20:06:00Z,u_0479_s01,ins_u_0479_006,"{""completed_at"": ""2026-06-01T19:56:00Z""}",v2.2.0-healthy
evt_000458,u_0445,signup_started,2026-06-01T20:07:00Z,u_0445_s01,ins_u_0445_001,{},v2.2.0-healthy
evt_000459,u_0713,profile_saved,2026-06-01T20:08:00Z,u_0713_s01,ins_u_0713_003,{},v2.2.0-healthy
evt_000460,u_0201,profile_saved,2026-06-01T20:09:00Z,u_0201_s01,ins_u_0201_003,{},v2.2.0-healthy
evt_000461,u_0059,signup_started,2026-06-01T20:11:00Z,u_0059_s01,ins_u_0059_001,{},v2.2.0-healthy
evt_000462,u_0201,onboarding_step_viewed,2026-06-01T20:12:00Z,u_0201_s01,ins_u_0201_004,{},v2.2.0-healthy
evt_000463,u_0741,feature_used,2026-06-01T20:13:00Z,u_0741_s01,ins_u_0741_005,"{""feature"": ""insights""}",v2.2.0-healthy
evt_000464,u_0713,onboarding_step_viewed,2026-06-01T20:14:00Z,u_0713_s01,ins_u_0713_004,{},v2.2.0-healthy
evt_000465,u_0445,signup_completed,2026-06-01T20:15:00Z,u_0445_s01,ins_u_0445_002,{},v2.2.0-healthy
evt_000466,u_0059,session_abandoned,2026-06-01T20:17:00Z,u_0059_s01,ins_u_0059_002,{},v2.2.0-healthy
evt_000467,u_0347,signup_started,2026-06-01T20:17:00Z,u_0347_s01,ins_u_0347_001,{},v2.2.0-healthy
evt_000468,u_0445,profile_saved,2026-06-01T20:21:00Z,u_0445_s01,ins_u_0445_003,{},v2.2.0-healthy
evt_000469,u_0347,signup_completed,2026-06-01T20:22:00Z,u_0347_s01,ins_u_0347_002,{},v2.2.0-healthy
evt_000470,u_0445,onboarding_step_viewed,2026-06-01T20:27:00Z,u_0445_s01,ins_u_0445_004,{},v2.2.0-healthy
evt_000471,u_0347,profile_saved,2026-06-01T20:28:00Z,u_0347_s01,ins_u_0347_003,{},v2.2.0-healthy
evt_000472,u_0557,onboarding_completed,2026-06-01T20:29:00Z,u_0557_s01,ins_u_0557_006,"{""completed_at"": ""2026-06-01T20:18:00Z""}",v2.2.0-healthy
evt_000473,u_0741,onboarding_completed,2026-06-01T20:35:00Z,u_0741_s01,ins_u_0741_006,"{""completed_at"": ""2026-06-01T20:24:00Z""}",v2.2.0-healthy
evt_000474,u_0666,signup_started,2026-06-01T20:37:00Z,u_0666_s01,ins_u_0666_001,{},v2.2.0-healthy
evt_000475,u_0118,signup_started,2026-06-01T20:41:00Z,u_0118_s01,ins_u_0118_001,{},v2.2.0-healthy
evt_000476,u_0666,signup_completed,2026-06-01T20:41:00Z,u_0666_s01,ins_u_0666_002,{},v2.2.0-healthy
evt_000477,u_0480,signup_started,2026-06-01T20:45:00Z,u_0480_s01,ins_u_0480_001,{},v2.2.0-healthy
evt_000478,u_0118,signup_completed,2026-06-01T20:46:00Z,u_0118_s01,ins_u_0118_002,{},v2.2.0-healthy
evt_000479,u_0201,onboarding_completed,2026-06-01T20:47:00Z,u_0201_s01,ins_u_0201_005,"{""completed_at"": ""2026-06-01T20:43:00Z""}",v2.2.0-healthy
evt_000480,u_0480,signup_completed,2026-06-01T20:47:00Z,u_0480_s01,ins_u_0480_002,{},v2.2.0-healthy
evt_000481,u_0118,profile_saved,2026-06-01T20:49:00Z,u_0118_s01,ins_u_0118_003,{},v2.2.0-healthy
evt_000482,u_0557,activation_completed,2026-06-01T20:49:00Z,u_0557_s01,ins_u_0557_007,{},v2.2.0-healthy
evt_000483,u_0666,session_abandoned,2026-06-01T20:50:00Z,u_0666_s01,ins_u_0666_003,{},v2.2.0-healthy
evt_000484,u_0118,onboarding_step_viewed,2026-06-01T20:55:00Z,u_0118_s01,ins_u_0118_004,{},v2.2.0-healthy
evt_000485,u_0480,profile_saved,2026-06-01T20:56:00Z,u_0480_s01,ins_u_0480_003,{},v2.2.0-healthy
evt_000486,u_0445,onboarding_completed,2026-06-01T20:57:00Z,u_0445_s01,ins_u_0445_005,"{""completed_at"": ""2026-06-01T20:57:00Z""}",v2.2.0-healthy
evt_000487,u_0480,onboarding_step_viewed,2026-06-01T20:59:00Z,u_0480_s01,ins_u_0480_004,{},v2.2.0-healthy
evt_000488,u_0118,feature_used,2026-06-01T21:04:00Z,u_0118_s01,ins_u_0118_005,"{""feature"": ""board""}",v2.2.0-healthy
evt_000489,u_0347,onboarding_completed,2026-06-01T21:10:00Z,u_0347_s01,ins_u_0347_004,"{""completed_at"": ""2026-06-01T20:55:00Z""}",v2.2.0-healthy
evt_000490,u_0480,onboarding_completed,2026-06-01T21:22:00Z,u_0480_s01,ins_u_0480_005,"{""completed_at"": ""2026-06-01T21:29:00Z""}",v2.2.0-healthy
evt_000491,u_0201,activation_completed,2026-06-01T21:25:00Z,u_0201_s01,ins_u_0201_006,{},v2.2.0-healthy
evt_000492,u_0118,onboarding_completed,2026-06-01T21:29:00Z,u_0118_s01,ins_u_0118_006,"{""completed_at"": ""2026-06-01T21:26:00Z""}",v2.2.0-healthy
evt_000493,u_0445,activation_completed,2026-06-01T21:41:00Z,u_0445_s01,ins_u_0445_006,{},v2.2.0-healthy
evt_000494,u_0347,activation_completed,2026-06-01T21:46:00Z,u_0347_s01,ins_u_0347_005,{},v2.2.0-healthy
evt_000495,u_0480,activation_completed,2026-06-01T22:11:00Z,u_0480_s01,ins_u_0480_006,{},v2.2.0-healthy
evt_000496,u_0704,signup_started,2026-06-02T08:01:00Z,u_0704_s01,ins_u_0704_001,{},v2.2.0-healthy
evt_000497,u_0310,signup_started,2026-06-02T08:02:00Z,u_0310_s01,ins_u_0310_001,{},v2.2.0-healthy
evt_000498,u_0310,signup_completed,2026-06-02T08:04:00Z,u_0310_s01,ins_u_0310_002,{},v2.2.0-healthy
evt_000499,u_0310,profile_saved,2026-06-02T08:06:00Z,u_0310_s01,ins_u_0310_003,{},v2.2.0-healthy
evt_000500,u_0704,signup_completed,2026-06-02T08:08:00Z,u_0704_s01,ins_u_0704_002,{},v2.2.0-healthy
evt_000501,u_0310,onboarding_step_viewed,2026-06-02T08:09:00Z,u_0310_s01,ins_u_0310_004,{},v2.2.0-healthy
evt_000502,u_0704,profile_saved,2026-06-02T08:11:00Z,u_0704_s01,ins_u_0704_003,{},v2.2.0-healthy
evt_000503,u_0682,signup_started,2026-06-02T08:13:00Z,u_0682_s01,ins_u_0682_001,{},v2.2.0-healthy
evt_000504,u_0704,onboarding_step_viewed,2026-06-02T08:14:00Z,u_0704_s01,ins_u_0704_004,{},v2.2.0-healthy
evt_000505,u_0309,signup_started,2026-06-02T08:16:00Z,u_0309_s01,ins_u_0309_001,{},v2.2.0-healthy
evt_000506,u_0682,signup_completed,2026-06-02T08:16:00Z,u_0682_s01,ins_u_0682_002,{},v2.2.0-healthy
evt_000507,u_0310,feature_used,2026-06-02T08:18:00Z,u_0310_s01,ins_u_0310_005,"{""feature"": ""board""}",v2.2.0-healthy
evt_000508,u_0704,feature_used,2026-06-02T08:21:00Z,u_0704_s01,ins_u_0704_005,"{""feature"": ""board""}",v2.2.0-healthy
evt_000509,u_0309,signup_completed,2026-06-02T08:22:00Z,u_0309_s01,ins_u_0309_002,{},v2.2.0-healthy
evt_000510,u_0682,session_abandoned,2026-06-02T08:22:00Z,u_0682_s01,ins_u_0682_003,{},v2.2.0-healthy
evt_000511,u_0309,profile_saved,2026-06-02T08:26:00Z,u_0309_s01,ins_u_0309_003,{},v2.2.0-healthy
evt_000512,u_0412,signup_started,2026-06-02T08:28:00Z,u_0412_s01,ins_u_0412_001,{},v2.2.0-healthy
evt_000513,u_0309,onboarding_step_viewed,2026-06-02T08:31:00Z,u_0309_s01,ins_u_0309_004,{},v2.2.0-healthy
evt_000514,u_0412,signup_completed,2026-06-02T08:32:00Z,u_0412_s01,ins_u_0412_002,{},v2.2.0-healthy
evt_000515,u_0309,feature_used,2026-06-02T08:34:00Z,u_0309_s01,ins_u_0309_005,"{""feature"": ""insights""}",v2.2.0-healthy
evt_000516,u_0091,signup_started,2026-06-02T08:37:00Z,u_0091_s01,ins_u_0091_001,{},v2.2.0-healthy
evt_000517,u_0412,profile_saved,2026-06-02T08:37:00Z,u_0412_s01,ins_u_0412_003,{},v2.2.0-healthy
evt_000518,u_0412,onboarding_step_viewed,2026-06-02T08:42:00Z,u_0412_s01,ins_u_0412_004,{},v2.2.0-healthy
evt_000519,u_0091,signup_completed,2026-06-02T08:43:00Z,u_0091_s01,ins_u_0091_002,{},v2.2.0-healthy
evt_000520,u_0412,feature_used,2026-06-02T08:45:00Z,u_0412_s01,ins_u_0412_005,"{""feature"": ""board""}",v2.2.0-healthy
evt_000521,u_0704,onboarding_completed,2026-06-02T08:45:00Z,u_0704_s01,ins_u_0704_006,"{""completed_at"": ""2026-06-02T08:46:00Z""}",v2.2.0-healthy
evt_000522,u_0091,profile_saved,2026-06-02T08:49:00Z,u_0091_s01,ins_u_0091_003,{},v2.2.0-healthy
evt_000523,u_0091,error_shown,2026-06-02T08:50:00Z,u_0091_s01,ins_u_0091_004,"{""code"": ""onboarding_timeout""}",v2.2.0-healthy
evt_000524,u_0310,onboarding_completed,2026-06-02T08:50:00Z,u_0310_s01,ins_u_0310_006,"{""completed_at"": ""2026-06-02T08:34:00Z""}",v2.2.0-healthy
evt_000525,u_0091,onboarding_step_viewed,2026-06-02T08:54:00Z,u_0091_s01,ins_u_0091_005,{},v2.2.0-healthy
evt_000526,u_0420,signup_started,2026-06-02T09:02:00Z,u_0420_s01,ins_u_0420_001,{},v2.2.0-healthy
evt_000527,u_0626,signup_started,2026-06-02T09:02:00Z,u_0626_s01,ins_u_0626_001,{},v2.2.0-healthy
evt_000528,u_0749,signup_started,2026-06-02T09:04:00Z,u_0749_s01,ins_u_0749_001,{},v2.2.0-healthy
evt_000529,u_0704,activation_completed,2026-06-02T09:05:00Z,u_0704_s01,ins_u_0704_007,{},v2.2.0-healthy
evt_000530,u_0449,signup_started,2026-06-02T09:08:00Z,u_0449_s01,ins_u_0449_001,{},v2.2.0-healthy
evt_000531,u_0626,signup_completed,2026-06-02T09:08:00Z,u_0626_s01,ins_u_0626_002,{},v2.2.0-healthy
evt_000532,u_0230,signup_started,2026-06-02T09:09:00Z,u_0230_s01,ins_u_0230_001,{},v2.2.0-healthy
evt_000533,u_0371,signup_started,2026-06-02T09:09:00Z,u_0371_s01,ins_u_0371_001,{},v2.2.0-healthy
evt_000534,u_0309,onboarding_completed,2026-06-02T09:10:00Z,u_0309_s01,ins_u_0309_006,"{""completed_at"": ""2026-06-02T08:57:00Z""}",v2.2.0-healthy
evt_000535,u_0371,signup_completed,2026-06-02T09:10:00Z,u_0371_s01,ins_u_0371_002,{},v2.2.0-healthy
evt_000536,u_0420,signup_completed,2026-06-02T09:10:00Z,u_0420_s01,ins_u_0420_002,{},v2.2.0-healthy
evt_000537,u_0749,signup_completed,2026-06-02T09:10:00Z,u_0749_s01,ins_u_0749_002,{},v2.2.0-healthy
evt_000538,u_0420,profile_saved,2026-06-02T09:12:00Z,u_0420_s01,ins_u_0420_003,{},v2.2.0-healthy
evt_000539,u_0449,signup_completed,2026-06-02T09:14:00Z,u_0449_s01,ins_u_0449_002,{},v2.2.0-healthy
evt_000540,u_0371,profile_saved,2026-06-02T09:15:00Z,u_0371_s01,ins_u_0371_003,{},v2.2.0-healthy
evt_000541,u_0626,profile_saved,2026-06-02T09:15:00Z,u_0626_s01,ins_u_0626_003,{},v2.2.0-healthy
evt_000542,u_0420,onboarding_step_viewed,2026-06-02T09:16:00Z,u_0420_s01,ins_u_0420_004,{},v2.2.0-healthy
evt_000543,u_0230,signup_completed,2026-06-02T09:17:00Z,u_0230_s01,ins_u_0230_002,{},v2.2.0-healthy
evt_000544,u_0626,onboarding_step_viewed,2026-06-02T09:18:00Z,u_0626_s01,ins_u_0626_004,{},v2.2.0-healthy
evt_000545,u_0449,session_abandoned,2026-06-02T09:19:00Z,u_0449_s01,ins_u_0449_003,{},v2.2.0-healthy
evt_000546,u_0749,session_abandoned,2026-06-02T09:19:00Z,u_0749_s01,ins_u_0749_003,{},v2.2.0-healthy
evt_000547,u_0010,signup_started,2026-06-02T09:20:00Z,u_0010_s01,ins_u_0010_001,{},v2.2.0-healthy
evt_000548,u_0412,onboarding_completed,2026-06-02T09:20:00Z,u_0412_s01,ins_u_0412_006,"{""completed_at"": ""2026-06-02T09:08:00Z""}",v2.2.0-healthy
evt_000549,u_0371,onboarding_step_viewed,2026-06-02T09:21:00Z,u_0371_s01,ins_u_0371_004,{},v2.2.0-healthy
evt_000550,u_0010,signup_completed,2026-06-02T09:22:00Z,u_0010_s01,ins_u_0010_002,{},v2.2.0-healthy
evt_000551,u_0048,signup_started,2026-06-02T09:23:00Z,u_0048_s01,ins_u_0048_001,{},v2.2.0-healthy
evt_000552,u_0230,profile_saved,2026-06-02T09:23:00Z,u_0230_s01,ins_u_0230_003,{},v2.2.0-healthy
evt_000553,u_0230,onboarding_step_viewed,2026-06-02T09:25:00Z,u_0230_s01,ins_u_0230_004,{},v2.2.0-healthy
evt_000554,u_0091,onboarding_completed,2026-06-02T09:26:00Z,u_0091_s01,ins_u_0091_006,"{""completed_at"": ""2026-06-02T09:21:00Z""}",v2.2.0-healthy
evt_000555,u_0626,feature_used,2026-06-02T09:27:00Z,u_0626_s01,ins_u_0626_005,"{""feature"": ""board""}",v2.2.0-healthy
evt_000556,u_0048,signup_completed,2026-06-02T09:28:00Z,u_0048_s01,ins_u_0048_002,{},v2.2.0-healthy
evt_000557,u_0309,activation_completed,2026-06-02T09:30:00Z,u_0309_s01,ins_u_0309_007,{},v2.2.0-healthy
evt_000558,u_0010,session_abandoned,2026-06-02T09:31:00Z,u_0010_s01,ins_u_0010_003,{},v2.2.0-healthy
evt_000559,u_0420,feature_used,2026-06-02T09:31:00Z,u_0420_s01,ins_u_0420_005,"{""feature"": ""board""}",v2.2.0-healthy
evt_000560,u_0030,signup_started,2026-06-02T09:32:00Z,u_0030_s01,ins_u_0030_001,{},v2.2.0-healthy
evt_000561,u_0115,signup_started,2026-06-02T09:32:00Z,u_0115_s01,ins_u_0115_001,{},v2.2.0-healthy
evt_000562,u_0030,signup_completed,2026-06-02T09:35:00Z,u_0030_s01,ins_u_0030_002,{},v2.2.0-healthy
evt_000563,u_0115,signup_completed,2026-06-02T09:35:00Z,u_0115_s01,ins_u_0115_002,{},v2.2.0-healthy
evt_000564,u_0030,profile_saved,2026-06-02T09:37:00Z,u_0030_s01,ins_u_0030_003,{},v2.2.0-healthy
evt_000565,u_0068,signup_started,2026-06-02T09:37:00Z,u_0068_s01,ins_u_0068_001,{},v2.2.0-healthy
evt_000566,u_0048,profile_saved,2026-06-02T09:38:00Z,u_0048_s01,ins_u_0048_003,{},v2.2.0-healthy
evt_000567,u_0030,onboarding_step_viewed,2026-06-02T09:39:00Z,u_0030_s01,ins_u_0030_004,{},v2.2.0-healthy
evt_000568,u_0115,profile_saved,2026-06-02T09:39:00Z,u_0115_s01,ins_u_0115_003,{},v2.2.0-healthy
evt_000569,u_0048,onboarding_step_viewed,2026-06-02T09:42:00Z,u_0048_s01,ins_u_0048_004,{},v2.2.0-healthy
evt_000570,u_0068,signup_completed,2026-06-02T09:44:00Z,u_0068_s01,ins_u_0068_002,{},v2.2.0-healthy
evt_000571,u_0626,onboarding_completed,2026-06-02T09:45:00Z,u_0626_s01,ins_u_0626_006,"{""completed_at"": ""2026-06-02T09:52:00Z""}",v2.2.0-healthy
evt_000572,u_0230,feature_used,2026-06-02T09:46:00Z,u_0230_s01,ins_u_0230_005,"{""feature"": ""board""}",v2.2.0-healthy
evt_000573,u_0371,onboarding_completed,2026-06-02T09:46:00Z,u_0371_s01,ins_u_0371_005,"{""completed_at"": ""2026-06-02T09:46:00Z""}",v2.2.0-healthy
evt_000574,u_0025,signup_started,2026-06-02T09:47:00Z,u_0025_s01,ins_u_0025_001,{},v2.2.0-healthy
evt_000575,u_0030,feature_used,2026-06-02T09:47:00Z,u_0030_s01,ins_u_0030_005,"{""feature"": ""board""}",v2.2.0-healthy
evt_000576,u_0068,profile_saved,2026-06-02T09:48:00Z,u_0068_s01,ins_u_0068_003,{},v2.2.0-healthy
evt_000577,u_0048,feature_used,2026-06-02T09:50:00Z,u_0048_s01,ins_u_0048_005,"{""feature"": ""board""}",v2.2.0-healthy
evt_000578,u_0230,onboarding_completed,2026-06-02T09:50:00Z,u_0230_s01,ins_u_0230_006,"{""completed_at"": ""2026-06-02T09:53:00Z""}",v2.2.0-healthy
evt_000579,u_0025,signup_completed,2026-06-02T09:51:00Z,u_0025_s01,ins_u_0025_002,{},v2.2.0-healthy
evt_000580,u_0068,onboarding_step_viewed,2026-06-02T09:51:00Z,u_0068_s01,ins_u_0068_004,{},v2.2.0-healthy
evt_000581,u_0025,profile_saved,2026-06-02T10:00:00Z,u_0025_s01,ins_u_0025_003,{},v2.2.0-healthy
evt_000582,u_0760,signup_started,2026-06-02T10:00:00Z,u_0760_s01,ins_u_0760_001,{},v2.2.0-healthy
evt_000583,u_0760,session_abandoned,2026-06-02T10:01:00Z,u_0760_s01,ins_u_0760_002,{},v2.2.0-healthy
evt_000584,u_0371,activation_completed,2026-06-02T10:02:00Z,u_0371_s01,ins_u_0371_006,{},v2.2.0-healthy
evt_000585,u_0115,feature_used,2026-06-02T10:03:00Z,u_0115_s01,ins_u_0115_004,"{""feature"": ""insights""}",v2.2.0-healthy
evt_000586,u_0520,signup_started,2026-06-02T10:04:00Z,u_0520_s01,ins_u_0520_001,{},v2.2.0-healthy
evt_000587,u_0520,signup_completed,2026-06-02T10:05:00Z,u_0520_s01,ins_u_0520_002,{},v2.2.0-healthy
evt_000588,u_0025,onboarding_step_viewed,2026-06-02T10:06:00Z,u_0025_s01,ins_u_0025_004,{},v2.2.0-healthy
evt_000589,u_0520,profile_saved,2026-06-02T10:08:00Z,u_0520_s01,ins_u_0520_003,{},v2.2.0-healthy
evt_000590,u_0048,onboarding_completed,2026-06-02T10:11:00Z,u_0048_s01,ins_u_0048_006,"{""completed_at"": ""2026-06-02T10:12:00Z""}",v2.2.0-healthy
evt_000591,u_0068,feature_used,2026-06-02T10:11:00Z,u_0068_s01,ins_u_0068_005,"{""feature"": ""board""}",v2.2.0-healthy
evt_000592,u_0520,onboarding_step_viewed,2026-06-02T10:11:00Z,u_0520_s01,ins_u_0520_004,{},v2.2.0-healthy
evt_000593,u_0030,onboarding_completed,2026-06-02T10:12:00Z,u_0030_s01,ins_u_0030_006,"{""completed_at"": ""2026-06-02T10:07:00Z""}",v2.2.0-healthy
evt_000594,u_0731,signup_started,2026-06-02T10:15:00Z,u_0731_s01,ins_u_0731_001,{},v2.2.0-healthy
evt_000595,u_0159,signup_started,2026-06-02T10:17:00Z,u_0159_s01,ins_u_0159_001,{},v2.2.0-healthy
evt_000596,u_0731,signup_completed,2026-06-02T10:17:00Z,u_0731_s01,ins_u_0731_002,{},v2.2.0-healthy
evt_000597,u_0159,signup_completed,2026-06-02T10:21:00Z,u_0159_s01,ins_u_0159_002,{},v2.2.0-healthy
evt_000598,u_0509,signup_started,2026-06-02T10:21:00Z,u_0509_s01,ins_u_0509_001,{},v2.2.0-healthy
evt_000599,u_0485,signup_started,2026-06-02T10:22:00Z,u_0485_s01,ins_u_0485_001,{},v2.2.0-healthy
evt_000600,u_0731,session_abandoned,2026-06-02T10:25:00Z,u_0731_s01,ins_u_0731_003,{},v2.2.0-healthy
evt_000601,u_0509,session_abandoned,2026-06-02T10:26:00Z,u_0509_s01,ins_u_0509_002,{},v2.2.0-healthy
evt_000602,u_0485,session_abandoned,2026-06-02T10:29:00Z,u_0485_s01,ins_u_0485_002,{},v2.2.0-healthy
evt_000603,u_0264,signup_started,2026-06-02T10:30:00Z,u_0264_s01,ins_u_0264_001,{},v2.2.0-healthy
evt_000604,u_0159,profile_saved,2026-06-02T10:31:00Z,u_0159_s01,ins_u_0159_003,{},v2.2.0-healthy
evt_000605,u_0068,onboarding_completed,2026-06-02T10:33:00Z,u_0068_s01,ins_u_0068_006,"{""completed_at"": ""2026-06-02T10:25:00Z""}",v2.2.0-healthy
evt_000606,u_0267,signup_started,2026-06-02T10:33:00Z,u_0267_s01,ins_u_0267_001,{},v2.2.0-healthy
evt_000607,u_0159,onboarding_step_viewed,2026-06-02T10:35:00Z,u_0159_s01,ins_u_0159_004,{},v2.2.0-healthy
evt_000608,u_0626,activation_completed,2026-06-02T10:35:00Z,u_0626_s01,ins_u_0626_007,{},v2.2.0-healthy
evt_000609,u_0264,signup_completed,2026-06-02T10:37:00Z,u_0264_s01,ins_u_0264_002,{},v2.2.0-healthy
evt_000610,u_0319,signup_started,2026-06-02T10:38:00Z,u_0319_s01,ins_u_0319_001,{},v2.2.0-healthy
evt_000611,u_0264,profile_saved,2026-06-02T10:40:00Z,u_0264_s01,ins_u_0264_003,{},v2.2.0-healthy
evt_000612,u_0319,signup_completed,2026-06-02T10:40:00Z,u_0319_s01,ins_u_0319_002,{},v2.2.0-healthy
evt_000613,u_0267,signup_completed,2026-06-02T10:41:00Z,u_0267_s01,ins_u_0267_002,{},v2.2.0-healthy
evt_000614,u_0520,onboarding_completed,2026-06-02T10:43:00Z,u_0520_s01,ins_u_0520_005,"{""completed_at"": ""2026-06-02T10:34:00Z""}",v2.2.0-healthy
evt_000615,u_0264,onboarding_step_viewed,2026-06-02T10:45:00Z,u_0264_s01,ins_u_0264_004,{},v2.2.0-healthy
evt_000616,u_0068,activation_completed,2026-06-02T10:46:00Z,u_0068_s01,ins_u_0068_007,{},v2.2.0-healthy
evt_000617,u_0267,profile_saved,2026-06-02T10:46:00Z,u_0267_s01,ins_u_0267_003,{},v2.2.0-healthy
evt_000618,u_0319,profile_saved,2026-06-02T10:49:00Z,u_0319_s01,ins_u_0319_003,{},v2.2.0-healthy
evt_000619,u_0259,signup_started,2026-06-02T10:51:00Z,u_0259_s01,ins_u_0259_001,{},v2.2.0-healthy
evt_000620,u_0267,onboarding_step_viewed,2026-06-02T10:52:00Z,u_0267_s01,ins_u_0267_004,{},v2.2.0-healthy
evt_000621,u_0319,onboarding_step_viewed,2026-06-02T10:52:00Z,u_0319_s01,ins_u_0319_004,{},v2.2.0-healthy
evt_000622,u_0136,signup_started,2026-06-02T10:55:00Z,u_0136_s01,ins_u_0136_001,{},v2.2.0-healthy
evt_000623,u_0159,feature_used,2026-06-02T10:56:00Z,u_0159_s01,ins_u_0159_005,"{""feature"": ""insights""}",v2.2.0-healthy
evt_000624,u_0782,signup_started,2026-06-02T10:58:00Z,u_0782_s01,ins_u_0782_001,{},v2.2.0-healthy
evt_000625,u_0159,onboarding_completed,2026-06-02T10:59:00Z,u_0159_s01,ins_u_0159_006,"{""completed_at"": ""2026-06-02T11:01:00Z""}",v2.2.0-healthy
evt_000626,u_0259,signup_completed,2026-06-02T10:59:00Z,u_0259_s01,ins_u_0259_002,{},v2.2.0-healthy
evt_000627,u_0782,signup_completed,2026-06-02T10:59:00Z,u_0782_s01,ins_u_0782_002,{},v2.2.0-healthy
evt_000628,u_0035,signup_started,2026-06-02T11:00:00Z,u_0035_s01,ins_u_0035_001,{},v2.2.0-healthy
evt_000629,u_0400,signup_started,2026-06-02T11:01:00Z,u_0400_s01,ins_u_0400_001,{},v2.2.0-healthy
evt_000630,u_0136,signup_completed,2026-06-02T11:02:00Z,u_0136_s01,ins_u_0136_002,{},v2.2.0-healthy
evt_000631,u_0400,signup_completed,2026-06-02T11:02:00Z,u_0400_s01,ins_u_0400_002,{},v2.2.0-healthy
evt_000632,u_0753,signup_started,2026-06-02T11:03:00Z,u_0753_s01,ins_u_0753_001,{},v2.2.0-healthy
evt_000633,u_0264,feature_used,2026-06-02T11:05:00Z,u_0264_s01,ins_u_0264_005,"{""feature"": ""board""}",v2.2.0-healthy
evt_000634,u_0267,feature_used,2026-06-02T11:06:00Z,u_0267_s01,ins_u_0267_005,"{""feature"": ""insights""}",v2.2.0-healthy
evt_000635,u_0035,signup_completed,2026-06-02T11:07:00Z,u_0035_s01,ins_u_0035_002,{},v2.2.0-healthy
evt_000636,u_0264,onboarding_completed,2026-06-02T11:08:00Z,u_0264_s01,ins_u_0264_006,"{""completed_at"": ""2026-06-02T11:15:00Z""}",v2.2.0-healthy
evt_000637,u_0136,profile_saved,2026-06-02T11:09:00Z,u_0136_s01,ins_u_0136_003,{},v2.2.0-healthy
evt_000638,u_0259,profile_saved,2026-06-02T11:09:00Z,u_0259_s01,ins_u_0259_003,{},v2.2.0-healthy
evt_000639,u_0319,feature_used,2026-06-02T11:09:00Z,u_0319_s01,ins_u_0319_005,"{""feature"": ""insights""}",v2.2.0-healthy
evt_000640,u_0400,session_abandoned,2026-06-02T11:09:00Z,u_0400_s01,ins_u_0400_003,{},v2.2.0-healthy
evt_000641,u_0753,signup_completed,2026-06-02T11:09:00Z,u_0753_s01,ins_u_0753_002,{},v2.2.0-healthy
evt_000642,u_0782,profile_saved,2026-06-02T11:09:00Z,u_0782_s01,ins_u_0782_003,{},v2.2.0-healthy
evt_000643,u_0035,profile_saved,2026-06-02T11:11:00Z,u_0035_s01,ins_u_0035_003,{},v2.2.0-healthy
evt_000644,u_0782,onboarding_step_viewed,2026-06-02T11:12:00Z,u_0782_s01,ins_u_0782_004,{},v2.2.0-healthy
evt_000645,u_0136,onboarding_step_viewed,2026-06-02T11:15:00Z,u_0136_s01,ins_u_0136_004,{},v2.2.0-healthy
evt_000646,u_0259,onboarding_step_viewed,2026-06-02T11:15:00Z,u_0259_s01,ins_u_0259_004,{},v2.2.0-healthy
evt_000647,u_0520,activation_completed,2026-06-02T11:15:00Z,u_0520_s01,ins_u_0520_006,{},v2.2.0-healthy
evt_000648,u_0035,onboarding_step_viewed,2026-06-02T11:16:00Z,u_0035_s01,ins_u_0035_004,{},v2.2.0-healthy
evt_000649,u_0108,signup_started,2026-06-02T11:16:00Z,u_0108_s01,ins_u_0108_001,{},v2.2.0-healthy
evt_000650,u_0753,profile_saved,2026-06-02T11:19:00Z,u_0753_s01,ins_u_0753_003,{},v2.2.0-healthy
evt_000651,u_0108,signup_completed,2026-06-02T11:21:00Z,u_0108_s01,ins_u_0108_002,{},v2.2.0-healthy
evt_000652,u_0753,onboarding_step_viewed,2026-06-02T11:21:00Z,u_0753_s01,ins_u_0753_004,{},v2.2.0-healthy
evt_000653,u_0319,onboarding_completed,2026-06-02T11:22:00Z,u_0319_s01,ins_u_0319_006,"{""completed_at"": ""2026-06-02T11:19:00Z""}",v2.2.0-healthy
evt_000654,u_0292,signup_started,2026-06-02T11:23:00Z,u_0292_s01,ins_u_0292_001,{},v2.2.0-healthy
evt_000655,u_0108,profile_saved,2026-06-02T11:27:00Z,u_0108_s01,ins_u_0108_003,{},v2.2.0-healthy
evt_000656,u_0292,signup_completed,2026-06-02T11:30:00Z,u_0292_s01,ins_u_0292_002,{},v2.2.0-healthy
evt_000657,u_0105,signup_started,2026-06-02T11:31:00Z,u_0105_s01,ins_u_0105_001,{},v2.2.0-healthy
evt_000658,u_0267,onboarding_completed,2026-06-02T11:31:00Z,u_0267_s01,ins_u_0267_006,"{""completed_at"": ""2026-06-02T11:14:00Z""}",v2.2.0-healthy
evt_000659,u_0105,signup_completed,2026-06-02T11:32:00Z,u_0105_s01,ins_u_0105_002,{},v2.2.0-healthy
evt_000660,u_0136,feature_used,2026-06-02T11:33:00Z,u_0136_s01,ins_u_0136_005,"{""feature"": ""board""}",v2.2.0-healthy
evt_000661,u_0725,signup_started,2026-06-02T11:33:00Z,u_0725_s01,ins_u_0725_001,{},v2.2.0-healthy
evt_000662,u_0782,feature_used,2026-06-02T11:34:00Z,u_0782_s01,ins_u_0782_005,"{""feature"": ""board""}",v2.2.0-healthy
evt_000663,u_0159,activation_completed,2026-06-02T11:35:00Z,u_0159_s01,ins_u_0159_007,{},v2.2.0-healthy
evt_000664,u_0725,signup_completed,2026-06-02T11:35:00Z,u_0725_s01,ins_u_0725_002,{},v2.2.0-healthy
evt_000665,u_0753,feature_used,2026-06-02T11:37:00Z,u_0753_s01,ins_u_0753_005,"{""feature"": ""insights""}",v2.2.0-healthy
evt_000666,u_0292,session_abandoned,2026-06-02T11:38:00Z,u_0292_s01,ins_u_0292_003,{},v2.2.0-healthy
evt_000667,u_0586,signup_started,2026-06-02T11:38:00Z,u_0586_s01,ins_u_0586_001,{},v2.2.0-healthy
evt_000668,u_0586,session_abandoned,2026-06-02T11:39:00Z,u_0586_s01,ins_u_0586_002,{},v2.2.0-healthy
evt_000669,u_0105,session_abandoned,2026-06-02T11:40:00Z,u_0105_s01,ins_u_0105_003,{},v2.2.0-healthy
evt_000670,u_0259,onboarding_completed,2026-06-02T11:42:00Z,u_0259_s01,ins_u_0259_005,"{""completed_at"": ""2026-06-02T11:40:00Z""}",v2.2.0-healthy
evt_000671,u_0725,session_abandoned,2026-06-02T11:42:00Z,u_0725_s01,ins_u_0725_003,{},v2.2.0-healthy
evt_000672,u_0136,onboarding_completed,2026-06-02T11:45:00Z,u_0136_s01,ins_u_0136_006,"{""completed_at"": ""2026-06-02T11:48:00Z""}",v2.2.0-healthy
evt_000673,u_0576,signup_started,2026-06-02T11:45:00Z,u_0576_s01,ins_u_0576_001,{},v2.2.0-healthy
evt_000674,u_0035,onboarding_completed,2026-06-02T11:46:00Z,u_0035_s01,ins_u_0035_005,"{""completed_at"": ""2026-06-02T11:39:00Z""}",v2.2.0-healthy
evt_000675,u_0782,onboarding_completed,2026-06-02T11:47:00Z,u_0782_s01,ins_u_0782_006,"{""completed_at"": ""2026-06-02T11:38:00Z""}",v2.2.0-healthy
evt_000676,u_0382,signup_started,2026-06-02T11:50:00Z,u_0382_s01,ins_u_0382_001,{},v2.2.0-healthy
evt_000677,u_0576,signup_completed,2026-06-02T11:51:00Z,u_0576_s01,ins_u_0576_002,{},v2.2.0-healthy
evt_000678,u_0576,profile_saved,2026-06-02T11:57:00Z,u_0576_s01,ins_u_0576_003,{},v2.2.0-healthy
evt_000679,u_0382,signup_completed,2026-06-02T11:58:00Z,u_0382_s01,ins_u_0382_002,{},v2.2.0-healthy
evt_000680,u_0753,onboarding_completed,2026-06-02T12:00:00Z,u_0753_s01,ins_u_0753_006,"{""completed_at"": ""2026-06-02T11:57:00Z""}",v2.2.0-healthy
evt_000681,u_0259,activation_completed,2026-06-02T12:01:00Z,u_0259_s01,ins_u_0259_006,{},v2.2.0-healthy
evt_000682,u_0136,activation_completed,2026-06-02T12:02:00Z,u_0136_s01,ins_u_0136_007,{},v2.2.0-healthy
evt_000683,u_0350,signup_started,2026-06-02T12:02:00Z,u_0350_s01,ins_u_0350_001,{},v2.2.0-healthy
evt_000684,u_0576,onboarding_step_viewed,2026-06-02T12:02:00Z,u_0576_s01,ins_u_0576_004,{},v2.2.0-healthy
evt_000685,u_0382,profile_saved,2026-06-02T12:03:00Z,u_0382_s01,ins_u_0382_003,{},v2.2.0-healthy
evt_000686,u_0350,signup_completed,2026-06-02T12:05:00Z,u_0350_s01,ins_u_0350_002,{},v2.2.0-healthy
evt_000687,u_0242,signup_started,2026-06-02T12:07:00Z,u_0242_s01,ins_u_0242_001,{},v2.2.0-healthy
evt_000688,u_0242,session_abandoned,2026-06-02T12:08:00Z,u_0242_s01,ins_u_0242_002,{},v2.2.0-healthy
evt_000689,u_0108,onboarding_completed,2026-06-02T12:12:00Z,u_0108_s01,ins_u_0108_004,"{""completed_at"": ""2026-06-02T11:53:00Z""}",v2.2.0-healthy
evt_000690,u_0561,signup_started,2026-06-02T12:12:00Z,u_0561_s01,ins_u_0561_001,{},v2.2.0-healthy
evt_000691,u_0303,signup_started,2026-06-02T12:13:00Z,u_0303_s01,ins_u_0303_001,{},v2.2.0-healthy
evt_000692,u_0350,profile_saved,2026-06-02T12:14:00Z,u_0350_s01,ins_u_0350_003,{},v2.2.0-healthy
evt_000693,u_0303,signup_completed,2026-06-02T12:17:00Z,u_0303_s01,ins_u_0303_002,{},v2.2.0-healthy
evt_000694,u_0372,signup_started,2026-06-02T12:17:00Z,u_0372_s01,ins_u_0372_001,{},v2.2.0-healthy
evt_000695,u_0561,signup_completed,2026-06-02T12:19:00Z,u_0561_s01,ins_u_0561_002,{},v2.2.0-healthy
evt_000696,u_0350,onboarding_step_viewed,2026-06-02T12:20:00Z,u_0350_s01,ins_u_0350_004,{},v2.2.0-healthy
evt_000697,u_0382,feature_used,2026-06-02T12:20:00Z,u_0382_s01,ins_u_0382_004,"{""feature"": ""board""}",v2.2.0-healthy
evt_000698,u_0601,signup_started,2026-06-02T12:20:00Z,u_0601_s01,ins_u_0601_001,{},v2.2.0-healthy
evt_000699,u_0576,feature_used,2026-06-02T12:21:00Z,u_0576_s01,ins_u_0576_005,"{""feature"": ""board""}",v2.2.0-healthy
evt_000700,u_0108,activation_completed,2026-06-02T12:22:00Z,u_0108_s01,ins_u_0108_005,{},v2.2.0-healthy
evt_000701,u_0601,signup_completed,2026-06-02T12:23:00Z,u_0601_s01,ins_u_0601_002,{},v2.2.0-healthy
evt_000702,u_0372,signup_completed,2026-06-02T12:24:00Z,u_0372_s01,ins_u_0372_002,{},v2.2.0-healthy
evt_000703,u_0303,profile_saved,2026-06-02T12:26:00Z,u_0303_s01,ins_u_0303_003,{},v2.2.0-healthy
evt_000704,u_0266,signup_started,2026-06-02T12:27:00Z,u_0266_s01,ins_u_0266_001,{},v2.2.0-healthy
evt_000705,u_0561,session_abandoned,2026-06-02T12:27:00Z,u_0561_s01,ins_u_0561_003,{},v2.2.0-healthy
evt_000706,u_0311,signup_started,2026-06-02T12:28:00Z,u_0311_s01,ins_u_0311_001,{},v2.2.0-healthy
evt_000707,u_0311,session_abandoned,2026-06-02T12:29:00Z,u_0311_s01,ins_u_0311_002,{},v2.2.0-healthy
evt_000708,u_0372,profile_saved,2026-06-02T12:29:00Z,u_0372_s01,ins_u_0372_003,{},v2.2.0-healthy
evt_000709,u_0782,activation_completed,2026-06-02T12:29:00Z,u_0782_s01,ins_u_0782_007,{},v2.2.0-healthy
evt_000710,u_0303,onboarding_step_viewed,2026-06-02T12:31:00Z,u_0303_s01,ins_u_0303_004,{},v2.2.0-healthy
evt_000711,u_0266,signup_completed,2026-06-02T12:32:00Z,u_0266_s01,ins_u_0266_002,{},v2.2.0-healthy
evt_000712,u_0601,session_abandoned,2026-06-02T12:32:00Z,u_0601_s01,ins_u_0601_003,{},v2.2.0-healthy
evt_000713,u_0303,feature_used,2026-06-02T12:34:00Z,u_0303_s01,ins_u_0303_005,"{""feature"": ""insights""}",v2.2.0-healthy
evt_000714,u_0576,onboarding_completed,2026-06-02T12:34:00Z,u_0576_s01,ins_u_0576_006,"{""completed_at"": ""2026-06-02T12:31:00Z""}",v2.2.0-healthy
evt_000715,u_0266,session_abandoned,2026-06-02T12:39:00Z,u_0266_s01,ins_u_0266_003,{},v2.2.0-healthy
evt_000716,u_0350,onboarding_completed,2026-06-02T12:41:00Z,u_0350_s01,ins_u_0350_005,"{""completed_at"": ""2026-06-02T12:45:00Z""}",v2.2.0-healthy
evt_000717,u_0372,feature_used,2026-06-02T12:41:00Z,u_0372_s01,ins_u_0372_004,"{""feature"": ""board""}",v2.2.0-healthy
evt_000718,u_0382,onboarding_completed,2026-06-02T12:44:00Z,u_0382_s01,ins_u_0382_005,"{""completed_at"": ""2026-06-02T12:36:00Z""}",v2.2.0-healthy
evt_000719,u_0366,signup_started,2026-06-02T12:53:00Z,u_0366_s01,ins_u_0366_001,{},v2.2.0-healthy
evt_000720,u_0303,onboarding_completed,2026-06-02T13:01:00Z,u_0303_s01,ins_u_0303_006,"{""completed_at"": ""2026-06-02T13:01:00Z""}",v2.2.0-healthy
evt_000721,u_0366,signup_completed,2026-06-02T13:01:00Z,u_0366_s01,ins_u_0366_002,{},v2.2.0-healthy
evt_000722,u_0581,signup_started,2026-06-02T13:04:00Z,u_0581_s01,ins_u_0581_001,{},v2.2.0-healthy
evt_000723,u_0581,signup_completed,2026-06-02T13:07:00Z,u_0581_s01,ins_u_0581_002,{},v2.2.0-healthy
evt_000724,u_0065,signup_started,2026-06-02T13:08:00Z,u_0065_s01,ins_u_0065_001,{},v2.2.0-healthy
evt_000725,u_0065,signup_completed,2026-06-02T13:09:00Z,u_0065_s01,ins_u_0065_002,{},v2.2.0-healthy
evt_000726,u_0344,signup_started,2026-06-02T13:09:00Z,u_0344_s01,ins_u_0344_001,{},v2.2.0-healthy
evt_000727,u_0716,signup_started,2026-06-02T13:09:00Z,u_0716_s01,ins_u_0716_001,{},v2.2.0-healthy
evt_000728,u_0366,session_abandoned,2026-06-02T13:10:00Z,u_0366_s01,ins_u_0366_003,{},v2.2.0-healthy
evt_000729,u_0576,activation_completed,2026-06-02T13:13:00Z,u_0576_s01,ins_u_0576_007,{},v2.2.0-healthy
evt_000730,u_0716,signup_completed,2026-06-02T13:13:00Z,u_0716_s01,ins_u_0716_002,{},v2.2.0-healthy
evt_000731,u_0065,session_abandoned,2026-06-02T13:14:00Z,u_0065_s01,ins_u_0065_003,{},v2.2.0-healthy
evt_000732,u_0344,signup_completed,2026-06-02T13:16:00Z,u_0344_s01,ins_u_0344_002,{},v2.2.0-healthy
evt_000733,u_0716,profile_saved,2026-06-02T13:16:00Z,u_0716_s01,ins_u_0716_003,{},v2.2.0-healthy
evt_000734,u_0778,signup_started,2026-06-02T13:16:00Z,u_0778_s01,ins_u_0778_001,{},v2.2.0-healthy
evt_000735,u_0581,profile_saved,2026-06-02T13:17:00Z,u_0581_s01,ins_u_0581_003,{},v2.2.0-healthy
evt_000736,u_0303,activation_completed,2026-06-02T13:18:00Z,u_0303_s01,ins_u_0303_007,{},v2.2.0-healthy
evt_000737,u_0350,activation_completed,2026-06-02T13:20:00Z,u_0350_s01,ins_u_0350_006,{},v2.2.0-healthy
evt_000738,u_0344,profile_saved,2026-06-02T13:21:00Z,u_0344_s01,ins_u_0344_003,{},v2.2.0-healthy
evt_000739,u_0372,activation_completed,2026-06-02T13:21:00Z,u_0372_s01,ins_u_0372_005,{},v2.2.0-healthy
evt_000740,u_0581,onboarding_step_viewed,2026-06-02T13:21:00Z,u_0581_s01,ins_u_0581_004,{},v2.2.0-healthy
evt_000741,u_0716,onboarding_step_viewed,2026-06-02T13:21:00Z,u_0716_s01,ins_u_0716_004,{},v2.2.0-healthy
evt_000742,u_0231,signup_started,2026-06-02T13:23:00Z,u_0231_s01,ins_u_0231_001,{},v2.2.0-healthy
evt_000743,u_0778,signup_completed,2026-06-02T13:23:00Z,u_0778_s01,ins_u_0778_002,{},v2.2.0-healthy
evt_000744,u_0180,signup_started,2026-06-02T13:24:00Z,u_0180_s01,ins_u_0180_001,{},v2.2.0-healthy
evt_000745,u_0344,onboarding_step_viewed,2026-06-02T13:24:00Z,u_0344_s01,ins_u_0344_004,{},v2.2.0-healthy
evt_000746,u_0716,feature_used,2026-06-02T13:24:00Z,u_0716_s01,ins_u_0716_005,"{""feature"": ""board""}",v2.2.0-healthy
evt_000747,u_0231,signup_completed,2026-06-02T13:28:00Z,u_0231_s01,ins_u_0231_002,{},v2.2.0-healthy
evt_000748,u_0778,profile_saved,2026-06-02T13:29:00Z,u_0778_s01,ins_u_0778_003,{},v2.2.0-healthy
evt_000749,u_0180,signup_completed,2026-06-02T13:30:00Z,u_0180_s01,ins_u_0180_002,{},v2.2.0-healthy
evt_000750,u_0155,signup_started,2026-06-02T13:32:00Z,u_0155_s01,ins_u_0155_001,{},v2.2.0-healthy
evt_000751,u_0180,profile_saved,2026-06-02T13:32:00Z,u_0180_s01,ins_u_0180_003,{},v2.2.0-healthy
evt_000752,u_0778,onboarding_step_viewed,2026-06-02T13:32:00Z,u_0778_s01,ins_u_0778_004,{},v2.2.0-healthy
evt_000753,u_0427,signup_started,2026-06-02T13:33:00Z,u_0427_s01,ins_u_0427_001,{},v2.2.0-healthy
evt_000754,u_0155,signup_completed,2026-06-02T13:35:00Z,u_0155_s01,ins_u_0155_002,{},v2.2.0-healthy
evt_000755,u_0427,signup_completed,2026-06-02T13:35:00Z,u_0427_s01,ins_u_0427_002,{},v2.2.0-healthy
evt_000756,u_0180,onboarding_step_viewed,2026-06-02T13:36:00Z,u_0180_s01,ins_u_0180_004,{},v2.2.0-healthy
evt_000757,u_0231,session_abandoned,2026-06-02T13:37:00Z,u_0231_s01,ins_u_0231_003,{},v2.2.0-healthy
evt_000758,u_0323,signup_started,2026-06-02T13:37:00Z,u_0323_s01,ins_u_0323_001,{},v2.2.0-healthy
evt_000759,u_0323,signup_completed,2026-06-02T13:38:00Z,u_0323_s01,ins_u_0323_002,{},v2.2.0-healthy
evt_000760,u_0257,signup_started,2026-06-02T13:40:00Z,u_0257_s01,ins_u_0257_001,{},v2.2.0-healthy
evt_000761,u_0286,signup_started,2026-06-02T13:40:00Z,u_0286_s01,ins_u_0286_001,{},v2.2.0-healthy
evt_000762,u_0155,profile_saved,2026-06-02T13:41:00Z,u_0155_s01,ins_u_0155_003,{},v2.2.0-healthy
evt_000763,u_0427,profile_saved,2026-06-02T13:41:00Z,u_0427_s01,ins_u_0427_003,{},v2.2.0-healthy
evt_000764,u_0581,feature_used,2026-06-02T13:42:00Z,u_0581_s01,ins_u_0581_005,"{""feature"": ""insights""}",v2.2.0-healthy
evt_000765,u_0155,onboarding_step_viewed,2026-06-02T13:43:00Z,u_0155_s01,ins_u_0155_004,{},v2.2.0-healthy
evt_000766,u_0257,signup_completed,2026-06-02T13:43:00Z,u_0257_s01,ins_u_0257_002,{},v2.2.0-healthy
evt_000767,u_0427,onboarding_step_viewed,2026-06-02T13:43:00Z,u_0427_s01,ins_u_0427_004,{},v2.2.0-healthy
evt_000768,u_0581,onboarding_completed,2026-06-02T13:43:00Z,u_0581_s01,ins_u_0581_006,"{""completed_at"": ""2026-06-02T13:56:00Z""}",v2.2.0-healthy
evt_000769,u_0061,signup_started,2026-06-02T13:44:00Z,u_0061_s01,ins_u_0061_001,{},v2.2.0-healthy
evt_000770,u_0716,onboarding_completed,2026-06-02T13:45:00Z,u_0716_s01,ins_u_0716_006,"{""completed_at"": ""2026-06-02T13:56:00Z""}",v2.2.0-healthy
evt_000771,u_0061,signup_completed,2026-06-02T13:46:00Z,u_0061_s01,ins_u_0061_002,{},v2.2.0-healthy
evt_000772,u_0257,profile_saved,2026-06-02T13:46:00Z,u_0257_s01,ins_u_0257_003,{},v2.2.0-healthy
evt_000773,u_0344,feature_used,2026-06-02T13:46:00Z,u_0344_s01,ins_u_0344_005,"{""feature"": ""board""}",v2.2.0-healthy
evt_000774,u_0253,signup_started,2026-06-02T13:47:00Z,u_0253_s01,ins_u_0253_001,{},v2.2.0-healthy
evt_000775,u_0286,signup_completed,2026-06-02T13:47:00Z,u_0286_s01,ins_u_0286_002,{},v2.2.0-healthy
evt_000776,u_0323,profile_saved,2026-06-02T13:47:00Z,u_0323_s01,ins_u_0323_003,{},v2.2.0-healthy
evt_000777,u_0323,onboarding_step_viewed,2026-06-02T13:49:00Z,u_0323_s01,ins_u_0323_004,{},v2.2.0-healthy
evt_000778,u_0229,signup_started,2026-06-02T13:50:00Z,u_0229_s01,ins_u_0229_001,{},v2.2.0-healthy
evt_000779,u_0257,onboarding_step_viewed,2026-06-02T13:50:00Z,u_0257_s01,ins_u_0257_004,{},v2.2.0-healthy
evt_000780,u_0286,profile_saved,2026-06-02T13:50:00Z,u_0286_s01,ins_u_0286_003,{},v2.2.0-healthy
evt_000781,u_0229,signup_completed,2026-06-02T13:51:00Z,u_0229_s01,ins_u_0229_002,{},v2.2.0-healthy
evt_000782,u_0427,feature_used,2026-06-02T13:51:00Z,u_0427_s01,ins_u_0427_005,"{""feature"": ""insights""}",v2.2.0-healthy
evt_000783,u_0778,feature_used,2026-06-02T13:52:00Z,u_0778_s01,ins_u_0778_005,"{""feature"": ""board""}",v2.2.0-healthy
evt_000784,u_0061,profile_saved,2026-06-02T13:54:00Z,u_0061_s01,ins_u_0061_003,{},v2.2.0-healthy
evt_000785,u_0253,signup_completed,2026-06-02T13:54:00Z,u_0253_s01,ins_u_0253_002,{},v2.2.0-healthy
evt_000786,u_0286,onboarding_step_viewed,2026-06-02T13:54:00Z,u_0286_s01,ins_u_0286_004,{},v2.2.0-healthy
evt_000787,u_0180,feature_used,2026-06-02T13:56:00Z,u_0180_s01,ins_u_0180_005,"{""feature"": ""board""}",v2.2.0-healthy
evt_000788,u_0257,feature_used,2026-06-02T13:56:00Z,u_0257_s01,ins_u_0257_005,"{""feature"": ""insights""}",v2.2.0-healthy
evt_000789,u_0494,signup_started,2026-06-02T13:57:00Z,u_0494_s01,ins_u_0494_001,{},v2.2.0-healthy
evt_000790,u_0061,onboarding_step_viewed,2026-06-02T13:58:00Z,u_0061_s01,ins_u_0061_004,{},v2.2.0-healthy
evt_000791,u_0125,signup_started,2026-06-02T14:00:00Z,u_0125_s01,ins_u_0125_001,{},v2.2.0-healthy
evt_000792,u_0344,onboarding_completed,2026-06-02T14:00:00Z,u_0344_s01,ins_u_0344_006,"{""completed_at"": ""2026-06-02T13:50:00Z""}",v2.2.0-healthy
evt_000793,u_0229,profile_saved,2026-06-02T14:01:00Z,u_0229_s01,ins_u_0229_003,{},v2.2.0-healthy
evt_000794,u_0253,profile_saved,2026-06-02T14:01:00Z,u_0253_s01,ins_u_0253_003,{},v2.2.0-healthy
evt_000795,u_0737,signup_started,2026-06-02T14:01:00Z,u_0737_s01,ins_u_0737_001,{},v2.2.0-healthy
evt_000796,u_0229,error_shown,2026-06-02T14:02:00Z,u_0229_s01,ins_u_0229_004,"{""code"": ""onboarding_timeout""}",v2.2.0-healthy
evt_000797,u_0125,signup_completed,2026-06-02T14:03:00Z,u_0125_s01,ins_u_0125_002,{},v2.2.0-healthy
evt_000798,u_0451,signup_started,2026-06-02T14:04:00Z,u_0451_s01,ins_u_0451_001,{},v2.2.0-healthy
evt_000799,u_0714,signup_started,2026-06-02T14:04:00Z,u_0714_s01,ins_u_0714_001,{},v2.2.0-healthy
evt_000800,u_0155,feature_used,2026-06-02T14:05:00Z,u_0155_s01,ins_u_0155_005,"{""feature"": ""insights""}",v2.2.0-healthy
evt_000801,u_0253,onboarding_step_viewed,2026-06-02T14:05:00Z,u_0253_s01,ins_u_0253_004,{},v2.2.0-healthy
evt_000802,u_0494,signup_completed,2026-06-02T14:05:00Z,u_0494_s01,ins_u_0494_002,{},v2.2.0-healthy
evt_000803,u_0229,onboarding_step_viewed,2026-06-02T14:06:00Z,u_0229_s01,ins_u_0229_005,{},v2.2.0-healthy
evt_000804,u_0714,session_abandoned,2026-06-02T14:06:00Z,u_0714_s01,ins_u_0714_002,{},v2.2.0-healthy
evt_000805,u_0737,session_abandoned,2026-06-02T14:06:00Z,u_0737_s01,ins_u_0737_002,{},v2.2.0-healthy
evt_000806,u_0026,signup_started,2026-06-02T14:07:00Z,u_0026_s01,ins_u_0026_001,{},v2.2.0-healthy
evt_000807,u_0393,signup_started,2026-06-02T14:07:00Z,u_0393_s01,ins_u_0393_001,{},v2.2.0-healthy
evt_000808,u_0451,signup_completed,2026-06-02T14:07:00Z,u_0451_s01,ins_u_0451_002,{},v2.2.0-healthy
evt_000809,u_0061,feature_used,2026-06-02T14:08:00Z,u_0061_s01,ins_u_0061_005,"{""feature"": ""insights""}",v2.2.0-healthy
evt_000810,u_0125,session_abandoned,2026-06-02T14:08:00Z,u_0125_s01,ins_u_0125_003,{},v2.2.0-healthy
evt_000811,u_0026,session_abandoned,2026-06-02T14:09:00Z,u_0026_s01,ins_u_0026_002,{},v2.2.0-healthy
evt_000812,u_0253,feature_used,2026-06-02T14:10:00Z,u_0253_s01,ins_u_0253_005,"{""feature"": ""insights""}",v2.2.0-healthy
evt_000813,u_0451,profile_saved,2026-06-02T14:11:00Z,u_0451_s01,ins_u_0451_003,{},v2.2.0-healthy
evt_000814,u_0494,profile_saved,2026-06-02T14:11:00Z,u_0494_s01,ins_u_0494_003,{},v2.2.0-healthy
evt_000815,u_0778,onboarding_completed,2026-06-02T14:11:00Z,u_0778_s01,ins_u_0778_006,"{""completed_at"": ""2026-06-02T14:08:00Z""}",v2.2.0-healthy
evt_000816,u_0257,onboarding_completed,2026-06-02T14:13:00Z,u_0257_s01,ins_u_0257_006,"{""completed_at"": ""2026-06-02T14:22:00Z""}",v2.2.0-healthy
evt_000817,u_0393,signup_completed,2026-06-02T14:13:00Z,u_0393_s01,ins_u_0393_002,{},v2.2.0-healthy
evt_000818,u_0323,onboarding_completed,2026-06-02T14:14:00Z,u_0323_s01,ins_u_0323_005,"{""completed_at"": ""2026-06-02T14:25:00Z""}",v2.2.0-healthy
evt_000819,u_0451,onboarding_step_viewed,2026-06-02T14:16:00Z,u_0451_s01,ins_u_0451_004,{},v2.2.0-healthy
evt_000820,u_0494,onboarding_step_viewed,2026-06-02T14:17:00Z,u_0494_s01,ins_u_0494_004,{},v2.2.0-healthy
evt_000821,u_0209,signup_started,2026-06-02T14:18:00Z,u_0209_s01,ins_u_0209_001,{},v2.2.0-healthy
evt_000822,u_0286,onboarding_completed,2026-06-02T14:18:00Z,u_0286_s01,ins_u_0286_005,"{""completed_at"": ""2026-06-02T14:27:00Z""}",v2.2.0-healthy
evt_000823,u_0393,profile_saved,2026-06-02T14:19:00Z,u_0393_s01,ins_u_0393_003,{},v2.2.0-healthy
evt_000824,u_0155,onboarding_completed,2026-06-02T14:20:00Z,u_0155_s01,ins_u_0155_006,"{""completed_at"": ""2026-06-02T14:20:00Z""}",v2.2.0-healthy
evt_000825,u_0427,onboarding_completed,2026-06-02T14:20:00Z,u_0427_s01,ins_u_0427_006,"{""completed_at"": ""2026-06-02T14:10:00Z""}",v2.2.0-healthy
evt_000826,u_0142,signup_started,2026-06-02T14:23:00Z,u_0142_s01,ins_u_0142_001,{},v2.2.0-healthy
evt_000827,u_0209,signup_completed,2026-06-02T14:23:00Z,u_0209_s01,ins_u_0209_002,{},v2.2.0-healthy
evt_000828,u_0061,onboarding_completed,2026-06-02T14:25:00Z,u_0061_s01,ins_u_0061_006,"{""completed_at"": ""2026-06-02T14:22:00Z""}",v2.2.0-healthy
evt_000829,u_0209,session_abandoned,2026-06-02T14:27:00Z,u_0209_s01,ins_u_0209_003,{},v2.2.0-healthy
evt_000830,u_0393,feature_used,2026-06-02T14:27:00Z,u_0393_s01,ins_u_0393_004,"{""feature"": ""insights""}",v2.2.0-healthy
evt_000831,u_0494,feature_used,2026-06-02T14:27:00Z,u_0494_s01,ins_u_0494_005,"{""feature"": ""board""}",v2.2.0-healthy
evt_000832,u_0142,signup_completed,2026-06-02T14:29:00Z,u_0142_s01,ins_u_0142_002,{},v2.2.0-healthy
evt_000833,u_0019,signup_started,2026-06-02T14:35:00Z,u_0019_s01,ins_u_0019_001,{},v2.2.0-healthy
evt_000834,u_0180,activation_completed,2026-06-02T14:35:00Z,u_0180_s01,ins_u_0180_006,{},v2.2.0-healthy
evt_000835,u_0142,profile_saved,2026-06-02T14:37:00Z,u_0142_s01,ins_u_0142_003,{},v2.2.0-healthy
evt_000836,u_0253,onboarding_completed,2026-06-02T14:37:00Z,u_0253_s01,ins_u_0253_006,"{""completed_at"": ""2026-06-02T14:28:00Z""}",v2.2.0-healthy
evt_000837,u_0398,signup_started,2026-06-02T14:37:00Z,u_0398_s01,ins_u_0398_001,{},v2.2.0-healthy
evt_000838,u_0166,signup_started,2026-06-02T14:38:00Z,u_0166_s01,ins_u_0166_001,{},v2.2.0-healthy
evt_000839,u_0142,onboarding_step_viewed,2026-06-02T14:39:00Z,u_0142_s01,ins_u_0142_004,{},v2.2.0-healthy
evt_000840,u_0229,onboarding_completed,2026-06-02T14:40:00Z,u_0229_s01,ins_u_0229_006,"{""completed_at"": ""2026-06-02T14:31:00Z""}",v2.2.0-healthy
evt_000841,u_0344,activation_completed,2026-06-02T14:40:00Z,u_0344_s01,ins_u_0344_007,{},v2.2.0-healthy
evt_000842,u_0019,signup_completed,2026-06-02T14:42:00Z,u_0019_s01,ins_u_0019_002,{},v2.2.0-healthy
evt_000843,u_0494,onboarding_completed,2026-06-02T14:43:00Z,u_0494_s01,ins_u_0494_006,"{""completed_at"": ""2026-06-02T14:50:00Z""}",v2.2.0-healthy
evt_000844,u_0398,signup_completed,2026-06-02T14:45:00Z,u_0398_s01,ins_u_0398_002,{},v2.2.0-healthy
evt_000845,u_0166,signup_completed,2026-06-02T14:46:00Z,u_0166_s01,ins_u_0166_002,{},v2.2.0-healthy
evt_000846,u_0019,profile_saved,2026-06-02T14:47:00Z,u_0019_s01,ins_u_0019_003,{},v2.2.0-healthy
evt_000847,u_0229,activation_completed,2026-06-02T14:48:00Z,u_0229_s01,ins_u_0229_007,{},v2.2.0-healthy
evt_000848,u_0155,activation_completed,2026-06-02T14:50:00Z,u_0155_s01,ins_u_0155_007,{},v2.2.0-healthy
evt_000849,u_0398,session_abandoned,2026-06-02T14:51:00Z,u_0398_s01,ins_u_0398_003,{},v2.2.0-healthy
evt_000850,u_0019,onboarding_step_viewed,2026-06-02T14:53:00Z,u_0019_s01,ins_u_0019_004,{},v2.2.0-healthy
evt_000851,u_0166,profile_saved,2026-06-02T14:55:00Z,u_0166_s01,ins_u_0166_003,{},v2.2.0-healthy
evt_000852,u_0280,signup_started,2026-06-02T14:55:00Z,u_0280_s01,ins_u_0280_001,{},v2.2.0-healthy
evt_000853,u_0451,onboarding_completed,2026-06-02T14:55:00Z,u_0451_s01,ins_u_0451_005,"{""completed_at"": ""2026-06-02T14:44:00Z""}",v2.2.0-healthy
evt_000854,u_0199,signup_started,2026-06-02T14:58:00Z,u_0199_s01,ins_u_0199_001,{},v2.2.0-healthy
evt_000855,u_0358,signup_started,2026-06-02T14:58:00Z,u_0358_s01,ins_u_0358_001,{},v2.2.0-healthy
evt_000856,u_0280,signup_completed,2026-06-02T15:00:00Z,u_0280_s01,ins_u_0280_002,{},v2.2.0-healthy
evt_000857,u_0358,session_abandoned,2026-06-02T15:00:00Z,u_0358_s01,ins_u_0358_002,{},v2.2.0-healthy
evt_000858,u_0142,feature_used,2026-06-02T15:01:00Z,u_0142_s01,ins_u_0142_005,"{""feature"": ""board""}",v2.2.0-healthy
evt_000859,u_0343,signup_started,2026-06-02T15:02:00Z,u_0343_s01,ins_u_0343_001,{},v2.2.0-healthy
evt_000860,u_0393,onboarding_completed,2026-06-02T15:02:00Z,u_0393_s01,ins_u_0393_005,"{""completed_at"": ""2026-06-02T14:52:00Z""}",v2.2.0-healthy
evt_000861,u_0343,signup_completed,2026-06-02T15:04:00Z,u_0343_s01,ins_u_0343_002,{},v2.2.0-healthy
evt_000862,u_0199,signup_completed,2026-06-02T15:06:00Z,u_0199_s01,ins_u_0199_002,{},v2.2.0-healthy
evt_000863,u_0061,activation_completed,2026-06-02T15:07:00Z,u_0061_s01,ins_u_0061_007,{},v2.2.0-healthy
evt_000864,u_0280,session_abandoned,2026-06-02T15:07:00Z,u_0280_s01,ins_u_0280_003,{},v2.2.0-healthy
evt_000865,u_0343,session_abandoned,2026-06-02T15:09:00Z,u_0343_s01,ins_u_0343_003,{},v2.2.0-healthy
evt_000866,u_0253,activation_completed,2026-06-02T15:10:00Z,u_0253_s01,ins_u_0253_007,{},v2.2.0-healthy
evt_000867,u_0142,onboarding_completed,2026-06-02T15:11:00Z,u_0142_s01,ins_u_0142_006,"{""completed_at"": ""2026-06-02T15:08:00Z""}",v2.2.0-healthy
evt_000868,u_0199,profile_saved,2026-06-02T15:11:00Z,u_0199_s01,ins_u_0199_003,{},v2.2.0-healthy
evt_000869,u_0752,signup_started,2026-06-02T15:12:00Z,u_0752_s01,ins_u_0752_001,{},v2.2.0-healthy
evt_000870,u_0783,signup_started,2026-06-02T15:14:00Z,u_0783_s01,ins_u_0783_001,{},v2.2.0-healthy
evt_000871,u_0199,onboarding_step_viewed,2026-06-02T15:16:00Z,u_0199_s01,ins_u_0199_004,{},v2.2.0-healthy
evt_000872,u_0752,session_abandoned,2026-06-02T15:17:00Z,u_0752_s01,ins_u_0752_002,{},v2.2.0-healthy
evt_000873,u_0783,signup_completed,2026-06-02T15:19:00Z,u_0783_s01,ins_u_0783_002,{},v2.2.0-healthy
evt_000874,u_0783,profile_saved,2026-06-02T15:22:00Z,u_0783_s01,ins_u_0783_003,{},v2.2.0-healthy
evt_000875,u_0142,activation_completed,2026-06-02T15:23:00Z,u_0142_s01,ins_u_0142_007,{},v2.2.0-healthy
evt_000876,u_0166,onboarding_completed,2026-06-02T15:24:00Z,u_0166_s01,ins_u_0166_004,"{""completed_at"": ""2026-06-02T15:23:00Z""}",v2.2.0-healthy
evt_000877,u_0608,signup_started,2026-06-02T15:24:00Z,u_0608_s01,ins_u_0608_001,{},v2.2.0-healthy
evt_000878,u_0783,onboarding_step_viewed,2026-06-02T15:24:00Z,u_0783_s01,ins_u_0783_004,{},v2.2.0-healthy
evt_000879,u_0494,activation_completed,2026-06-02T15:26:00Z,u_0494_s01,ins_u_0494_007,{},v2.2.0-healthy
evt_000880,u_0199,feature_used,2026-06-02T15:27:00Z,u_0199_s01,ins_u_0199_005,"{""feature"": ""insights""}",v2.2.0-healthy
evt_000881,u_0608,session_abandoned,2026-06-02T15:29:00Z,u_0608_s01,ins_u_0608_002,{},v2.2.0-healthy
evt_000882,u_0472,signup_started,2026-06-02T15:30:00Z,u_0472_s01,ins_u_0472_001,{},v2.2.0-healthy
evt_000883,u_0027,signup_started,2026-06-02T15:31:00Z,u_0027_s01,ins_u_0027_001,{},v2.2.0-healthy
evt_000884,u_0478,signup_started,2026-06-02T15:32:00Z,u_0478_s01,ins_u_0478_001,{},v2.2.0-healthy
evt_000885,u_0472,session_abandoned,2026-06-02T15:34:00Z,u_0472_s01,ins_u_0472_002,{},v2.2.0-healthy
evt_000886,u_0027,signup_completed,2026-06-02T15:35:00Z,u_0027_s01,ins_u_0027_002,{},v2.2.0-healthy
evt_000887,u_0468,signup_started,2026-06-02T15:36:00Z,u_0468_s01,ins_u_0468_001,{},v2.2.0-healthy
evt_000888,u_0478,signup_completed,2026-06-02T15:38:00Z,u_0478_s01,ins_u_0478_002,{},v2.2.0-healthy
evt_000889,u_0779,signup_started,2026-06-02T15:38:00Z,u_0779_s01,ins_u_0779_001,{},v2.2.0-healthy
evt_000890,u_0027,profile_saved,2026-06-02T15:40:00Z,u_0027_s01,ins_u_0027_003,{},v2.2.0-healthy
evt_000891,u_0468,signup_completed,2026-06-02T15:40:00Z,u_0468_s01,ins_u_0468_002,{},v2.2.0-healthy
evt_000892,u_0783,feature_used,2026-06-02T15:41:00Z,u_0783_s01,ins_u_0783_005,"{""feature"": ""insights""}",v2.2.0-healthy
evt_000893,u_0199,onboarding_completed,2026-06-02T15:42:00Z,u_0199_s01,ins_u_0199_006,"{""completed_at"": ""2026-06-02T15:46:00Z""}",v2.2.0-healthy
evt_000894,u_0779,signup_completed,2026-06-02T15:43:00Z,u_0779_s01,ins_u_0779_002,{},v2.2.0-healthy
evt_000895,u_0272,signup_started,2026-06-02T15:46:00Z,u_0272_s01,ins_u_0272_001,{},v2.2.0-healthy
evt_000896,u_0027,feature_used,2026-06-02T15:47:00Z,u_0027_s01,ins_u_0027_004,"{""feature"": ""insights""}",v2.2.0-healthy
evt_000897,u_0181,signup_started,2026-06-02T15:47:00Z,u_0181_s01,ins_u_0181_001,{},v2.2.0-healthy
evt_000898,u_0478,profile_saved,2026-06-02T15:48:00Z,u_0478_s01,ins_u_0478_003,{},v2.2.0-healthy
evt_000899,u_0481,signup_started,2026-06-02T15:48:00Z,u_0481_s01,ins_u_0481_001,{},v2.2.0-healthy
evt_000900,u_0468,profile_saved,2026-06-02T15:49:00Z,u_0468_s01,ins_u_0468_003,{},v2.2.0-healthy
evt_000901,u_0166,activation_completed,2026-06-02T15:50:00Z,u_0166_s01,ins_u_0166_005,{},v2.2.0-healthy
evt_000902,u_0272,signup_completed,2026-06-02T15:51:00Z,u_0272_s01,ins_u_0272_002,{},v2.2.0-healthy
evt_000903,u_0478,onboarding_step_viewed,2026-06-02T15:51:00Z,u_0478_s01,ins_u_0478_004,{},v2.2.0-healthy
evt_000904,u_0779,profile_saved,2026-06-02T15:51:00Z,u_0779_s01,ins_u_0779_003,{},v2.2.0-healthy
evt_000905,u_0181,signup_completed,2026-06-02T15:54:00Z,u_0181_s01,ins_u_0181_002,{},v2.2.0-healthy
evt_000906,u_0272,profile_saved,2026-06-02T15:54:00Z,u_0272_s01,ins_u_0272_003,{},v2.2.0-healthy
evt_000907,u_0468,onboarding_step_viewed,2026-06-02T15:55:00Z,u_0468_s01,ins_u_0468_004,{},v2.2.0-healthy
evt_000908,u_0481,signup_completed,2026-06-02T15:55:00Z,u_0481_s01,ins_u_0481_002,{},v2.2.0-healthy
evt_000909,u_0779,onboarding_step_viewed,2026-06-02T15:56:00Z,u_0779_s01,ins_u_0779_004,{},v2.2.0-healthy
evt_000910,u_0181,session_abandoned,2026-06-02T15:59:00Z,u_0181_s01,ins_u_0181_003,{},v2.2.0-healthy
evt_000911,u_0481,profile_saved,2026-06-02T15:59:00Z,u_0481_s01,ins_u_0481_003,{},v2.2.0-healthy
evt_000912,u_0783,onboarding_completed,2026-06-02T16:00:00Z,u_0783_s01,ins_u_0783_006,"{""completed_at"": ""2026-06-02T15:58:00Z""}",v2.2.0-healthy
evt_000913,u_0481,onboarding_step_viewed,2026-06-02T16:02:00Z,u_0481_s01,ins_u_0481_004,{},v2.2.0-healthy
evt_000914,u_0027,onboarding_completed,2026-06-02T16:14:00Z,u_0027_s01,ins_u_0027_005,"{""completed_at"": ""2026-06-02T16:14:00Z""}",v2.2.0-healthy
evt_000915,u_0272,feature_used,2026-06-02T16:15:00Z,u_0272_s01,ins_u_0272_004,"{""feature"": ""board""}",v2.2.0-healthy
evt_000916,u_0538,signup_started,2026-06-02T16:18:00Z,u_0538_s01,ins_u_0538_001,{},v2.2.0-healthy
evt_000917,u_0468,onboarding_completed,2026-06-02T16:20:00Z,u_0468_s01,ins_u_0468_005,"{""completed_at"": ""2026-06-02T16:26:00Z""}",v2.2.0-healthy
evt_000918,u_0478,onboarding_completed,2026-06-02T16:20:00Z,u_0478_s01,ins_u_0478_005,"{""completed_at"": ""2026-06-02T16:22:00Z""}",v2.2.0-healthy
evt_000919,u_0033,signup_started,2026-06-02T16:25:00Z,u_0033_s01,ins_u_0033_001,{},v2.2.0-healthy
evt_000920,u_0538,signup_completed,2026-06-02T16:25:00Z,u_0538_s01,ins_u_0538_002,{},v2.2.0-healthy
evt_000921,u_0668,signup_started,2026-06-02T16:25:00Z,u_0668_s01,ins_u_0668_001,{},v2.2.0-healthy
evt_000922,u_0783,activation_completed,2026-06-02T16:26:00Z,u_0783_s01,ins_u_0783_007,{},v2.2.0-healthy
evt_000923,u_0779,onboarding_completed,2026-06-02T16:27:00Z,u_0779_s01,ins_u_0779_005,"{""completed_at"": ""2026-06-02T16:26:00Z""}",v2.2.0-healthy
evt_000924,u_0668,session_abandoned,2026-06-02T16:28:00Z,u_0668_s01,ins_u_0668_002,{},v2.2.0-healthy
evt_000925,u_0033,signup_completed,2026-06-02T16:30:00Z,u_0033_s01,ins_u_0033_002,{},v2.2.0-healthy
evt_000926,u_0538,profile_saved,2026-06-02T16:30:00Z,u_0538_s01,ins_u_0538_003,{},v2.2.0-healthy
evt_000927,u_0481,onboarding_completed,2026-06-02T16:31:00Z,u_0481_s01,ins_u_0481_005,"{""completed_at"": ""2026-06-02T16:27:00Z""}",v2.2.0-healthy
evt_000928,u_0009,signup_started,2026-06-02T16:34:00Z,u_0009_s01,ins_u_0009_001,{},v2.2.0-healthy
evt_000929,u_0538,onboarding_step_viewed,2026-06-02T16:34:00Z,u_0538_s01,ins_u_0538_004,{},v2.2.0-healthy
evt_000930,u_0009,signup_completed,2026-06-02T16:35:00Z,u_0009_s01,ins_u_0009_002,{},v2.2.0-healthy
evt_000931,u_0272,onboarding_completed,2026-06-02T16:37:00Z,u_0272_s01,ins_u_0272_005,"{""completed_at"": ""2026-06-02T16:30:00Z""}",v2.2.0-healthy
evt_000932,u_0033,session_abandoned,2026-06-02T16:39:00Z,u_0033_s01,ins_u_0033_003,{},v2.2.0-healthy
evt_000933,u_0272,activation_completed,2026-06-02T16:43:00Z,u_0272_s01,ins_u_0272_006,{},v2.2.0-healthy
evt_000934,u_0009,profile_saved,2026-06-02T16:45:00Z,u_0009_s01,ins_u_0009_003,{},v2.2.0-healthy
evt_000935,u_0009,onboarding_step_viewed,2026-06-02T16:48:00Z,u_0009_s01,ins_u_0009_004,{},v2.2.0-healthy
evt_000936,u_0027,activation_completed,2026-06-02T16:50:00Z,u_0027_s01,ins_u_0027_006,{},v2.2.0-healthy
evt_000937,u_0538,feature_used,2026-06-02T16:53:00Z,u_0538_s01,ins_u_0538_005,"{""feature"": ""board""}",v2.2.0-healthy
evt_000938,u_0779,activation_completed,2026-06-02T16:56:00Z,u_0779_s01,ins_u_0779_006,{},v2.2.0-healthy
evt_000939,u_0538,onboarding_completed,2026-06-02T16:59:00Z,u_0538_s01,ins_u_0538_006,"{""completed_at"": ""2026-06-02T16:59:00Z""}",v2.2.0-healthy
evt_000940,u_0284,signup_started,2026-06-02T17:09:00Z,u_0284_s01,ins_u_0284_001,{},v2.2.0-healthy
evt_000941,u_0284,session_abandoned,2026-06-02T17:16:00Z,u_0284_s01,ins_u_0284_002,{},v2.2.0-healthy
evt_000942,u_0481,activation_completed,2026-06-02T17:19:00Z,u_0481_s01,ins_u_0481_006,{},v2.2.0-healthy
evt_000943,u_0172,signup_started,2026-06-02T17:20:00Z,u_0172_s01,ins_u_0172_001,{},v2.2.0-healthy
evt_000944,u_0172,signup_completed,2026-06-02T17:25:00Z,u_0172_s01,ins_u_0172_002,{},v2.2.0-healthy
evt_000945,u_0426,signup_started,2026-06-02T17:29:00Z,u_0426_s01,ins_u_0426_001,{},v2.2.0-healthy
evt_000946,u_0770,signup_started,2026-06-02T17:32:00Z,u_0770_s01,ins_u_0770_001,{},v2.2.0-healthy
evt_000947,u_0172,session_abandoned,2026-06-02T17:34:00Z,u_0172_s01,ins_u_0172_003,{},v2.2.0-healthy
evt_000948,u_0426,signup_completed,2026-06-02T17:35:00Z,u_0426_s01,ins_u_0426_002,{},v2.2.0-healthy
evt_000949,u_0247,signup_started,2026-06-02T17:36:00Z,u_0247_s01,ins_u_0247_001,{},v2.2.0-healthy
evt_000950,u_0770,session_abandoned,2026-06-02T17:36:00Z,u_0770_s01,ins_u_0770_002,{},v2.2.0-healthy
evt_000951,u_0156,signup_started,2026-06-02T17:38:00Z,u_0156_s01,ins_u_0156_001,{},v2.2.0-healthy
evt_000952,u_0426,profile_saved,2026-06-02T17:39:00Z,u_0426_s01,ins_u_0426_003,{},v2.2.0-healthy
evt_000953,u_0247,session_abandoned,2026-06-02T17:40:00Z,u_0247_s01,ins_u_0247_002,{},v2.2.0-healthy
evt_000954,u_0426,onboarding_step_viewed,2026-06-02T17:42:00Z,u_0426_s01,ins_u_0426_004,{},v2.2.0-healthy
evt_000955,u_0156,signup_completed,2026-06-02T17:46:00Z,u_0156_s01,ins_u_0156_002,{},v2.2.0-healthy
evt_000956,u_0538,activation_completed,2026-06-02T17:48:00Z,u_0538_s01,ins_u_0538_007,{},v2.2.0-healthy
evt_000957,u_0156,session_abandoned,2026-06-02T17:50:00Z,u_0156_s01,ins_u_0156_003,{},v2.2.0-healthy
evt_000958,u_0426,feature_used,2026-06-02T17:51:00Z,u_0426_s01,ins_u_0426_005,"{""feature"": ""board""}",v2.2.0-healthy
evt_000959,u_0158,signup_started,2026-06-02T17:53:00Z,u_0158_s01,ins_u_0158_001,{},v2.2.0-healthy
evt_000960,u_0158,signup_completed,2026-06-02T18:00:00Z,u_0158_s01,ins_u_0158_002,{},v2.2.0-healthy
evt_000961,u_0158,profile_saved,2026-06-02T18:09:00Z,u_0158_s01,ins_u_0158_003,{},v2.2.0-healthy
evt_000962,u_0287,signup_started,2026-06-02T18:09:00Z,u_0287_s01,ins_u_0287_001,{},v2.2.0-healthy
evt_000963,u_0426,onboarding_completed,2026-06-02T18:10:00Z,u_0426_s01,ins_u_0426_006,"{""completed_at"": ""2026-06-02T18:14:00Z""}",v2.2.0-healthy
evt_000964,u_0644,signup_started,2026-06-02T18:10:00Z,u_0644_s01,ins_u_0644_001,{},v2.2.0-healthy
evt_000965,u_0182,signup_started,2026-06-02T18:11:00Z,u_0182_s01,ins_u_0182_001,{},v2.2.0-healthy
evt_000966,u_0287,session_abandoned,2026-06-02T18:11:00Z,u_0287_s01,ins_u_0287_002,{},v2.2.0-healthy
evt_000967,u_0182,signup_completed,2026-06-02T18:13:00Z,u_0182_s01,ins_u_0182_002,{},v2.2.0-healthy
evt_000968,u_0213,signup_started,2026-06-02T18:13:00Z,u_0213_s01,ins_u_0213_001,{},v2.2.0-healthy
evt_000969,u_0384,signup_started,2026-06-02T18:13:00Z,u_0384_s01,ins_u_0384_001,{},v2.2.0-healthy
evt_000970,u_0133,signup_started,2026-06-02T18:15:00Z,u_0133_s01,ins_u_0133_001,{},v2.2.0-healthy
evt_000971,u_0182,profile_saved,2026-06-02T18:15:00Z,u_0182_s01,ins_u_0182_003,{},v2.2.0-healthy
evt_000972,u_0182,error_shown,2026-06-02T18:16:00Z,u_0182_s01,ins_u_0182_004,"{""code"": ""onboarding_timeout""}",v2.2.0-healthy
evt_000973,u_0213,session_abandoned,2026-06-02T18:16:00Z,u_0213_s01,ins_u_0213_002,{},v2.2.0-healthy
evt_000974,u_0644,signup_completed,2026-06-02T18:16:00Z,u_0644_s01,ins_u_0644_002,{},v2.2.0-healthy
evt_000975,u_0384,signup_completed,2026-06-02T18:18:00Z,u_0384_s01,ins_u_0384_002,{},v2.2.0-healthy
evt_000976,u_0133,signup_completed,2026-06-02T18:21:00Z,u_0133_s01,ins_u_0133_002,{},v2.2.0-healthy
evt_000977,u_0182,onboarding_step_viewed,2026-06-02T18:21:00Z,u_0182_s01,ins_u_0182_005,{},v2.2.0-healthy
evt_000978,u_0089,signup_started,2026-06-02T18:22:00Z,u_0089_s01,ins_u_0089_001,{},v2.2.0-healthy
evt_000979,u_0133,profile_saved,2026-06-02T18:24:00Z,u_0133_s01,ins_u_0133_003,{},v2.2.0-healthy
evt_000980,u_0384,profile_saved,2026-06-02T18:25:00Z,u_0384_s01,ins_u_0384_003,{},v2.2.0-healthy
evt_000981,u_0644,profile_saved,2026-06-02T18:25:00Z,u_0644_s01,ins_u_0644_003,{},v2.2.0-healthy
evt_000982,u_0133,onboarding_step_viewed,2026-06-02T18:29:00Z,u_0133_s01,ins_u_0133_004,{},v2.2.0-healthy
evt_000983,u_0644,onboarding_step_viewed,2026-06-02T18:29:00Z,u_0644_s01,ins_u_0644_004,{},v2.2.0-healthy
evt_000984,u_0089,signup_completed,2026-06-02T18:30:00Z,u_0089_s01,ins_u_0089_002,{},v2.2.0-healthy
evt_000985,u_0158,feature_used,2026-06-02T18:31:00Z,u_0158_s01,ins_u_0158_004,"{""feature"": ""board""}",v2.2.0-healthy
evt_000986,u_0384,onboarding_step_viewed,2026-06-02T18:31:00Z,u_0384_s01,ins_u_0384_004,{},v2.2.0-healthy
evt_000987,u_0051,signup_started,2026-06-02T18:35:00Z,u_0051_s01,ins_u_0051_001,{},v2.2.0-healthy
evt_000988,u_0089,session_abandoned,2026-06-02T18:36:00Z,u_0089_s01,ins_u_0089_003,{},v2.2.0-healthy
evt_000989,u_0465,signup_started,2026-06-02T18:37:00Z,u_0465_s01,ins_u_0465_001,{},v2.2.0-healthy
evt_000990,u_0492,signup_started,2026-06-02T18:38:00Z,u_0492_s01,ins_u_0492_001,{},v2.2.0-healthy
evt_000991,u_0384,feature_used,2026-06-02T18:40:00Z,u_0384_s01,ins_u_0384_005,"{""feature"": ""board""}",v2.2.0-healthy
evt_000992,u_0421,signup_started,2026-06-02T18:41:00Z,u_0421_s01,ins_u_0421_001,{},v2.2.0-healthy
evt_000993,u_0492,signup_completed,2026-06-02T18:41:00Z,u_0492_s01,ins_u_0492_002,{},v2.2.0-healthy
evt_000994,u_0051,signup_completed,2026-06-02T18:43:00Z,u_0051_s01,ins_u_0051_002,{},v2.2.0-healthy
evt_000995,u_0421,session_abandoned,2026-06-02T18:43:00Z,u_0421_s01,ins_u_0421_002,{},v2.2.0-healthy
evt_000996,u_0465,signup_completed,2026-06-02T18:44:00Z,u_0465_s01,ins_u_0465_002,{},v2.2.0-healthy
evt_000997,u_0492,profile_saved,2026-06-02T18:44:00Z,u_0492_s01,ins_u_0492_003,{},v2.2.0-healthy
evt_000998,u_0051,profile_saved,2026-06-02T18:46:00Z,u_0051_s01,ins_u_0051_003,{},v2.2.0-healthy
evt_000999,u_0158,onboarding_completed,2026-06-02T18:46:00Z,u_0158_s01,ins_u_0158_005,"{""completed_at"": ""2026-06-02T18:43:00Z""}",v2.2.0-healthy
evt_001000,u_0153,signup_started,2026-06-02T18:47:00Z,u_0153_s01,ins_u_0153_001,{},v2.2.0-healthy
evt_001001,u_0492,onboarding_step_viewed,2026-06-02T18:48:00Z,u_0492_s01,ins_u_0492_004,{},v2.2.0-healthy
evt_001002,u_0785,signup_started,2026-06-02T18:49:00Z,u_0785_s01,ins_u_0785_001,{},v2.2.0-healthy
evt_001003,u_0051,onboarding_step_viewed,2026-06-02T18:50:00Z,u_0051_s01,ins_u_0051_004,{},v2.2.0-healthy
evt_001004,u_0785,signup_completed,2026-06-02T18:50:00Z,u_0785_s01,ins_u_0785_002,{},v2.2.0-healthy
evt_001005,u_0182,onboarding_completed,2026-06-02T18:52:00Z,u_0182_s01,ins_u_0182_006,"{""completed_at"": ""2026-06-02T18:53:00Z""}",v2.2.0-healthy
evt_001006,u_0153,session_abandoned,2026-06-02T18:53:00Z,u_0153_s01,ins_u_0153_002,{},v2.2.0-healthy
evt_001007,u_0465,session_abandoned,2026-06-02T18:53:00Z,u_0465_s01,ins_u_0465_003,{},v2.2.0-healthy
evt_001008,u_0133,onboarding_completed,2026-06-02T18:54:00Z,u_0133_s01,ins_u_0133_005,"{""completed_at"": ""2026-06-02T18:54:00Z""}",v2.2.0-healthy
evt_001009,u_0447,signup_started,2026-06-02T18:55:00Z,u_0447_s01,ins_u_0447_001,{},v2.2.0-healthy
evt_001010,u_0785,session_abandoned,2026-06-02T18:55:00Z,u_0785_s01,ins_u_0785_003,{},v2.2.0-healthy
evt_001011,u_0384,onboarding_completed,2026-06-02T18:57:00Z,u_0384_s01,ins_u_0384_006,"{""completed_at"": ""2026-06-02T19:04:00Z""}",v2.2.0-healthy
evt_001012,u_0447,signup_completed,2026-06-02T19:00:00Z,u_0447_s01,ins_u_0447_002,{},v2.2.0-healthy
evt_001013,u_0492,feature_used,2026-06-02T19:02:00Z,u_0492_s01,ins_u_0492_005,"{""feature"": ""board""}",v2.2.0-healthy
evt_001014,u_0447,session_abandoned,2026-06-02T19:08:00Z,u_0447_s01,ins_u_0447_003,{},v2.2.0-healthy
evt_001015,u_0622,signup_started,2026-06-02T19:10:00Z,u_0622_s01,ins_u_0622_001,{},v2.2.0-healthy
evt_001016,u_0622,signup_completed,2026-06-02T19:17:00Z,u_0622_s01,ins_u_0622_002,{},v2.2.0-healthy
evt_001017,u_0622,profile_saved,2026-06-02T19:23:00Z,u_0622_s01,ins_u_0622_003,{},v2.2.0-healthy
evt_001018,u_0051,onboarding_completed,2026-06-02T19:29:00Z,u_0051_s01,ins_u_0051_005,"{""completed_at"": ""2026-06-02T19:20:00Z""}",v2.2.0-healthy
evt_001019,u_0492,onboarding_completed,2026-06-02T19:29:00Z,u_0492_s01,ins_u_0492_006,"{""completed_at"": ""2026-06-02T19:14:00Z""}",v2.2.0-healthy
evt_001020,u_0622,onboarding_step_viewed,2026-06-02T19:29:00Z,u_0622_s01,ins_u_0622_004,{},v2.2.0-healthy
evt_001021,u_0492,activation_completed,2026-06-02T19:31:00Z,u_0492_s01,ins_u_0492_007,{},v2.2.0-healthy
evt_001022,u_0699,signup_started,2026-06-02T19:31:00Z,u_0699_s01,ins_u_0699_001,{},v2.2.0-healthy
evt_001023,u_0183,signup_started,2026-06-02T19:32:00Z,u_0183_s01,ins_u_0183_001,{},v2.2.0-healthy
evt_001024,u_0133,activation_completed,2026-06-02T19:36:00Z,u_0133_s01,ins_u_0133_006,{},v2.2.0-healthy
evt_001025,u_0622,feature_used,2026-06-02T19:38:00Z,u_0622_s01,ins_u_0622_005,"{""feature"": ""board""}",v2.2.0-healthy
evt_001026,u_0699,signup_completed,2026-06-02T19:38:00Z,u_0699_s01,ins_u_0699_002,{},v2.2.0-healthy
evt_001027,u_0183,session_abandoned,2026-06-02T19:40:00Z,u_0183_s01,ins_u_0183_002,{},v2.2.0-healthy
evt_001028,u_0436,signup_started,2026-06-02T19:41:00Z,u_0436_s01,ins_u_0436_001,{},v2.2.0-healthy
evt_001029,u_0436,signup_completed,2026-06-02T19:43:00Z,u_0436_s01,ins_u_0436_002,{},v2.2.0-healthy
evt_001030,u_0699,profile_saved,2026-06-02T19:45:00Z,u_0699_s01,ins_u_0699_003,{},v2.2.0-healthy
evt_001031,u_0699,onboarding_step_viewed,2026-06-02T19:47:00Z,u_0699_s01,ins_u_0699_004,{},v2.2.0-healthy
evt_001032,u_0436,profile_saved,2026-06-02T19:48:00Z,u_0436_s01,ins_u_0436_003,{},v2.2.0-healthy
evt_001033,u_0054,signup_started,2026-06-02T19:50:00Z,u_0054_s01,ins_u_0054_001,{},v2.2.0-healthy
evt_001034,u_0622,onboarding_completed,2026-06-02T19:53:00Z,u_0622_s01,ins_u_0622_006,"{""completed_at"": ""2026-06-02T19:54:00Z""}",v2.2.0-healthy
evt_001035,u_0436,onboarding_step_viewed,2026-06-02T19:54:00Z,u_0436_s01,ins_u_0436_004,{},v2.2.0-healthy
evt_001036,u_0054,signup_completed,2026-06-02T19:55:00Z,u_0054_s01,ins_u_0054_002,{},v2.2.0-healthy
evt_001037,u_0436,feature_used,2026-06-02T19:56:00Z,u_0436_s01,ins_u_0436_005,"{""feature"": ""board""}",v2.2.0-healthy
evt_001038,u_0054,profile_saved,2026-06-02T19:57:00Z,u_0054_s01,ins_u_0054_003,{},v2.2.0-healthy
evt_001039,u_0054,onboarding_step_viewed,2026-06-02T19:59:00Z,u_0054_s01,ins_u_0054_004,{},v2.2.0-healthy
evt_001040,u_0711,signup_started,2026-06-02T20:12:00Z,u_0711_s01,ins_u_0711_001,{},v2.2.0-healthy
evt_001041,u_0351,signup_started,2026-06-02T20:16:00Z,u_0351_s01,ins_u_0351_001,{},v2.2.0-healthy
evt_001042,u_0699,onboarding_completed,2026-06-02T20:16:00Z,u_0699_s01,ins_u_0699_005,"{""completed_at"": ""2026-06-02T20:11:00Z""}",v2.2.0-healthy
evt_001043,u_0711,signup_completed,2026-06-02T20:19:00Z,u_0711_s01,ins_u_0711_002,{},v2.2.0-healthy
evt_001044,u_0351,signup_completed,2026-06-02T20:21:00Z,u_0351_s01,ins_u_0351_002,{},v2.2.0-healthy
evt_001045,u_0054,onboarding_completed,2026-06-02T20:23:00Z,u_0054_s01,ins_u_0054_005,"{""completed_at"": ""2026-06-02T20:34:00Z""}",v2.2.0-healthy
evt_001046,u_0351,profile_saved,2026-06-02T20:24:00Z,u_0351_s01,ins_u_0351_003,{},v2.2.0-healthy
evt_001047,u_0351,onboarding_step_viewed,2026-06-02T20:26:00Z,u_0351_s01,ins_u_0351_004,{},v2.2.0-healthy
evt_001048,u_0711,profile_saved,2026-06-02T20:27:00Z,u_0711_s01,ins_u_0711_003,{},v2.2.0-healthy
evt_001049,u_0677,signup_started,2026-06-02T20:30:00Z,u_0677_s01,ins_u_0677_001,{},v2.2.0-healthy
evt_001050,u_0711,onboarding_step_viewed,2026-06-02T20:30:00Z,u_0711_s01,ins_u_0711_004,{},v2.2.0-healthy
evt_001051,u_0622,activation_completed,2026-06-02T20:31:00Z,u_0622_s01,ins_u_0622_007,{},v2.2.0-healthy
evt_001052,u_0436,onboarding_completed,2026-06-02T20:32:00Z,u_0436_s01,ins_u_0436_006,"{""completed_at"": ""2026-06-02T20:16:00Z""}",v2.2.0-healthy
evt_001053,u_0218,signup_started,2026-06-02T20:35:00Z,u_0218_s01,ins_u_0218_001,{},v2.2.0-healthy
evt_001054,u_0677,signup_completed,2026-06-02T20:35:00Z,u_0677_s01,ins_u_0677_002,{},v2.2.0-healthy
evt_001055,u_0120,signup_started,2026-06-02T20:38:00Z,u_0120_s01,ins_u_0120_001,{},v2.2.0-healthy
evt_001056,u_0677,profile_saved,2026-06-02T20:38:00Z,u_0677_s01,ins_u_0677_003,{},v2.2.0-healthy
evt_001057,u_0677,onboarding_step_viewed,2026-06-02T20:41:00Z,u_0677_s01,ins_u_0677_004,{},v2.2.0-healthy
evt_001058,u_0218,session_abandoned,2026-06-02T20:42:00Z,u_0218_s01,ins_u_0218_002,{},v2.2.0-healthy
evt_001059,u_0120,signup_completed,2026-06-02T20:43:00Z,u_0120_s01,ins_u_0120_002,{},v2.2.0-healthy
evt_001060,u_0095,signup_started,2026-06-02T20:44:00Z,u_0095_s01,ins_u_0095_001,{},v2.2.0-healthy
evt_001061,u_0711,feature_used,2026-06-02T20:45:00Z,u_0711_s01,ins_u_0711_005,"{""feature"": ""insights""}",v2.2.0-healthy
evt_001062,u_0095,signup_completed,2026-06-02T20:48:00Z,u_0095_s01,ins_u_0095_002,{},v2.2.0-healthy
evt_001063,u_0120,profile_saved,2026-06-02T20:51:00Z,u_0120_s01,ins_u_0120_003,{},v2.2.0-healthy
evt_001064,u_0120,onboarding_step_viewed,2026-06-02T20:53:00Z,u_0120_s01,ins_u_0120_004,{},v2.2.0-healthy
evt_001065,u_0334,signup_started,2026-06-02T20:53:00Z,u_0334_s01,ins_u_0334_001,{},v2.2.0-healthy
evt_001066,u_0677,feature_used,2026-06-02T20:53:00Z,u_0677_s01,ins_u_0677_005,"{""feature"": ""insights""}",v2.2.0-healthy
evt_001067,u_0334,signup_completed,2026-06-02T20:54:00Z,u_0334_s01,ins_u_0334_002,{},v2.2.0-healthy
evt_001068,u_0095,session_abandoned,2026-06-02T20:55:00Z,u_0095_s01,ins_u_0095_003,{},v2.2.0-healthy
evt_001069,u_0699,activation_completed,2026-06-02T20:57:00Z,u_0699_s01,ins_u_0699_006,{},v2.2.0-healthy
evt_001070,u_0711,onboarding_completed,2026-06-02T20:57:00Z,u_0711_s01,ins_u_0711_006,"{""completed_at"": ""2026-06-02T21:01:00Z""}",v2.2.0-healthy
evt_001071,u_0334,profile_saved,2026-06-02T21:04:00Z,u_0334_s01,ins_u_0334_003,{},v2.2.0-healthy
evt_001072,u_0334,onboarding_step_viewed,2026-06-02T21:06:00Z,u_0334_s01,ins_u_0334_004,{},v2.2.0-healthy
evt_001073,u_0120,feature_used,2026-06-02T21:11:00Z,u_0120_s01,ins_u_0120_005,"{""feature"": ""board""}",v2.2.0-healthy
evt_001074,u_0351,activation_completed,2026-06-02T21:20:00Z,u_0351_s01,ins_u_0351_005,{},v2.2.0-healthy
evt_001075,u_0677,activation_completed,2026-06-02T21:31:00Z,u_0677_s01,ins_u_0677_006,{},v2.2.0-healthy
evt_001076,u_0334,onboarding_completed,2026-06-02T21:32:00Z,u_0334_s01,ins_u_0334_005,"{""completed_at"": ""2026-06-02T21:37:00Z""}",v2.2.0-healthy
evt_001077,u_0120,onboarding_completed,2026-06-02T21:35:00Z,u_0120_s01,ins_u_0120_006,"{""completed_at"": ""2026-06-02T21:21:00Z""}",v2.2.0-healthy
evt_001078,u_0711,activation_completed,2026-06-02T21:45:00Z,u_0711_s01,ins_u_0711_007,{},v2.2.0-healthy
evt_001079,u_0721,signup_started,2026-06-03T08:01:00Z,u_0721_s01,ins_u_0721_001,{},v2.2.0-healthy
evt_001080,u_0721,signup_completed,2026-06-03T08:04:00Z,u_0721_s01,ins_u_0721_002,{},v2.2.0-healthy
evt_001081,u_0064,signup_started,2026-06-03T08:10:00Z,u_0064_s01,ins_u_0064_001,{},v2.2.0-healthy
evt_001082,u_0190,signup_started,2026-06-03T08:11:00Z,u_0190_s01,ins_u_0190_001,{},v2.2.0-healthy
evt_001083,u_0402,signup_started,2026-06-03T08:12:00Z,u_0402_s01,ins_u_0402_001,{},v2.2.0-healthy
evt_001084,u_0721,profile_saved,2026-06-03T08:14:00Z,u_0721_s01,ins_u_0721_003,{},v2.2.0-healthy
evt_001085,u_0190,signup_completed,2026-06-03T08:15:00Z,u_0190_s01,ins_u_0190_002,{},v2.2.0-healthy
evt_001086,u_0767,signup_started,2026-06-03T08:16:00Z,u_0767_s01,ins_u_0767_001,{},v2.2.0-healthy
evt_001087,u_0402,session_abandoned,2026-06-03T08:17:00Z,u_0402_s01,ins_u_0402_002,{},v2.2.0-healthy
evt_001088,u_0064,session_abandoned,2026-06-03T08:18:00Z,u_0064_s01,ins_u_0064_002,{},v2.2.0-healthy
evt_001089,u_0190,profile_saved,2026-06-03T08:18:00Z,u_0190_s01,ins_u_0190_003,{},v2.2.0-healthy
evt_001090,u_0721,onboarding_step_viewed,2026-06-03T08:19:00Z,u_0721_s01,ins_u_0721_004,{},v2.2.0-healthy
evt_001091,u_0767,signup_completed,2026-06-03T08:19:00Z,u_0767_s01,ins_u_0767_002,{},v2.2.0-healthy
evt_001092,u_0037,signup_started,2026-06-03T08:23:00Z,u_0037_s01,ins_u_0037_001,{},v2.2.0-healthy
evt_001093,u_0537,signup_started,2026-06-03T08:25:00Z,u_0537_s01,ins_u_0537_001,{},v2.2.0-healthy
evt_001094,u_0767,session_abandoned,2026-06-03T08:25:00Z,u_0767_s01,ins_u_0767_003,{},v2.2.0-healthy
evt_001095,u_0037,signup_completed,2026-06-03T08:27:00Z,u_0037_s01,ins_u_0037_002,{},v2.2.0-healthy
evt_001096,u_0555,signup_started,2026-06-03T08:28:00Z,u_0555_s01,ins_u_0555_001,{},v2.2.0-healthy
evt_001097,u_0537,signup_completed,2026-06-03T08:30:00Z,u_0537_s01,ins_u_0537_002,{},v2.2.0-healthy
evt_001098,u_0037,profile_saved,2026-06-03T08:32:00Z,u_0037_s01,ins_u_0037_003,{},v2.2.0-healthy
evt_001099,u_0537,profile_saved,2026-06-03T08:36:00Z,u_0537_s01,ins_u_0537_003,{},v2.2.0-healthy
evt_001100,u_0555,signup_completed,2026-06-03T08:36:00Z,u_0555_s01,ins_u_0555_002,{},v2.2.0-healthy
evt_001101,u_0537,error_shown,2026-06-03T08:37:00Z,u_0537_s01,ins_u_0537_004,"{""code"": ""onboarding_timeout""}",v2.2.0-healthy
evt_001102,u_0721,feature_used,2026-06-03T08:39:00Z,u_0721_s01,ins_u_0721_005,"{""feature"": ""insights""}",v2.2.0-healthy
evt_001103,u_0439,signup_started,2026-06-03T08:40:00Z,u_0439_s01,ins_u_0439_001,{},v2.2.0-healthy
evt_001104,u_0537,onboarding_step_viewed,2026-06-03T08:41:00Z,u_0537_s01,ins_u_0537_005,{},v2.2.0-healthy
evt_001105,u_0555,session_abandoned,2026-06-03T08:41:00Z,u_0555_s01,ins_u_0555_003,{},v2.2.0-healthy
evt_001106,u_0282,signup_started,2026-06-03T08:45:00Z,u_0282_s01,ins_u_0282_001,{},v2.2.0-healthy
evt_001107,u_0190,onboarding_completed,2026-06-03T08:46:00Z,u_0190_s01,ins_u_0190_004,"{""completed_at"": ""2026-06-03T08:48:00Z""}",v2.2.0-healthy
evt_001108,u_0439,session_abandoned,2026-06-03T08:46:00Z,u_0439_s01,ins_u_0439_002,{},v2.2.0-healthy
evt_001109,u_0282,signup_completed,2026-06-03T08:51:00Z,u_0282_s01,ins_u_0282_002,{},v2.2.0-healthy
evt_001110,u_0733,signup_started,2026-06-03T08:54:00Z,u_0733_s01,ins_u_0733_001,{},v2.2.0-healthy
evt_001111,u_0721,onboarding_completed,2026-06-03T08:55:00Z,u_0721_s01,ins_u_0721_006,"{""completed_at"": ""2026-06-03T08:44:00Z""}",v2.2.0-healthy
evt_001112,u_0577,signup_started,2026-06-03T08:56:00Z,u_0577_s01,ins_u_0577_001,{},v2.2.0-healthy
evt_001113,u_0590,signup_started,2026-06-03T08:57:00Z,u_0590_s01,ins_u_0590_001,{},v2.2.0-healthy
evt_001114,u_0037,onboarding_completed,2026-06-03T08:58:00Z,u_0037_s01,ins_u_0037_004,"{""completed_at"": ""2026-06-03T09:07:00Z""}",v2.2.0-healthy
evt_001115,u_0376,signup_started,2026-06-03T08:58:00Z,u_0376_s01,ins_u_0376_001,{},v2.2.0-healthy
evt_001116,u_0733,signup_completed,2026-06-03T08:58:00Z,u_0733_s01,ins_u_0733_002,{},v2.2.0-healthy
evt_001117,u_0219,signup_started,2026-06-03T09:00:00Z,u_0219_s01,ins_u_0219_001,{},v2.2.0-healthy
evt_001118,u_0282,profile_saved,2026-06-03T09:00:00Z,u_0282_s01,ins_u_0282_003,{},v2.2.0-healthy
evt_001119,u_0577,signup_completed,2026-06-03T09:00:00Z,u_0577_s01,ins_u_0577_002,{},v2.2.0-healthy
evt_001120,u_0590,signup_completed,2026-06-03T09:00:00Z,u_0590_s01,ins_u_0590_002,{},v2.2.0-healthy
evt_001121,u_0219,signup_completed,2026-06-03T09:01:00Z,u_0219_s01,ins_u_0219_002,{},v2.2.0-healthy
evt_001122,u_0733,profile_saved,2026-06-03T09:01:00Z,u_0733_s01,ins_u_0733_003,{},v2.2.0-healthy
evt_001123,u_0503,signup_started,2026-06-03T09:02:00Z,u_0503_s01,ins_u_0503_001,{},v2.2.0-healthy
evt_001124,u_0707,signup_started,2026-06-03T09:02:00Z,u_0707_s01,ins_u_0707_001,{},v2.2.0-healthy
evt_001125,u_0376,signup_completed,2026-06-03T09:04:00Z,u_0376_s01,ins_u_0376_002,{},v2.2.0-healthy
evt_001126,u_0282,onboarding_step_viewed,2026-06-03T09:05:00Z,u_0282_s01,ins_u_0282_004,{},v2.2.0-healthy
evt_001127,u_0590,session_abandoned,2026-06-03T09:05:00Z,u_0590_s01,ins_u_0590_003,{},v2.2.0-healthy
evt_001128,u_0733,onboarding_step_viewed,2026-06-03T09:05:00Z,u_0733_s01,ins_u_0733_004,{},v2.2.0-healthy
evt_001129,u_0503,session_abandoned,2026-06-03T09:06:00Z,u_0503_s01,ins_u_0503_002,{},v2.2.0-healthy
evt_001130,u_0707,signup_completed,2026-06-03T09:06:00Z,u_0707_s01,ins_u_0707_002,{},v2.2.0-healthy
evt_001131,u_0219,profile_saved,2026-06-03T09:07:00Z,u_0219_s01,ins_u_0219_003,{},v2.2.0-healthy
evt_001132,u_0376,profile_saved,2026-06-03T09:07:00Z,u_0376_s01,ins_u_0376_003,{},v2.2.0-healthy
evt_001133,u_0577,session_abandoned,2026-06-03T09:07:00Z,u_0577_s01,ins_u_0577_003,{},v2.2.0-healthy
evt_001134,u_0793,signup_started,2026-06-03T09:07:00Z,u_0793_s01,ins_u_0793_001,{},v2.2.0-healthy
evt_001135,u_0219,error_shown,2026-06-03T09:08:00Z,u_0219_s01,ins_u_0219_004,"{""code"": ""onboarding_timeout""}",v2.2.0-healthy
evt_001136,u_0376,onboarding_step_viewed,2026-06-03T09:09:00Z,u_0376_s01,ins_u_0376_004,{},v2.2.0-healthy
evt_001137,u_0537,onboarding_completed,2026-06-03T09:10:00Z,u_0537_s01,ins_u_0537_006,"{""completed_at"": ""2026-06-03T09:10:00Z""}",v2.2.0-healthy
evt_001138,u_0190,activation_completed,2026-06-03T09:11:00Z,u_0190_s01,ins_u_0190_005,{},v2.2.0-healthy
evt_001139,u_0707,profile_saved,2026-06-03T09:13:00Z,u_0707_s01,ins_u_0707_003,{},v2.2.0-healthy
evt_001140,u_0263,signup_started,2026-06-03T09:15:00Z,u_0263_s01,ins_u_0263_001,{},v2.2.0-healthy
evt_001141,u_0707,onboarding_step_viewed,2026-06-03T09:15:00Z,u_0707_s01,ins_u_0707_004,{},v2.2.0-healthy
evt_001142,u_0793,session_abandoned,2026-06-03T09:15:00Z,u_0793_s01,ins_u_0793_002,{},v2.2.0-healthy
evt_001143,u_0219,feature_used,2026-06-03T09:17:00Z,u_0219_s01,ins_u_0219_005,"{""feature"": ""insights""}",v2.2.0-healthy
evt_001144,u_0263,signup_completed,2026-06-03T09:18:00Z,u_0263_s01,ins_u_0263_002,{},v2.2.0-healthy
evt_001145,u_0733,feature_used,2026-06-03T09:18:00Z,u_0733_s01,ins_u_0733_005,"{""feature"": ""insights""}",v2.2.0-healthy
evt_001146,u_0376,feature_used,2026-06-03T09:21:00Z,u_0376_s01,ins_u_0376_005,"{""feature"": ""board""}",v2.2.0-healthy
evt_001147,u_0263,session_abandoned,2026-06-03T09:22:00Z,u_0263_s01,ins_u_0263_003,{},v2.2.0-healthy
evt_001148,u_0227,signup_started,2026-06-03T09:24:00Z,u_0227_s01,ins_u_0227_001,{},v2.2.0-healthy
evt_001149,u_0474,signup_started,2026-06-03T09:28:00Z,u_0474_s01,ins_u_0474_001,{},v2.2.0-healthy
evt_001150,u_0227,signup_completed,2026-06-03T09:31:00Z,u_0227_s01,ins_u_0227_002,{},v2.2.0-healthy
evt_001151,u_0474,signup_completed,2026-06-03T09:35:00Z,u_0474_s01,ins_u_0474_002,{},v2.2.0-healthy
evt_001152,u_0707,feature_used,2026-06-03T09:36:00Z,u_0707_s01,ins_u_0707_005,"{""feature"": ""insights""}",v2.2.0-healthy
evt_001153,u_0547,signup_started,2026-06-03T09:37:00Z,u_0547_s01,ins_u_0547_001,{},v2.2.0-healthy
evt_001154,u_0227,profile_saved,2026-06-03T09:38:00Z,u_0227_s01,ins_u_0227_003,{},v2.2.0-healthy
evt_001155,u_0474,profile_saved,2026-06-03T09:38:00Z,u_0474_s01,ins_u_0474_003,{},v2.2.0-healthy
evt_001156,u_0547,signup_completed,2026-06-03T09:38:00Z,u_0547_s01,ins_u_0547_002,{},v2.2.0-healthy
evt_001157,u_0578,signup_started,2026-06-03T09:38:00Z,u_0578_s01,ins_u_0578_001,{},v2.2.0-healthy
evt_001158,u_0282,onboarding_completed,2026-06-03T09:39:00Z,u_0282_s01,ins_u_0282_005,"{""completed_at"": ""2026-06-03T09:26:00Z""}",v2.2.0-healthy
evt_001159,u_0474,onboarding_step_viewed,2026-06-03T09:40:00Z,u_0474_s01,ins_u_0474_004,{},v2.2.0-healthy
evt_001160,u_0219,onboarding_completed,2026-06-03T09:42:00Z,u_0219_s01,ins_u_0219_006,"{""completed_at"": ""2026-06-03T09:37:00Z""}",v2.2.0-healthy
evt_001161,u_0008,signup_started,2026-06-03T09:43:00Z,u_0008_s01,ins_u_0008_001,{},v2.2.0-healthy
evt_001162,u_0578,signup_completed,2026-06-03T09:44:00Z,u_0578_s01,ins_u_0578_002,{},v2.2.0-healthy
evt_001163,u_0547,profile_saved,2026-06-03T09:45:00Z,u_0547_s01,ins_u_0547_003,{},v2.2.0-healthy
evt_001164,u_0547,error_shown,2026-06-03T09:46:00Z,u_0547_s01,ins_u_0547_004,"{""code"": ""onboarding_timeout""}",v2.2.0-healthy
evt_001165,u_0008,session_abandoned,2026-06-03T09:48:00Z,u_0008_s01,ins_u_0008_002,{},v2.2.0-healthy
evt_001166,u_0376,onboarding_completed,2026-06-03T09:48:00Z,u_0376_s01,ins_u_0376_006,"{""completed_at"": ""2026-06-03T09:40:00Z""}",v2.2.0-healthy
evt_001167,u_0547,onboarding_step_viewed,2026-06-03T09:51:00Z,u_0547_s01,ins_u_0547_005,{},v2.2.0-healthy
evt_001168,u_0578,profile_saved,2026-06-03T09:54:00Z,u_0578_s01,ins_u_0578_003,{},v2.2.0-healthy
evt_001169,u_0305,signup_started,2026-06-03T09:57:00Z,u_0305_s01,ins_u_0305_001,{},v2.2.0-healthy
evt_001170,u_0578,onboarding_step_viewed,2026-06-03T09:57:00Z,u_0578_s01,ins_u_0578_004,{},v2.2.0-healthy
evt_001171,u_0547,feature_used,2026-06-03T10:00:00Z,u_0547_s01,ins_u_0547_006,"{""feature"": ""insights""}",v2.2.0-healthy
evt_001172,u_0733,activation_completed,2026-06-03T10:00:00Z,u_0733_s01,ins_u_0733_006,{},v2.2.0-healthy
evt_001173,u_0227,feature_used,2026-06-03T10:02:00Z,u_0227_s01,ins_u_0227_004,"{""feature"": ""insights""}",v2.2.0-healthy
evt_001174,u_0474,feature_used,2026-06-03T10:02:00Z,u_0474_s01,ins_u_0474_005,"{""feature"": ""board""}",v2.2.0-healthy
evt_001175,u_0305,signup_completed,2026-06-03T10:05:00Z,u_0305_s01,ins_u_0305_002,{},v2.2.0-healthy
evt_001176,u_0578,feature_used,2026-06-03T10:06:00Z,u_0578_s01,ins_u_0578_005,"{""feature"": ""board""}",v2.2.0-healthy
evt_001177,u_0635,signup_started,2026-06-03T10:07:00Z,u_0635_s01,ins_u_0635_001,{},v2.2.0-healthy
evt_001178,u_0305,profile_saved,2026-06-03T10:09:00Z,u_0305_s01,ins_u_0305_003,{},v2.2.0-healthy
evt_001179,u_0635,signup_completed,2026-06-03T10:12:00Z,u_0635_s01,ins_u_0635_002,{},v2.2.0-healthy
evt_001180,u_0707,activation_completed,2026-06-03T10:12:00Z,u_0707_s01,ins_u_0707_006,{},v2.2.0-healthy
evt_001181,u_0787,signup_started,2026-06-03T10:13:00Z,u_0787_s01,ins_u_0787_001,{},v2.2.0-healthy
evt_001182,u_0305,onboarding_step_viewed,2026-06-03T10:15:00Z,u_0305_s01,ins_u_0305_004,{},v2.2.0-healthy
evt_001183,u_0635,profile_saved,2026-06-03T10:15:00Z,u_0635_s01,ins_u_0635_003,{},v2.2.0-healthy
evt_001184,u_0192,signup_started,2026-06-03T10:19:00Z,u_0192_s01,ins_u_0192_001,{},v2.2.0-healthy
evt_001185,u_0227,onboarding_completed,2026-06-03T10:19:00Z,u_0227_s01,ins_u_0227_005,"{""completed_at"": ""2026-06-03T10:08:00Z""}",v2.2.0-healthy
evt_001186,u_0787,signup_completed,2026-06-03T10:20:00Z,u_0787_s01,ins_u_0787_002,{},v2.2.0-healthy
evt_001187,u_0635,onboarding_step_viewed,2026-06-03T10:21:00Z,u_0635_s01,ins_u_0635_004,{},v2.2.0-healthy
evt_001188,u_0474,onboarding_completed,2026-06-03T10:22:00Z,u_0474_s01,ins_u_0474_006,"{""completed_at"": ""2026-06-03T10:08:00Z""}",v2.2.0-healthy
evt_001189,u_0305,feature_used,2026-06-03T10:24:00Z,u_0305_s01,ins_u_0305_005,"{""feature"": ""insights""}",v2.2.0-healthy
evt_001190,u_0547,onboarding_completed,2026-06-03T10:24:00Z,u_0547_s01,ins_u_0547_007,"{""completed_at"": ""2026-06-03T10:19:00Z""}",v2.2.0-healthy
evt_001191,u_0192,session_abandoned,2026-06-03T10:26:00Z,u_0192_s01,ins_u_0192_002,{},v2.2.0-healthy
evt_001192,u_0787,session_abandoned,2026-06-03T10:26:00Z,u_0787_s01,ins_u_0787_003,{},v2.2.0-healthy
evt_001193,u_0684,signup_started,2026-06-03T10:27:00Z,u_0684_s01,ins_u_0684_001,{},v2.2.0-healthy
evt_001194,u_0684,signup_completed,2026-06-03T10:28:00Z,u_0684_s01,ins_u_0684_002,{},v2.2.0-healthy
evt_001195,u_0635,feature_used,2026-06-03T10:29:00Z,u_0635_s01,ins_u_0635_005,"{""feature"": ""insights""}",v2.2.0-healthy
evt_001196,u_0684,profile_saved,2026-06-03T10:33:00Z,u_0684_s01,ins_u_0684_003,{},v2.2.0-healthy
evt_001197,u_0684,onboarding_step_viewed,2026-06-03T10:35:00Z,u_0684_s01,ins_u_0684_004,{},v2.2.0-healthy
evt_001198,u_0736,signup_started,2026-06-03T10:39:00Z,u_0736_s01,ins_u_0736_001,{},v2.2.0-healthy
evt_001199,u_0202,signup_started,2026-06-03T10:42:00Z,u_0202_s01,ins_u_0202_001,{},v2.2.0-healthy
evt_001200,u_0305,onboarding_completed,2026-06-03T10:42:00Z,u_0305_s01,ins_u_0305_006,"{""completed_at"": ""2026-06-03T10:37:00Z""}",v2.2.0-healthy
evt_001201,u_0370,signup_started,2026-06-03T10:43:00Z,u_0370_s01,ins_u_0370_001,{},v2.2.0-healthy
evt_001202,u_0357,signup_started,2026-06-03T10:45:00Z,u_0357_s01,ins_u_0357_001,{},v2.2.0-healthy
evt_001203,u_0684,feature_used,2026-06-03T10:45:00Z,u_0684_s01,ins_u_0684_005,"{""feature"": ""board""}",v2.2.0-healthy
evt_001204,u_0202,signup_completed,2026-06-03T10:46:00Z,u_0202_s01,ins_u_0202_002,{},v2.2.0-healthy
evt_001205,u_0736,signup_completed,2026-06-03T10:46:00Z,u_0736_s01,ins_u_0736_002,{},v2.2.0-healthy
evt_001206,u_0202,profile_saved,2026-06-03T10:48:00Z,u_0202_s01,ins_u_0202_003,{},v2.2.0-healthy
evt_001207,u_0474,activation_completed,2026-06-03T10:49:00Z,u_0474_s01,ins_u_0474_007,{},v2.2.0-healthy
evt_001208,u_0370,signup_completed,2026-06-03T10:51:00Z,u_0370_s01,ins_u_0370_002,{},v2.2.0-healthy
evt_001209,u_0357,signup_completed,2026-06-03T10:53:00Z,u_0357_s01,ins_u_0357_002,{},v2.2.0-healthy
evt_001210,u_0357,profile_saved,2026-06-03T10:55:00Z,u_0357_s01,ins_u_0357_003,{},v2.2.0-healthy
evt_001211,u_0370,profile_saved,2026-06-03T10:55:00Z,u_0370_s01,ins_u_0370_003,{},v2.2.0-healthy
evt_001212,u_0635,onboarding_completed,2026-06-03T10:55:00Z,u_0635_s01,ins_u_0635_006,"{""completed_at"": ""2026-06-03T10:55:00Z""}",v2.2.0-healthy
evt_001213,u_0736,profile_saved,2026-06-03T10:56:00Z,u_0736_s01,ins_u_0736_003,{},v2.2.0-healthy
evt_001214,u_0617,signup_started,2026-06-03T10:58:00Z,u_0617_s01,ins_u_0617_001,{},v2.2.0-healthy
evt_001215,u_0357,onboarding_step_viewed,2026-06-03T11:01:00Z,u_0357_s01,ins_u_0357_004,{},v2.2.0-healthy
evt_001216,u_0617,session_abandoned,2026-06-03T11:01:00Z,u_0617_s01,ins_u_0617_002,{},v2.2.0-healthy
evt_001217,u_0736,onboarding_step_viewed,2026-06-03T11:01:00Z,u_0736_s01,ins_u_0736_004,{},v2.2.0-healthy
evt_001218,u_0357,feature_used,2026-06-03T11:02:00Z,u_0357_s01,ins_u_0357_005,"{""feature"": ""insights""}",v2.2.0-healthy
evt_001219,u_0305,activation_completed,2026-06-03T11:03:00Z,u_0305_s01,ins_u_0305_007,{},v2.2.0-healthy
evt_001220,u_0605,signup_started,2026-06-03T11:12:00Z,u_0605_s01,ins_u_0605_001,{},v2.2.0-healthy
evt_001221,u_0202,feature_used,2026-06-03T11:13:00Z,u_0202_s01,ins_u_0202_004,"{""feature"": ""board""}",v2.2.0-healthy
evt_001222,u_0345,signup_started,2026-06-03T11:13:00Z,u_0345_s01,ins_u_0345_001,{},v2.2.0-healthy
evt_001223,u_0605,signup_completed,2026-06-03T11:13:00Z,u_0605_s01,ins_u_0605_002,{},v2.2.0-healthy
evt_001224,u_0675,signup_started,2026-06-03T11:15:00Z,u_0675_s01,ins_u_0675_001,{},v2.2.0-healthy
evt_001225,u_0768,signup_started,2026-06-03T11:15:00Z,u_0768_s01,ins_u_0768_001,{},v2.2.0-healthy
evt_001226,u_0345,signup_completed,2026-06-03T11:17:00Z,u_0345_s01,ins_u_0345_002,{},v2.2.0-healthy
evt_001227,u_0495,signup_started,2026-06-03T11:17:00Z,u_0495_s01,ins_u_0495_001,{},v2.2.0-healthy
evt_001228,u_0605,profile_saved,2026-06-03T11:17:00Z,u_0605_s01,ins_u_0605_003,{},v2.2.0-healthy
evt_001229,u_0605,error_shown,2026-06-03T11:18:00Z,u_0605_s01,ins_u_0605_004,"{""code"": ""onboarding_timeout""}",v2.2.0-healthy
evt_001230,u_0675,signup_completed,2026-06-03T11:19:00Z,u_0675_s01,ins_u_0675_002,{},v2.2.0-healthy
evt_001231,u_0605,onboarding_step_viewed,2026-06-03T11:20:00Z,u_0605_s01,ins_u_0605_005,{},v2.2.0-healthy
evt_001232,u_0357,onboarding_completed,2026-06-03T11:21:00Z,u_0357_s01,ins_u_0357_006,"{""completed_at"": ""2026-06-03T11:23:00Z""}",v2.2.0-healthy
evt_001233,u_0768,signup_completed,2026-06-03T11:22:00Z,u_0768_s01,ins_u_0768_002,{},v2.2.0-healthy
evt_001234,u_0437,signup_started,2026-06-03T11:23:00Z,u_0437_s01,ins_u_0437_001,{},v2.2.0-healthy
evt_001235,u_0736,onboarding_completed,2026-06-03T11:23:00Z,u_0736_s01,ins_u_0736_005,"{""completed_at"": ""2026-06-03T11:32:00Z""}",v2.2.0-healthy
evt_001236,u_0495,signup_completed,2026-06-03T11:24:00Z,u_0495_s01,ins_u_0495_002,{},v2.2.0-healthy
evt_001237,u_0437,signup_completed,2026-06-03T11:25:00Z,u_0437_s01,ins_u_0437_002,{},v2.2.0-healthy
evt_001238,u_0675,profile_saved,2026-06-03T11:25:00Z,u_0675_s01,ins_u_0675_003,{},v2.2.0-healthy
evt_001239,u_0345,session_abandoned,2026-06-03T11:26:00Z,u_0345_s01,ins_u_0345_003,{},v2.2.0-healthy
evt_001240,u_0394,signup_started,2026-06-03T11:26:00Z,u_0394_s01,ins_u_0394_001,{},v2.2.0-healthy
evt_001241,u_0675,onboarding_step_viewed,2026-06-03T11:28:00Z,u_0675_s01,ins_u_0675_004,{},v2.2.0-healthy
evt_001242,u_0202,onboarding_completed,2026-06-03T11:29:00Z,u_0202_s01,ins_u_0202_005,"{""completed_at"": ""2026-06-03T11:21:00Z""}",v2.2.0-healthy
evt_001243,u_0437,session_abandoned,2026-06-03T11:29:00Z,u_0437_s01,ins_u_0437_003,{},v2.2.0-healthy
evt_001244,u_0768,profile_saved,2026-06-03T11:29:00Z,u_0768_s01,ins_u_0768_003,{},v2.2.0-healthy
evt_001245,u_0768,error_shown,2026-06-03T11:30:00Z,u_0768_s01,ins_u_0768_004,"{""code"": ""onboarding_timeout""}",v2.2.0-healthy
evt_001246,u_0684,activation_completed,2026-06-03T11:31:00Z,u_0684_s01,ins_u_0684_006,{},v2.2.0-healthy
evt_001247,u_0370,onboarding_completed,2026-06-03T11:32:00Z,u_0370_s01,ins_u_0370_004,"{""completed_at"": ""2026-06-03T11:24:00Z""}",v2.2.0-healthy
evt_001248,u_0394,signup_completed,2026-06-03T11:32:00Z,u_0394_s01,ins_u_0394_002,{},v2.2.0-healthy
evt_001249,u_0495,profile_saved,2026-06-03T11:32:00Z,u_0495_s01,ins_u_0495_003,{},v2.2.0-healthy
evt_001250,u_0768,onboarding_step_viewed,2026-06-03T11:33:00Z,u_0768_s01,ins_u_0768_005,{},v2.2.0-healthy
evt_001251,u_0605,feature_used,2026-06-03T11:34:00Z,u_0605_s01,ins_u_0605_006,"{""feature"": ""insights""}",v2.2.0-healthy
evt_001252,u_0394,session_abandoned,2026-06-03T11:37:00Z,u_0394_s01,ins_u_0394_003,{},v2.2.0-healthy
evt_001253,u_0495,onboarding_step_viewed,2026-06-03T11:38:00Z,u_0495_s01,ins_u_0495_004,{},v2.2.0-healthy
evt_001254,u_0049,signup_started,2026-06-03T11:40:00Z,u_0049_s01,ins_u_0049_001,{},v2.2.0-healthy
evt_001255,u_0077,signup_started,2026-06-03T11:42:00Z,u_0077_s01,ins_u_0077_001,{},v2.2.0-healthy
evt_001256,u_0495,feature_used,2026-06-03T11:42:00Z,u_0495_s01,ins_u_0495_005,"{""feature"": ""insights""}",v2.2.0-healthy
evt_001257,u_0675,feature_used,2026-06-03T11:42:00Z,u_0675_s01,ins_u_0675_005,"{""feature"": ""insights""}",v2.2.0-healthy
evt_001258,u_0238,signup_started,2026-06-03T11:44:00Z,u_0238_s01,ins_u_0238_001,{},v2.2.0-healthy
evt_001259,u_0443,signup_started,2026-06-03T11:45:00Z,u_0443_s01,ins_u_0443_001,{},v2.2.0-healthy
evt_001260,u_0768,feature_used,2026-06-03T11:46:00Z,u_0768_s01,ins_u_0768_006,"{""feature"": ""board""}",v2.2.0-healthy
evt_001261,u_0443,signup_completed,2026-06-03T11:47:00Z,u_0443_s01,ins_u_0443_002,{},v2.2.0-healthy
evt_001262,u_0049,signup_completed,2026-06-03T11:48:00Z,u_0049_s01,ins_u_0049_002,{},v2.2.0-healthy
evt_001263,u_0077,signup_completed,2026-06-03T11:48:00Z,u_0077_s01,ins_u_0077_002,{},v2.2.0-healthy
evt_001264,u_0238,signup_completed,2026-06-03T11:50:00Z,u_0238_s01,ins_u_0238_002,{},v2.2.0-healthy
evt_001265,u_0723,signup_started,2026-06-03T11:50:00Z,u_0723_s01,ins_u_0723_001,{},v2.2.0-healthy
evt_001266,u_0443,session_abandoned,2026-06-03T11:53:00Z,u_0443_s01,ins_u_0443_003,{},v2.2.0-healthy
evt_001267,u_0723,session_abandoned,2026-06-03T11:53:00Z,u_0723_s01,ins_u_0723_002,{},v2.2.0-healthy
evt_001268,u_0370,activation_completed,2026-06-03T11:54:00Z,u_0370_s01,ins_u_0370_005,{},v2.2.0-healthy
evt_001269,u_0077,profile_saved,2026-06-03T11:55:00Z,u_0077_s01,ins_u_0077_003,{},v2.2.0-healthy
evt_001270,u_0238,session_abandoned,2026-06-03T11:55:00Z,u_0238_s01,ins_u_0238_003,{},v2.2.0-healthy
evt_001271,u_0605,onboarding_completed,2026-06-03T11:56:00Z,u_0605_s01,ins_u_0605_007,"{""completed_at"": ""2026-06-03T11:45:00Z""}",v2.2.0-healthy
evt_001272,u_0049,session_abandoned,2026-06-03T11:57:00Z,u_0049_s01,ins_u_0049_003,{},v2.2.0-healthy
evt_001273,u_0077,onboarding_step_viewed,2026-06-03T12:00:00Z,u_0077_s01,ins_u_0077_004,{},v2.2.0-healthy
evt_001274,u_0788,signup_started,2026-06-03T12:00:00Z,u_0788_s01,ins_u_0788_001,{},v2.2.0-healthy
evt_001275,u_0495,onboarding_completed,2026-06-03T12:03:00Z,u_0495_s01,ins_u_0495_006,"{""completed_at"": ""2026-06-03T12:03:00Z""}",v2.2.0-healthy
evt_001276,u_0675,onboarding_completed,2026-06-03T12:03:00Z,u_0675_s01,ins_u_0675_006,"{""completed_at"": ""2026-06-03T11:57:00Z""}",v2.2.0-healthy
evt_001277,u_0087,signup_started,2026-06-03T12:04:00Z,u_0087_s01,ins_u_0087_001,{},v2.2.0-healthy
evt_001278,u_0788,signup_completed,2026-06-03T12:04:00Z,u_0788_s01,ins_u_0788_002,{},v2.2.0-healthy
evt_001279,u_0087,signup_completed,2026-06-03T12:11:00Z,u_0087_s01,ins_u_0087_002,{},v2.2.0-healthy
evt_001280,u_0788,session_abandoned,2026-06-03T12:12:00Z,u_0788_s01,ins_u_0788_003,{},v2.2.0-healthy
evt_001281,u_0087,profile_saved,2026-06-03T12:16:00Z,u_0087_s01,ins_u_0087_003,{},v2.2.0-healthy
evt_001282,u_0544,signup_started,2026-06-03T12:17:00Z,u_0544_s01,ins_u_0544_001,{},v2.2.0-healthy
evt_001283,u_0077,feature_used,2026-06-03T12:19:00Z,u_0077_s01,ins_u_0077_005,"{""feature"": ""insights""}",v2.2.0-healthy
evt_001284,u_0087,onboarding_step_viewed,2026-06-03T12:20:00Z,u_0087_s01,ins_u_0087_004,{},v2.2.0-healthy
evt_001285,u_0768,activation_completed,2026-06-03T12:21:00Z,u_0768_s01,ins_u_0768_007,{},v2.2.0-healthy
evt_001286,u_0077,onboarding_completed,2026-06-03T12:22:00Z,u_0077_s01,ins_u_0077_006,"{""completed_at"": ""2026-06-03T12:32:00Z""}",v2.2.0-healthy
evt_001287,u_0544,signup_completed,2026-06-03T12:24:00Z,u_0544_s01,ins_u_0544_002,{},v2.2.0-healthy
evt_001288,u_0544,profile_saved,2026-06-03T12:31:00Z,u_0544_s01,ins_u_0544_003,{},v2.2.0-healthy
evt_001289,u_0544,onboarding_step_viewed,2026-06-03T12:36:00Z,u_0544_s01,ins_u_0544_004,{},v2.2.0-healthy
evt_001290,u_0692,signup_started,2026-06-03T12:38:00Z,u_0692_s01,ins_u_0692_001,{},v2.2.0-healthy
evt_001291,u_0473,signup_started,2026-06-03T12:40:00Z,u_0473_s01,ins_u_0473_001,{},v2.2.0-healthy
evt_001292,u_0473,signup_completed,2026-06-03T12:43:00Z,u_0473_s01,ins_u_0473_002,{},v2.2.0-healthy
evt_001293,u_0087,onboarding_completed,2026-06-03T12:44:00Z,u_0087_s01,ins_u_0087_005,"{""completed_at"": ""2026-06-03T12:55:00Z""}",v2.2.0-healthy
evt_001294,u_0322,signup_started,2026-06-03T12:44:00Z,u_0322_s01,ins_u_0322_001,{},v2.2.0-healthy
evt_001295,u_0544,feature_used,2026-06-03T12:44:00Z,u_0544_s01,ins_u_0544_005,"{""feature"": ""board""}",v2.2.0-healthy
evt_001296,u_0692,session_abandoned,2026-06-03T12:44:00Z,u_0692_s01,ins_u_0692_002,{},v2.2.0-healthy
evt_001297,u_0734,signup_started,2026-06-03T12:44:00Z,u_0734_s01,ins_u_0734_001,{},v2.2.0-healthy
evt_001298,u_0734,signup_completed,2026-06-03T12:48:00Z,u_0734_s01,ins_u_0734_002,{},v2.2.0-healthy
evt_001299,u_0255,signup_started,2026-06-03T12:50:00Z,u_0255_s01,ins_u_0255_001,{},v2.2.0-healthy
evt_001300,u_0322,session_abandoned,2026-06-03T12:50:00Z,u_0322_s01,ins_u_0322_002,{},v2.2.0-healthy
evt_001301,u_0473,profile_saved,2026-06-03T12:51:00Z,u_0473_s01,ins_u_0473_003,{},v2.2.0-healthy
evt_001302,u_0734,session_abandoned,2026-06-03T12:52:00Z,u_0734_s01,ins_u_0734_003,{},v2.2.0-healthy
evt_001303,u_0473,onboarding_step_viewed,2026-06-03T12:55:00Z,u_0473_s01,ins_u_0473_004,{},v2.2.0-healthy
evt_001304,u_0255,signup_completed,2026-06-03T12:56:00Z,u_0255_s01,ins_u_0255_002,{},v2.2.0-healthy
evt_001305,u_0255,profile_saved,2026-06-03T13:02:00Z,u_0255_s01,ins_u_0255_003,{},v2.2.0-healthy
evt_001306,u_0473,feature_used,2026-06-03T13:05:00Z,u_0473_s01,ins_u_0473_005,"{""feature"": ""insights""}",v2.2.0-healthy
evt_001307,u_0637,signup_started,2026-06-03T13:06:00Z,u_0637_s01,ins_u_0637_001,{},v2.2.0-healthy
evt_001308,u_0637,signup_completed,2026-06-03T13:08:00Z,u_0637_s01,ins_u_0637_002,{},v2.2.0-healthy
evt_001309,u_0637,profile_saved,2026-06-03T13:10:00Z,u_0637_s01,ins_u_0637_003,{},v2.2.0-healthy
evt_001310,u_0637,error_shown,2026-06-03T13:11:00Z,u_0637_s01,ins_u_0637_004,"{""code"": ""onboarding_timeout""}",v2.2.0-healthy
evt_001311,u_0637,onboarding_step_viewed,2026-06-03T13:12:00Z,u_0637_s01,ins_u_0637_005,{},v2.2.0-healthy
evt_001312,u_0128,signup_started,2026-06-03T13:15:00Z,u_0128_s01,ins_u_0128_001,{},v2.2.0-healthy
evt_001313,u_0438,signup_started,2026-06-03T13:15:00Z,u_0438_s01,ins_u_0438_001,{},v2.2.0-healthy
evt_001314,u_0544,onboarding_completed,2026-06-03T13:15:00Z,u_0544_s01,ins_u_0544_006,"{""completed_at"": ""2026-06-03T13:01:00Z""}",v2.2.0-healthy
evt_001315,u_0128,signup_completed,2026-06-03T13:18:00Z,u_0128_s01,ins_u_0128_002,{},v2.2.0-healthy
evt_001316,u_0438,signup_completed,2026-06-03T13:19:00Z,u_0438_s01,ins_u_0438_002,{},v2.2.0-healthy
evt_001317,u_0637,feature_used,2026-06-03T13:19:00Z,u_0637_s01,ins_u_0637_006,"{""feature"": ""insights""}",v2.2.0-healthy
evt_001318,u_0473,onboarding_completed,2026-06-03T13:20:00Z,u_0473_s01,ins_u_0473_006,"{""completed_at"": ""2026-06-03T13:19:00Z""}",v2.2.0-healthy
evt_001319,u_0128,profile_saved,2026-06-03T13:28:00Z,u_0128_s01,ins_u_0128_003,{},v2.2.0-healthy
evt_001320,u_0438,profile_saved,2026-06-03T13:29:00Z,u_0438_s01,ins_u_0438_003,{},v2.2.0-healthy
evt_001321,u_0438,error_shown,2026-06-03T13:30:00Z,u_0438_s01,ins_u_0438_004,"{""code"": ""onboarding_timeout""}",v2.2.0-healthy
evt_001322,u_0255,onboarding_completed,2026-06-03T13:31:00Z,u_0255_s01,ins_u_0255_004,"{""completed_at"": ""2026-06-03T13:39:00Z""}",v2.2.0-healthy
evt_001323,u_0660,signup_started,2026-06-03T13:32:00Z,u_0660_s01,ins_u_0660_001,{},v2.2.0-healthy
evt_001324,u_0128,onboarding_step_viewed,2026-06-03T13:33:00Z,u_0128_s01,ins_u_0128_004,{},v2.2.0-healthy
evt_001325,u_0438,onboarding_step_viewed,2026-06-03T13:33:00Z,u_0438_s01,ins_u_0438_005,{},v2.2.0-healthy
evt_001326,u_0660,signup_completed,2026-06-03T13:33:00Z,u_0660_s01,ins_u_0660_002,{},v2.2.0-healthy
evt_001327,u_0438,feature_used,2026-06-03T13:37:00Z,u_0438_s01,ins_u_0438_006,"{""feature"": ""board""}",v2.2.0-healthy
evt_001328,u_0660,profile_saved,2026-06-03T13:42:00Z,u_0660_s01,ins_u_0660_003,{},v2.2.0-healthy
evt_001329,u_0660,onboarding_step_viewed,2026-06-03T13:44:00Z,u_0660_s01,ins_u_0660_004,{},v2.2.0-healthy
evt_001330,u_0128,feature_used,2026-06-03T13:47:00Z,u_0128_s01,ins_u_0128_005,"{""feature"": ""board""}",v2.2.0-healthy
evt_001331,u_0135,signup_started,2026-06-03T13:48:00Z,u_0135_s01,ins_u_0135_001,{},v2.2.0-healthy
evt_001332,u_0637,onboarding_completed,2026-06-03T13:51:00Z,u_0637_s01,ins_u_0637_007,"{""completed_at"": ""2026-06-03T13:40:00Z""}",v2.2.0-healthy
evt_001333,u_0135,signup_completed,2026-06-03T13:53:00Z,u_0135_s01,ins_u_0135_002,{},v2.2.0-healthy
evt_001334,u_0128,onboarding_completed,2026-06-03T13:55:00Z,u_0128_s01,ins_u_0128_006,"{""completed_at"": ""2026-06-03T14:01:00Z""}",v2.2.0-healthy
evt_001335,u_0135,profile_saved,2026-06-03T13:58:00Z,u_0135_s01,ins_u_0135_003,{},v2.2.0-healthy
evt_001336,u_0135,onboarding_step_viewed,2026-06-03T14:00:00Z,u_0135_s01,ins_u_0135_004,{},v2.2.0-healthy
evt_001337,u_0438,onboarding_completed,2026-06-03T14:00:00Z,u_0438_s01,ins_u_0438_007,"{""completed_at"": ""2026-06-03T14:06:00Z""}",v2.2.0-healthy
evt_001338,u_0660,feature_used,2026-06-03T14:07:00Z,u_0660_s01,ins_u_0660_005,"{""feature"": ""board""}",v2.2.0-healthy
evt_001339,u_0473,activation_completed,2026-06-03T14:10:00Z,u_0473_s01,ins_u_0473_007,{},v2.2.0-healthy
evt_001340,u_0775,signup_started,2026-06-03T14:11:00Z,u_0775_s01,ins_u_0775_001,{},v2.2.0-healthy
evt_001341,u_0660,onboarding_completed,2026-06-03T14:13:00Z,u_0660_s01,ins_u_0660_006,"{""completed_at"": ""2026-06-03T14:20:00Z""}",v2.2.0-healthy
evt_001342,u_0637,activation_completed,2026-06-03T14:19:00Z,u_0637_s01,ins_u_0637_008,{},v2.2.0-healthy
evt_001343,u_0775,signup_completed,2026-06-03T14:19:00Z,u_0775_s01,ins_u_0775_002,{},v2.2.0-healthy
evt_001344,u_0710,signup_started,2026-06-03T14:24:00Z,u_0710_s01,ins_u_0710_001,{},v2.2.0-healthy
evt_001345,u_0743,signup_started,2026-06-03T14:26:00Z,u_0743_s01,ins_u_0743_001,{},v2.2.0-healthy
evt_001346,u_0775,profile_saved,2026-06-03T14:26:00Z,u_0775_s01,ins_u_0775_003,{},v2.2.0-healthy
evt_001347,u_0128,activation_completed,2026-06-03T14:27:00Z,u_0128_s01,ins_u_0128_007,{},v2.2.0-healthy
evt_001348,u_0743,signup_completed,2026-06-03T14:30:00Z,u_0743_s01,ins_u_0743_002,{},v2.2.0-healthy
evt_001349,u_0593,signup_started,2026-06-03T14:31:00Z,u_0593_s01,ins_u_0593_001,{},v2.2.0-healthy
evt_001350,u_0710,signup_completed,2026-06-03T14:31:00Z,u_0710_s01,ins_u_0710_002,{},v2.2.0-healthy
evt_001351,u_0775,onboarding_step_viewed,2026-06-03T14:31:00Z,u_0775_s01,ins_u_0775_004,{},v2.2.0-healthy
evt_001352,u_0438,activation_completed,2026-06-03T14:35:00Z,u_0438_s01,ins_u_0438_008,{},v2.2.0-healthy
evt_001353,u_0710,profile_saved,2026-06-03T14:35:00Z,u_0710_s01,ins_u_0710_003,{},v2.2.0-healthy
evt_001354,u_0135,onboarding_completed,2026-06-03T14:36:00Z,u_0135_s01,ins_u_0135_005,"{""completed_at"": ""2026-06-03T14:37:00Z""}",v2.2.0-healthy
evt_001355,u_0593,signup_completed,2026-06-03T14:38:00Z,u_0593_s01,ins_u_0593_002,{},v2.2.0-healthy
evt_001356,u_0710,onboarding_step_viewed,2026-06-03T14:38:00Z,u_0710_s01,ins_u_0710_004,{},v2.2.0-healthy
evt_001357,u_0743,profile_saved,2026-06-03T14:39:00Z,u_0743_s01,ins_u_0743_003,{},v2.2.0-healthy
evt_001358,u_0688,signup_started,2026-06-03T14:41:00Z,u_0688_s01,ins_u_0688_001,{},v2.2.0-healthy
evt_001359,u_0593,session_abandoned,2026-06-03T14:43:00Z,u_0593_s01,ins_u_0593_003,{},v2.2.0-healthy
evt_001360,u_0743,onboarding_step_viewed,2026-06-03T14:43:00Z,u_0743_s01,ins_u_0743_004,{},v2.2.0-healthy
evt_001361,u_0775,feature_used,2026-06-03T14:44:00Z,u_0775_s01,ins_u_0775_005,"{""feature"": ""insights""}",v2.2.0-healthy
evt_001362,u_0688,session_abandoned,2026-06-03T14:45:00Z,u_0688_s01,ins_u_0688_002,{},v2.2.0-healthy
evt_001363,u_0660,activation_completed,2026-06-03T14:49:00Z,u_0660_s01,ins_u_0660_007,{},v2.2.0-healthy
evt_001364,u_0090,signup_started,2026-06-03T14:51:00Z,u_0090_s01,ins_u_0090_001,{},v2.2.0-healthy
evt_001365,u_0069,signup_started,2026-06-03T14:55:00Z,u_0069_s01,ins_u_0069_001,{},v2.2.0-healthy
evt_001366,u_0090,signup_completed,2026-06-03T14:58:00Z,u_0090_s01,ins_u_0090_002,{},v2.2.0-healthy
evt_001367,u_0775,onboarding_completed,2026-06-03T15:00:00Z,u_0775_s01,ins_u_0775_006,"{""completed_at"": ""2026-06-03T15:06:00Z""}",v2.2.0-healthy
evt_001368,u_0069,signup_completed,2026-06-03T15:03:00Z,u_0069_s01,ins_u_0069_002,{},v2.2.0-healthy
evt_001369,u_0189,signup_started,2026-06-03T15:05:00Z,u_0189_s01,ins_u_0189_001,{},v2.2.0-healthy
evt_001370,u_0090,profile_saved,2026-06-03T15:07:00Z,u_0090_s01,ins_u_0090_003,{},v2.2.0-healthy
evt_001371,u_0710,onboarding_completed,2026-06-03T15:07:00Z,u_0710_s01,ins_u_0710_005,"{""completed_at"": ""2026-06-03T15:15:00Z""}",v2.2.0-healthy
evt_001372,u_0090,error_shown,2026-06-03T15:08:00Z,u_0090_s01,ins_u_0090_004,"{""code"": ""onboarding_timeout""}",v2.2.0-healthy
evt_001373,u_0058,signup_started,2026-06-03T15:10:00Z,u_0058_s01,ins_u_0058_001,{},v2.2.0-healthy
evt_001374,u_0189,signup_completed,2026-06-03T15:11:00Z,u_0189_s01,ins_u_0189_002,{},v2.2.0-healthy
evt_001375,u_0069,profile_saved,2026-06-03T15:12:00Z,u_0069_s01,ins_u_0069_003,{},v2.2.0-healthy
evt_001376,u_0090,onboarding_step_viewed,2026-06-03T15:12:00Z,u_0090_s01,ins_u_0090_005,{},v2.2.0-healthy
evt_001377,u_0545,signup_started,2026-06-03T15:12:00Z,u_0545_s01,ins_u_0545_001,{},v2.2.0-healthy
evt_001378,u_0058,signup_completed,2026-06-03T15:14:00Z,u_0058_s01,ins_u_0058_002,{},v2.2.0-healthy
evt_001379,u_0444,signup_started,2026-06-03T15:14:00Z,u_0444_s01,ins_u_0444_001,{},v2.2.0-healthy
evt_001380,u_0069,onboarding_step_viewed,2026-06-03T15:15:00Z,u_0069_s01,ins_u_0069_004,{},v2.2.0-healthy
evt_001381,u_0189,profile_saved,2026-06-03T15:17:00Z,u_0189_s01,ins_u_0189_003,{},v2.2.0-healthy
evt_001382,u_0545,session_abandoned,2026-06-03T15:19:00Z,u_0545_s01,ins_u_0545_002,{},v2.2.0-healthy
evt_001383,u_0743,onboarding_completed,2026-06-03T15:20:00Z,u_0743_s01,ins_u_0743_005,"{""completed_at"": ""2026-06-03T15:11:00Z""}",v2.2.0-healthy
evt_001384,u_0058,profile_saved,2026-06-03T15:21:00Z,u_0058_s01,ins_u_0058_003,{},v2.2.0-healthy
evt_001385,u_0090,feature_used,2026-06-03T15:21:00Z,u_0090_s01,ins_u_0090_006,"{""feature"": ""board""}",v2.2.0-healthy
evt_001386,u_0444,signup_completed,2026-06-03T15:21:00Z,u_0444_s01,ins_u_0444_002,{},v2.2.0-healthy
evt_001387,u_0069,feature_used,2026-06-03T15:23:00Z,u_0069_s01,ins_u_0069_005,"{""feature"": ""insights""}",v2.2.0-healthy
evt_001388,u_0189,onboarding_step_viewed,2026-06-03T15:23:00Z,u_0189_s01,ins_u_0189_004,{},v2.2.0-healthy
evt_001389,u_0058,onboarding_step_viewed,2026-06-03T15:26:00Z,u_0058_s01,ins_u_0058_004,{},v2.2.0-healthy
evt_001390,u_0189,feature_used,2026-06-03T15:27:00Z,u_0189_s01,ins_u_0189_005,"{""feature"": ""insights""}",v2.2.0-healthy
evt_001391,u_0444,profile_saved,2026-06-03T15:29:00Z,u_0444_s01,ins_u_0444_003,{},v2.2.0-healthy
evt_001392,u_0718,signup_started,2026-06-03T15:29:00Z,u_0718_s01,ins_u_0718_001,{},v2.2.0-healthy
evt_001393,u_0718,signup_completed,2026-06-03T15:31:00Z,u_0718_s01,ins_u_0718_002,{},v2.2.0-healthy
evt_001394,u_0444,onboarding_step_viewed,2026-06-03T15:32:00Z,u_0444_s01,ins_u_0444_004,{},v2.2.0-healthy
evt_001395,u_0718,session_abandoned,2026-06-03T15:35:00Z,u_0718_s01,ins_u_0718_003,{},v2.2.0-healthy
evt_001396,u_0444,feature_used,2026-06-03T15:36:00Z,u_0444_s01,ins_u_0444_005,"{""feature"": ""board""}",v2.2.0-healthy
evt_001397,u_0090,onboarding_completed,2026-06-03T15:37:00Z,u_0090_s01,ins_u_0090_007,"{""completed_at"": ""2026-06-03T15:35:00Z""}",v2.2.0-healthy
evt_001398,u_0775,activation_completed,2026-06-03T15:44:00Z,u_0775_s01,ins_u_0775_007,{},v2.2.0-healthy
evt_001399,u_0046,signup_started,2026-06-03T15:46:00Z,u_0046_s01,ins_u_0046_001,{},v2.2.0-healthy
evt_001400,u_0069,onboarding_completed,2026-06-03T15:47:00Z,u_0069_s01,ins_u_0069_006,"{""completed_at"": ""2026-06-03T15:51:00Z""}",v2.2.0-healthy
evt_001401,u_0046,signup_completed,2026-06-03T15:48:00Z,u_0046_s01,ins_u_0046_002,{},v2.2.0-healthy
evt_001402,u_0189,onboarding_completed,2026-06-03T15:49:00Z,u_0189_s01,ins_u_0189_006,"{""completed_at"": ""2026-06-03T15:48:00Z""}",v2.2.0-healthy
evt_001403,u_0058,onboarding_completed,2026-06-03T15:51:00Z,u_0058_s01,ins_u_0058_005,"{""completed_at"": ""2026-06-03T16:00:00Z""}",v2.2.0-healthy
evt_001404,u_0710,activation_completed,2026-06-03T15:51:00Z,u_0710_s01,ins_u_0710_006,{},v2.2.0-healthy
evt_001405,u_0090,activation_completed,2026-06-03T15:53:00Z,u_0090_s01,ins_u_0090_008,{},v2.2.0-healthy
evt_001406,u_0046,session_abandoned,2026-06-03T15:57:00Z,u_0046_s01,ins_u_0046_003,{},v2.2.0-healthy
evt_001407,u_0395,signup_started,2026-06-03T16:00:00Z,u_0395_s01,ins_u_0395_001,{},v2.2.0-healthy
evt_001408,u_0395,signup_completed,2026-06-03T16:01:00Z,u_0395_s01,ins_u_0395_002,{},v2.2.0-healthy
evt_001409,u_0444,onboarding_completed,2026-06-03T16:01:00Z,u_0444_s01,ins_u_0444_006,"{""completed_at"": ""2026-06-03T16:01:00Z""}",v2.2.0-healthy
evt_001410,u_0395,profile_saved,2026-06-03T16:05:00Z,u_0395_s01,ins_u_0395_003,{},v2.2.0-healthy
evt_001411,u_0606,signup_started,2026-06-03T16:06:00Z,u_0606_s01,ins_u_0606_001,{},v2.2.0-healthy
evt_001412,u_0395,onboarding_step_viewed,2026-06-03T16:09:00Z,u_0395_s01,ins_u_0395_004,{},v2.2.0-healthy
evt_001413,u_0606,session_abandoned,2026-06-03T16:10:00Z,u_0606_s01,ins_u_0606_002,{},v2.2.0-healthy
evt_001414,u_0349,signup_started,2026-06-03T16:11:00Z,u_0349_s01,ins_u_0349_001,{},v2.2.0-healthy
evt_001415,u_0349,session_abandoned,2026-06-03T16:15:00Z,u_0349_s01,ins_u_0349_002,{},v2.2.0-healthy
evt_001416,u_0132,signup_started,2026-06-03T16:17:00Z,u_0132_s01,ins_u_0132_001,{},v2.2.0-healthy
evt_001417,u_0395,feature_used,2026-06-03T16:18:00Z,u_0395_s01,ins_u_0395_005,"{""feature"": ""insights""}",v2.2.0-healthy
evt_001418,u_0132,signup_completed,2026-06-03T16:20:00Z,u_0132_s01,ins_u_0132_002,{},v2.2.0-healthy
evt_001419,u_0167,signup_started,2026-06-03T16:24:00Z,u_0167_s01,ins_u_0167_001,{},v2.2.0-healthy
evt_001420,u_0132,session_abandoned,2026-06-03T16:25:00Z,u_0132_s01,ins_u_0132_003,{},v2.2.0-healthy
evt_001421,u_0167,signup_completed,2026-06-03T16:25:00Z,u_0167_s01,ins_u_0167_002,{},v2.2.0-healthy
evt_001422,u_0189,activation_completed,2026-06-03T16:26:00Z,u_0189_s01,ins_u_0189_007,{},v2.2.0-healthy
evt_001423,u_0211,signup_started,2026-06-03T16:29:00Z,u_0211_s01,ins_u_0211_001,{},v2.2.0-healthy
evt_001424,u_0408,signup_started,2026-06-03T16:29:00Z,u_0408_s01,ins_u_0408_001,{},v2.2.0-healthy
evt_001425,u_0003,signup_started,2026-06-03T16:30:00Z,u_0003_s01,ins_u_0003_001,{},v2.2.0-healthy
evt_001426,u_0003,signup_completed,2026-06-03T16:31:00Z,u_0003_s01,ins_u_0003_002,{},v2.2.0-healthy
evt_001427,u_0098,signup_started,2026-06-03T16:33:00Z,u_0098_s01,ins_u_0098_001,{},v2.2.0-healthy
evt_001428,u_0167,profile_saved,2026-06-03T16:33:00Z,u_0167_s01,ins_u_0167_003,{},v2.2.0-healthy
evt_001429,u_0211,signup_completed,2026-06-03T16:33:00Z,u_0211_s01,ins_u_0211_002,{},v2.2.0-healthy
evt_001430,u_0408,signup_completed,2026-06-03T16:34:00Z,u_0408_s01,ins_u_0408_002,{},v2.2.0-healthy
evt_001431,u_0167,onboarding_step_viewed,2026-06-03T16:35:00Z,u_0167_s01,ins_u_0167_004,{},v2.2.0-healthy
evt_001432,u_0211,profile_saved,2026-06-03T16:36:00Z,u_0211_s01,ins_u_0211_003,{},v2.2.0-healthy
evt_001433,u_0098,signup_completed,2026-06-03T16:37:00Z,u_0098_s01,ins_u_0098_002,{},v2.2.0-healthy
evt_001434,u_0003,profile_saved,2026-06-03T16:39:00Z,u_0003_s01,ins_u_0003_003,{},v2.2.0-healthy
evt_001435,u_0541,signup_started,2026-06-03T16:40:00Z,u_0541_s01,ins_u_0541_001,{},v2.2.0-healthy
evt_001436,u_0003,onboarding_step_viewed,2026-06-03T16:41:00Z,u_0003_s01,ins_u_0003_004,{},v2.2.0-healthy
evt_001437,u_0098,profile_saved,2026-06-03T16:41:00Z,u_0098_s01,ins_u_0098_003,{},v2.2.0-healthy
evt_001438,u_0211,onboarding_step_viewed,2026-06-03T16:42:00Z,u_0211_s01,ins_u_0211_004,{},v2.2.0-healthy
evt_001439,u_0408,profile_saved,2026-06-03T16:43:00Z,u_0408_s01,ins_u_0408_003,{},v2.2.0-healthy
evt_001440,u_0098,onboarding_step_viewed,2026-06-03T16:45:00Z,u_0098_s01,ins_u_0098_004,{},v2.2.0-healthy
evt_001441,u_0408,onboarding_step_viewed,2026-06-03T16:45:00Z,u_0408_s01,ins_u_0408_004,{},v2.2.0-healthy
evt_001442,u_0395,onboarding_completed,2026-06-03T16:47:00Z,u_0395_s01,ins_u_0395_006,"{""completed_at"": ""2026-06-03T16:34:00Z""}",v2.2.0-healthy
evt_001443,u_0541,signup_completed,2026-06-03T16:48:00Z,u_0541_s01,ins_u_0541_002,{},v2.2.0-healthy
evt_001444,u_0289,signup_started,2026-06-03T16:54:00Z,u_0289_s01,ins_u_0289_001,{},v2.2.0-healthy
evt_001445,u_0541,profile_saved,2026-06-03T16:54:00Z,u_0541_s01,ins_u_0541_003,{},v2.2.0-healthy
evt_001446,u_0003,feature_used,2026-06-03T16:57:00Z,u_0003_s01,ins_u_0003_005,"{""feature"": ""insights""}",v2.2.0-healthy
evt_001447,u_0289,signup_completed,2026-06-03T16:58:00Z,u_0289_s01,ins_u_0289_002,{},v2.2.0-healthy
evt_001448,u_0211,feature_used,2026-06-03T16:59:00Z,u_0211_s01,ins_u_0211_005,"{""feature"": ""insights""}",v2.2.0-healthy
evt_001449,u_0081,signup_started,2026-06-03T17:02:00Z,u_0081_s01,ins_u_0081_001,{},v2.2.0-healthy
evt_001450,u_0570,signup_started,2026-06-03T17:02:00Z,u_0570_s01,ins_u_0570_001,{},v2.2.0-healthy
evt_001451,u_0695,signup_started,2026-06-03T17:02:00Z,u_0695_s01,ins_u_0695_001,{},v2.2.0-healthy
evt_001452,u_0081,signup_completed,2026-06-03T17:06:00Z,u_0081_s01,ins_u_0081_002,{},v2.2.0-healthy
evt_001453,u_0289,session_abandoned,2026-06-03T17:07:00Z,u_0289_s01,ins_u_0289_003,{},v2.2.0-healthy
evt_001454,u_0695,signup_completed,2026-06-03T17:07:00Z,u_0695_s01,ins_u_0695_002,{},v2.2.0-healthy
evt_001455,u_0167,onboarding_completed,2026-06-03T17:08:00Z,u_0167_s01,ins_u_0167_005,"{""completed_at"": ""2026-06-03T17:08:00Z""}",v2.2.0-healthy
evt_001456,u_0396,signup_started,2026-06-03T17:08:00Z,u_0396_s01,ins_u_0396_001,{},v2.2.0-healthy
evt_001457,u_0570,signup_completed,2026-06-03T17:09:00Z,u_0570_s01,ins_u_0570_002,{},v2.2.0-healthy
evt_001458,u_0359,signup_started,2026-06-03T17:11:00Z,u_0359_s01,ins_u_0359_001,{},v2.2.0-healthy
evt_001459,u_0211,onboarding_completed,2026-06-03T17:12:00Z,u_0211_s01,ins_u_0211_006,"{""completed_at"": ""2026-06-03T17:13:00Z""}",v2.2.0-healthy
evt_001460,u_0081,profile_saved,2026-06-03T17:13:00Z,u_0081_s01,ins_u_0081_003,{},v2.2.0-healthy
evt_001461,u_0570,session_abandoned,2026-06-03T17:13:00Z,u_0570_s01,ins_u_0570_003,{},v2.2.0-healthy
evt_001462,u_0695,profile_saved,2026-06-03T17:13:00Z,u_0695_s01,ins_u_0695_003,{},v2.2.0-healthy
evt_001463,u_0359,signup_completed,2026-06-03T17:14:00Z,u_0359_s01,ins_u_0359_002,{},v2.2.0-healthy
evt_001464,u_0396,signup_completed,2026-06-03T17:15:00Z,u_0396_s01,ins_u_0396_002,{},v2.2.0-healthy
evt_001465,u_0003,onboarding_completed,2026-06-03T17:16:00Z,u_0003_s01,ins_u_0003_006,"{""completed_at"": ""2026-06-03T17:13:00Z""}",v2.2.0-healthy
evt_001466,u_0395,activation_completed,2026-06-03T17:16:00Z,u_0395_s01,ins_u_0395_007,{},v2.2.0-healthy
evt_001467,u_0081,onboarding_step_viewed,2026-06-03T17:17:00Z,u_0081_s01,ins_u_0081_004,{},v2.2.0-healthy
evt_001468,u_0220,signup_started,2026-06-03T17:19:00Z,u_0220_s01,ins_u_0220_001,{},v2.2.0-healthy
evt_001469,u_0695,onboarding_step_viewed,2026-06-03T17:19:00Z,u_0695_s01,ins_u_0695_004,{},v2.2.0-healthy
evt_001470,u_0359,profile_saved,2026-06-03T17:22:00Z,u_0359_s01,ins_u_0359_003,{},v2.2.0-healthy
evt_001471,u_0396,profile_saved,2026-06-03T17:22:00Z,u_0396_s01,ins_u_0396_003,{},v2.2.0-healthy
evt_001472,u_0359,onboarding_step_viewed,2026-06-03T17:24:00Z,u_0359_s01,ins_u_0359_004,{},v2.2.0-healthy
evt_001473,u_0541,onboarding_completed,2026-06-03T17:24:00Z,u_0541_s01,ins_u_0541_004,"{""completed_at"": ""2026-06-03T17:25:00Z""}",v2.2.0-healthy
evt_001474,u_0098,onboarding_completed,2026-06-03T17:26:00Z,u_0098_s01,ins_u_0098_005,"{""completed_at"": ""2026-06-03T17:20:00Z""}",v2.2.0-healthy
evt_001475,u_0396,onboarding_step_viewed,2026-06-03T17:26:00Z,u_0396_s01,ins_u_0396_004,{},v2.2.0-healthy
evt_001476,u_0220,signup_completed,2026-06-03T17:27:00Z,u_0220_s01,ins_u_0220_002,{},v2.2.0-healthy
evt_001477,u_0408,onboarding_completed,2026-06-03T17:27:00Z,u_0408_s01,ins_u_0408_005,"{""completed_at"": ""2026-06-03T17:22:00Z""}",v2.2.0-healthy
evt_001478,u_0016,signup_started,2026-06-03T17:28:00Z,u_0016_s01,ins_u_0016_001,{},v2.2.0-healthy
evt_001479,u_0016,signup_completed,2026-06-03T17:31:00Z,u_0016_s01,ins_u_0016_002,{},v2.2.0-healthy
evt_001480,u_0003,activation_completed,2026-06-03T17:32:00Z,u_0003_s01,ins_u_0003_007,{},v2.2.0-healthy
evt_001481,u_0081,feature_used,2026-06-03T17:32:00Z,u_0081_s01,ins_u_0081_005,"{""feature"": ""insights""}",v2.2.0-healthy
evt_001482,u_0184,signup_started,2026-06-03T17:36:00Z,u_0184_s01,ins_u_0184_001,{},v2.2.0-healthy
evt_001483,u_0220,profile_saved,2026-06-03T17:37:00Z,u_0220_s01,ins_u_0220_003,{},v2.2.0-healthy
evt_001484,u_0016,profile_saved,2026-06-03T17:39:00Z,u_0016_s01,ins_u_0016_003,{},v2.2.0-healthy
evt_001485,u_0184,signup_completed,2026-06-03T17:39:00Z,u_0184_s01,ins_u_0184_002,{},v2.2.0-healthy
evt_001486,u_0220,onboarding_step_viewed,2026-06-03T17:39:00Z,u_0220_s01,ins_u_0220_004,{},v2.2.0-healthy
evt_001487,u_0016,onboarding_step_viewed,2026-06-03T17:44:00Z,u_0016_s01,ins_u_0016_004,{},v2.2.0-healthy
evt_001488,u_0359,feature_used,2026-06-03T17:46:00Z,u_0359_s01,ins_u_0359_005,"{""feature"": ""insights""}",v2.2.0-healthy
evt_001489,u_0541,activation_completed,2026-06-03T17:46:00Z,u_0541_s01,ins_u_0541_005,{},v2.2.0-healthy
evt_001490,u_0081,onboarding_completed,2026-06-03T17:49:00Z,u_0081_s01,ins_u_0081_006,"{""completed_at"": ""2026-06-03T17:44:00Z""}",v2.2.0-healthy
evt_001491,u_0184,profile_saved,2026-06-03T17:49:00Z,u_0184_s01,ins_u_0184_003,{},v2.2.0-healthy
evt_001492,u_0695,onboarding_completed,2026-06-03T17:49:00Z,u_0695_s01,ins_u_0695_005,"{""completed_at"": ""2026-06-03T17:44:00Z""}",v2.2.0-healthy
evt_001493,u_0184,onboarding_step_viewed,2026-06-03T17:51:00Z,u_0184_s01,ins_u_0184_004,{},v2.2.0-healthy
evt_001494,u_0220,feature_used,2026-06-03T17:51:00Z,u_0220_s01,ins_u_0220_005,"{""feature"": ""board""}",v2.2.0-healthy
evt_001495,u_0496,signup_started,2026-06-03T17:55:00Z,u_0496_s01,ins_u_0496_001,{},v2.2.0-healthy
evt_001496,u_0016,feature_used,2026-06-03T17:58:00Z,u_0016_s01,ins_u_0016_005,"{""feature"": ""board""}",v2.2.0-healthy
evt_001497,u_0396,onboarding_completed,2026-06-03T17:59:00Z,u_0396_s01,ins_u_0396_005,"{""completed_at"": ""2026-06-03T18:02:00Z""}",v2.2.0-healthy
evt_001498,u_0496,signup_completed,2026-06-03T18:01:00Z,u_0496_s01,ins_u_0496_002,{},v2.2.0-healthy
evt_001499,u_0359,onboarding_completed,2026-06-03T18:03:00Z,u_0359_s01,ins_u_0359_006,"{""completed_at"": ""2026-06-03T17:53:00Z""}",v2.2.0-healthy
evt_001500,u_0582,signup_started,2026-06-03T18:04:00Z,u_0582_s01,ins_u_0582_001,{},v2.2.0-healthy
evt_001501,u_0016,onboarding_completed,2026-06-03T18:07:00Z,u_0016_s01,ins_u_0016_006,"{""completed_at"": ""2026-06-03T18:19:00Z""}",v2.2.0-healthy
evt_001502,u_0496,profile_saved,2026-06-03T18:08:00Z,u_0496_s01,ins_u_0496_003,{},v2.2.0-healthy
evt_001503,u_0396,activation_completed,2026-06-03T18:09:00Z,u_0396_s01,ins_u_0396_006,{},v2.2.0-healthy
evt_001504,u_0582,signup_completed,2026-06-03T18:09:00Z,u_0582_s01,ins_u_0582_002,{},v2.2.0-healthy
evt_001505,u_0582,profile_saved,2026-06-03T18:11:00Z,u_0582_s01,ins_u_0582_003,{},v2.2.0-healthy
evt_001506,u_0184,feature_used,2026-06-03T18:13:00Z,u_0184_s01,ins_u_0184_005,"{""feature"": ""board""}",v2.2.0-healthy
evt_001507,u_0496,onboarding_step_viewed,2026-06-03T18:13:00Z,u_0496_s01,ins_u_0496_004,{},v2.2.0-healthy
evt_001508,u_0113,signup_started,2026-06-03T18:15:00Z,u_0113_s01,ins_u_0113_001,{},v2.2.0-healthy
evt_001509,u_0113,signup_completed,2026-06-03T18:16:00Z,u_0113_s01,ins_u_0113_002,{},v2.2.0-healthy
evt_001510,u_0496,feature_used,2026-06-03T18:17:00Z,u_0496_s01,ins_u_0496_005,"{""feature"": ""board""}",v2.2.0-healthy
evt_001511,u_0582,onboarding_step_viewed,2026-06-03T18:17:00Z,u_0582_s01,ins_u_0582_004,{},v2.2.0-healthy
evt_001512,u_0258,signup_started,2026-06-03T18:18:00Z,u_0258_s01,ins_u_0258_001,{},v2.2.0-healthy
evt_001513,u_0113,profile_saved,2026-06-03T18:19:00Z,u_0113_s01,ins_u_0113_003,{},v2.2.0-healthy
evt_001514,u_0220,onboarding_completed,2026-06-03T18:20:00Z,u_0220_s01,ins_u_0220_006,"{""completed_at"": ""2026-06-03T18:10:00Z""}",v2.2.0-healthy
evt_001515,u_0113,onboarding_step_viewed,2026-06-03T18:23:00Z,u_0113_s01,ins_u_0113_004,{},v2.2.0-healthy
evt_001516,u_0258,signup_completed,2026-06-03T18:24:00Z,u_0258_s01,ins_u_0258_002,{},v2.2.0-healthy
evt_001517,u_0184,onboarding_completed,2026-06-03T18:25:00Z,u_0184_s01,ins_u_0184_006,"{""completed_at"": ""2026-06-03T18:22:00Z""}",v2.2.0-healthy
evt_001518,u_0086,signup_started,2026-06-03T18:29:00Z,u_0086_s01,ins_u_0086_001,{},v2.2.0-healthy
evt_001519,u_0359,activation_completed,2026-06-03T18:31:00Z,u_0359_s01,ins_u_0359_007,{},v2.2.0-healthy
evt_001520,u_0258,profile_saved,2026-06-03T18:33:00Z,u_0258_s01,ins_u_0258_003,{},v2.2.0-healthy
evt_001521,u_0582,feature_used,2026-06-03T18:34:00Z,u_0582_s01,ins_u_0582_005,"{""feature"": ""board""}",v2.2.0-healthy
evt_001522,u_0086,signup_completed,2026-06-03T18:36:00Z,u_0086_s01,ins_u_0086_002,{},v2.2.0-healthy
evt_001523,u_0496,onboarding_completed,2026-06-03T18:40:00Z,u_0496_s01,ins_u_0496_006,"{""completed_at"": ""2026-06-03T18:48:00Z""}",v2.2.0-healthy
evt_001524,u_0573,signup_started,2026-06-03T18:40:00Z,u_0573_s01,ins_u_0573_001,{},v2.2.0-healthy
evt_001525,u_0582,onboarding_completed,2026-06-03T18:40:00Z,u_0582_s01,ins_u_0582_006,"{""completed_at"": ""2026-06-03T18:44:00Z""}",v2.2.0-healthy
evt_001526,u_0086,profile_saved,2026-06-03T18:43:00Z,u_0086_s01,ins_u_0086_003,{},v2.2.0-healthy
evt_001527,u_0573,signup_completed,2026-06-03T18:47:00Z,u_0573_s01,ins_u_0573_002,{},v2.2.0-healthy
evt_001528,u_0086,onboarding_step_viewed,2026-06-03T18:48:00Z,u_0086_s01,ins_u_0086_004,{},v2.2.0-healthy
evt_001529,u_0294,signup_started,2026-06-03T18:50:00Z,u_0294_s01,ins_u_0294_001,{},v2.2.0-healthy
evt_001530,u_0489,signup_started,2026-06-03T18:50:00Z,u_0489_s01,ins_u_0489_001,{},v2.2.0-healthy
evt_001531,u_0294,signup_completed,2026-06-03T18:54:00Z,u_0294_s01,ins_u_0294_002,{},v2.2.0-healthy
evt_001532,u_0573,profile_saved,2026-06-03T18:54:00Z,u_0573_s01,ins_u_0573_003,{},v2.2.0-healthy
evt_001533,u_0184,activation_completed,2026-06-03T18:55:00Z,u_0184_s01,ins_u_0184_007,{},v2.2.0-healthy
evt_001534,u_0712,signup_started,2026-06-03T18:55:00Z,u_0712_s01,ins_u_0712_001,{},v2.2.0-healthy
evt_001535,u_0489,signup_completed,2026-06-03T18:56:00Z,u_0489_s01,ins_u_0489_002,{},v2.2.0-healthy
evt_001536,u_0086,feature_used,2026-06-03T18:57:00Z,u_0086_s01,ins_u_0086_005,"{""feature"": ""board""}",v2.2.0-healthy
evt_001537,u_0016,activation_completed,2026-06-03T18:58:00Z,u_0016_s01,ins_u_0016_007,{},v2.2.0-healthy
evt_001538,u_0712,signup_completed,2026-06-03T18:59:00Z,u_0712_s01,ins_u_0712_002,{},v2.2.0-healthy
evt_001539,u_0573,onboarding_step_viewed,2026-06-03T19:00:00Z,u_0573_s01,ins_u_0573_004,{},v2.2.0-healthy
evt_001540,u_0712,profile_saved,2026-06-03T19:01:00Z,u_0712_s01,ins_u_0712_003,{},v2.2.0-healthy
evt_001541,u_0113,onboarding_completed,2026-06-03T19:02:00Z,u_0113_s01,ins_u_0113_005,"{""completed_at"": ""2026-06-03T18:57:00Z""}",v2.2.0-healthy
evt_001542,u_0294,session_abandoned,2026-06-03T19:03:00Z,u_0294_s01,ins_u_0294_003,{},v2.2.0-healthy
evt_001543,u_0712,onboarding_step_viewed,2026-06-03T19:03:00Z,u_0712_s01,ins_u_0712_004,{},v2.2.0-healthy
evt_001544,u_0489,session_abandoned,2026-06-03T19:05:00Z,u_0489_s01,ins_u_0489_003,{},v2.2.0-healthy
evt_001545,u_0573,feature_used,2026-06-03T19:08:00Z,u_0573_s01,ins_u_0573_005,"{""feature"": ""insights""}",v2.2.0-healthy
evt_001546,u_0631,signup_started,2026-06-03T19:08:00Z,u_0631_s01,ins_u_0631_001,{},v2.2.0-healthy
evt_001547,u_0769,signup_started,2026-06-03T19:08:00Z,u_0769_s01,ins_u_0769_001,{},v2.2.0-healthy
evt_001548,u_0258,onboarding_completed,2026-06-03T19:09:00Z,u_0258_s01,ins_u_0258_004,"{""completed_at"": ""2026-06-03T19:06:00Z""}",v2.2.0-healthy
evt_001549,u_0554,signup_started,2026-06-03T19:11:00Z,u_0554_s01,ins_u_0554_001,{},v2.2.0-healthy
evt_001550,u_0631,session_abandoned,2026-06-03T19:15:00Z,u_0631_s01,ins_u_0631_002,{},v2.2.0-healthy
evt_001551,u_0769,signup_completed,2026-06-03T19:16:00Z,u_0769_s01,ins_u_0769_002,{},v2.2.0-healthy
evt_001552,u_0554,session_abandoned,2026-06-03T19:19:00Z,u_0554_s01,ins_u_0554_002,{},v2.2.0-healthy
evt_001553,u_0582,activation_completed,2026-06-03T19:21:00Z,u_0582_s01,ins_u_0582_007,{},v2.2.0-healthy
evt_001554,u_0573,onboarding_completed,2026-06-03T19:22:00Z,u_0573_s01,ins_u_0573_006,"{""completed_at"": ""2026-06-03T19:32:00Z""}",v2.2.0-healthy
evt_001555,u_0596,signup_started,2026-06-03T19:22:00Z,u_0596_s01,ins_u_0596_001,{},v2.2.0-healthy
evt_001556,u_0367,signup_started,2026-06-03T19:23:00Z,u_0367_s01,ins_u_0367_001,{},v2.2.0-healthy
evt_001557,u_0367,signup_completed,2026-06-03T19:26:00Z,u_0367_s01,ins_u_0367_002,{},v2.2.0-healthy
evt_001558,u_0769,profile_saved,2026-06-03T19:26:00Z,u_0769_s01,ins_u_0769_003,{},v2.2.0-healthy
evt_001559,u_0086,onboarding_completed,2026-06-03T19:27:00Z,u_0086_s01,ins_u_0086_006,"{""completed_at"": ""2026-06-03T19:09:00Z""}",v2.2.0-healthy
evt_001560,u_0596,signup_completed,2026-06-03T19:28:00Z,u_0596_s01,ins_u_0596_002,{},v2.2.0-healthy
evt_001561,u_0769,onboarding_step_viewed,2026-06-03T19:28:00Z,u_0769_s01,ins_u_0769_004,{},v2.2.0-healthy
evt_001562,u_0367,session_abandoned,2026-06-03T19:33:00Z,u_0367_s01,ins_u_0367_003,{},v2.2.0-healthy
evt_001563,u_0596,session_abandoned,2026-06-03T19:35:00Z,u_0596_s01,ins_u_0596_003,{},v2.2.0-healthy
evt_001564,u_0121,signup_started,2026-06-03T19:42:00Z,u_0121_s01,ins_u_0121_001,{},v2.2.0-healthy
evt_001565,u_0569,signup_started,2026-06-03T19:43:00Z,u_0569_s01,ins_u_0569_001,{},v2.2.0-healthy
evt_001566,u_0391,signup_started,2026-06-03T19:44:00Z,u_0391_s01,ins_u_0391_001,{},v2.2.0-healthy
evt_001567,u_0712,onboarding_completed,2026-06-03T19:44:00Z,u_0712_s01,ins_u_0712_005,"{""completed_at"": ""2026-06-03T19:40:00Z""}",v2.2.0-healthy
evt_001568,u_0121,signup_completed,2026-06-03T19:45:00Z,u_0121_s01,ins_u_0121_002,{},v2.2.0-healthy
evt_001569,u_0335,signup_started,2026-06-03T19:46:00Z,u_0335_s01,ins_u_0335_001,{},v2.2.0-healthy
evt_001570,u_0569,signup_completed,2026-06-03T19:48:00Z,u_0569_s01,ins_u_0569_002,{},v2.2.0-healthy
evt_001571,u_0463,signup_started,2026-06-03T19:49:00Z,u_0463_s01,ins_u_0463_001,{},v2.2.0-healthy
evt_001572,u_0086,activation_completed,2026-06-03T19:50:00Z,u_0086_s01,ins_u_0086_007,{},v2.2.0-healthy
evt_001573,u_0391,signup_completed,2026-06-03T19:50:00Z,u_0391_s01,ins_u_0391_002,{},v2.2.0-healthy
evt_001574,u_0121,profile_saved,2026-06-03T19:51:00Z,u_0121_s01,ins_u_0121_003,{},v2.2.0-healthy
evt_001575,u_0335,signup_completed,2026-06-03T19:51:00Z,u_0335_s01,ins_u_0335_002,{},v2.2.0-healthy
evt_001576,u_0539,signup_started,2026-06-03T19:53:00Z,u_0539_s01,ins_u_0539_001,{},v2.2.0-healthy
evt_001577,u_0249,signup_started,2026-06-03T19:55:00Z,u_0249_s01,ins_u_0249_001,{},v2.2.0-healthy
evt_001578,u_0121,onboarding_step_viewed,2026-06-03T19:56:00Z,u_0121_s01,ins_u_0121_004,{},v2.2.0-healthy
evt_001579,u_0391,profile_saved,2026-06-03T19:56:00Z,u_0391_s01,ins_u_0391_003,{},v2.2.0-healthy
evt_001580,u_0539,signup_completed,2026-06-03T19:56:00Z,u_0539_s01,ins_u_0539_002,{},v2.2.0-healthy
evt_001581,u_0463,signup_completed,2026-06-03T19:57:00Z,u_0463_s01,ins_u_0463_002,{},v2.2.0-healthy
evt_001582,u_0569,session_abandoned,2026-06-03T19:57:00Z,u_0569_s01,ins_u_0569_003,{},v2.2.0-healthy
evt_001583,u_0335,profile_saved,2026-06-03T19:59:00Z,u_0335_s01,ins_u_0335_003,{},v2.2.0-healthy
evt_001584,u_0328,signup_started,2026-06-03T20:00:00Z,u_0328_s01,ins_u_0328_001,{},v2.2.0-healthy
evt_001585,u_0391,onboarding_step_viewed,2026-06-03T20:00:00Z,u_0391_s01,ins_u_0391_004,{},v2.2.0-healthy
evt_001586,u_0539,profile_saved,2026-06-03T20:01:00Z,u_0539_s01,ins_u_0539_003,{},v2.2.0-healthy
evt_001587,u_0663,signup_started,2026-06-03T20:01:00Z,u_0663_s01,ins_u_0663_001,{},v2.2.0-healthy
evt_001588,u_0249,session_abandoned,2026-06-03T20:02:00Z,u_0249_s01,ins_u_0249_002,{},v2.2.0-healthy
evt_001589,u_0335,onboarding_step_viewed,2026-06-03T20:02:00Z,u_0335_s01,ins_u_0335_004,{},v2.2.0-healthy
evt_001590,u_0539,error_shown,2026-06-03T20:02:00Z,u_0539_s01,ins_u_0539_004,"{""code"": ""onboarding_timeout""}",v2.2.0-healthy
evt_001591,u_0328,signup_completed,2026-06-03T20:05:00Z,u_0328_s01,ins_u_0328_002,{},v2.2.0-healthy
evt_001592,u_0663,session_abandoned,2026-06-03T20:05:00Z,u_0663_s01,ins_u_0663_002,{},v2.2.0-healthy
evt_001593,u_0769,onboarding_completed,2026-06-03T20:05:00Z,u_0769_s01,ins_u_0769_005,"{""completed_at"": ""2026-06-03T20:00:00Z""}",v2.2.0-healthy
evt_001594,u_0463,profile_saved,2026-06-03T20:06:00Z,u_0463_s01,ins_u_0463_003,{},v2.2.0-healthy
evt_001595,u_0539,onboarding_step_viewed,2026-06-03T20:06:00Z,u_0539_s01,ins_u_0539_005,{},v2.2.0-healthy
evt_001596,u_0463,onboarding_step_viewed,2026-06-03T20:08:00Z,u_0463_s01,ins_u_0463_004,{},v2.2.0-healthy
evt_001597,u_0121,feature_used,2026-06-03T20:09:00Z,u_0121_s01,ins_u_0121_005,"{""feature"": ""insights""}",v2.2.0-healthy
evt_001598,u_0755,signup_started,2026-06-03T20:09:00Z,u_0755_s01,ins_u_0755_001,{},v2.2.0-healthy
evt_001599,u_0328,profile_saved,2026-06-03T20:12:00Z,u_0328_s01,ins_u_0328_003,{},v2.2.0-healthy
evt_001600,u_0164,signup_started,2026-06-03T20:13:00Z,u_0164_s01,ins_u_0164_001,{},v2.2.0-healthy
evt_001601,u_0755,signup_completed,2026-06-03T20:13:00Z,u_0755_s01,ins_u_0755_002,{},v2.2.0-healthy
evt_001602,u_0758,signup_started,2026-06-03T20:14:00Z,u_0758_s01,ins_u_0758_001,{},v2.2.0-healthy
evt_001603,u_0328,onboarding_step_viewed,2026-06-03T20:15:00Z,u_0328_s01,ins_u_0328_004,{},v2.2.0-healthy
evt_001604,u_0543,signup_started,2026-06-03T20:17:00Z,u_0543_s01,ins_u_0543_001,{},v2.2.0-healthy
evt_001605,u_0164,signup_completed,2026-06-03T20:19:00Z,u_0164_s01,ins_u_0164_002,{},v2.2.0-healthy
evt_001606,u_0391,feature_used,2026-06-03T20:19:00Z,u_0391_s01,ins_u_0391_005,"{""feature"": ""insights""}",v2.2.0-healthy
evt_001607,u_0164,profile_saved,2026-06-03T20:22:00Z,u_0164_s01,ins_u_0164_003,{},v2.2.0-healthy
evt_001608,u_0543,signup_completed,2026-06-03T20:22:00Z,u_0543_s01,ins_u_0543_002,{},v2.2.0-healthy
evt_001609,u_0755,session_abandoned,2026-06-03T20:22:00Z,u_0755_s01,ins_u_0755_003,{},v2.2.0-healthy
evt_001610,u_0758,signup_completed,2026-06-03T20:22:00Z,u_0758_s01,ins_u_0758_002,{},v2.2.0-healthy
evt_001611,u_0335,feature_used,2026-06-03T20:23:00Z,u_0335_s01,ins_u_0335_005,"{""feature"": ""insights""}",v2.2.0-healthy
evt_001612,u_0539,feature_used,2026-06-03T20:23:00Z,u_0539_s01,ins_u_0539_006,"{""feature"": ""insights""}",v2.2.0-healthy
evt_001613,u_0758,profile_saved,2026-06-03T20:26:00Z,u_0758_s01,ins_u_0758_003,{},v2.2.0-healthy
evt_001614,u_0164,onboarding_step_viewed,2026-06-03T20:27:00Z,u_0164_s01,ins_u_0164_004,{},v2.2.0-healthy
evt_001615,u_0543,profile_saved,2026-06-03T20:27:00Z,u_0543_s01,ins_u_0543_003,{},v2.2.0-healthy
evt_001616,u_0543,error_shown,2026-06-03T20:28:00Z,u_0543_s01,ins_u_0543_004,"{""code"": ""onboarding_timeout""}",v2.2.0-healthy
evt_001617,u_0328,feature_used,2026-06-03T20:30:00Z,u_0328_s01,ins_u_0328_005,"{""feature"": ""board""}",v2.2.0-healthy
evt_001618,u_0758,onboarding_step_viewed,2026-06-03T20:30:00Z,u_0758_s01,ins_u_0758_004,{},v2.2.0-healthy
evt_001619,u_0665,signup_started,2026-06-03T20:31:00Z,u_0665_s01,ins_u_0665_001,{},v2.2.0-healthy
evt_001620,u_0164,feature_used,2026-06-03T20:32:00Z,u_0164_s01,ins_u_0164_005,"{""feature"": ""board""}",v2.2.0-healthy
evt_001621,u_0401,signup_started,2026-06-03T20:32:00Z,u_0401_s01,ins_u_0401_001,{},v2.2.0-healthy
evt_001622,u_0543,onboarding_step_viewed,2026-06-03T20:32:00Z,u_0543_s01,ins_u_0543_005,{},v2.2.0-healthy
evt_001623,u_0335,onboarding_completed,2026-06-03T20:35:00Z,u_0335_s01,ins_u_0335_006,"{""completed_at"": ""2026-06-03T20:37:00Z""}",v2.2.0-healthy
evt_001624,u_0665,signup_completed,2026-06-03T20:36:00Z,u_0665_s01,ins_u_0665_002,{},v2.2.0-healthy
evt_001625,u_0121,activation_completed,2026-06-03T20:38:00Z,u_0121_s01,ins_u_0121_006,{},v2.2.0-healthy
evt_001626,u_0401,session_abandoned,2026-06-03T20:40:00Z,u_0401_s01,ins_u_0401_002,{},v2.2.0-healthy
evt_001627,u_0463,onboarding_completed,2026-06-03T20:42:00Z,u_0463_s01,ins_u_0463_005,"{""completed_at"": ""2026-06-03T20:38:00Z""}",v2.2.0-healthy
evt_001628,u_0539,onboarding_completed,2026-06-03T20:42:00Z,u_0539_s01,ins_u_0539_007,"{""completed_at"": ""2026-06-03T20:30:00Z""}",v2.2.0-healthy
evt_001629,u_0665,profile_saved,2026-06-03T20:43:00Z,u_0665_s01,ins_u_0665_003,{},v2.2.0-healthy
evt_001630,u_0665,error_shown,2026-06-03T20:44:00Z,u_0665_s01,ins_u_0665_004,"{""code"": ""onboarding_timeout""}",v2.2.0-healthy
evt_001631,u_0769,activation_completed,2026-06-03T20:44:00Z,u_0769_s01,ins_u_0769_006,{},v2.2.0-healthy
evt_001632,u_0665,onboarding_step_viewed,2026-06-03T20:45:00Z,u_0665_s01,ins_u_0665_005,{},v2.2.0-healthy
evt_001633,u_0758,feature_used,2026-06-03T20:49:00Z,u_0758_s01,ins_u_0758_005,"{""feature"": ""board""}",v2.2.0-healthy
evt_001634,u_0665,feature_used,2026-06-03T20:50:00Z,u_0665_s01,ins_u_0665_006,"{""feature"": ""insights""}",v2.2.0-healthy
evt_001635,u_0543,feature_used,2026-06-03T20:51:00Z,u_0543_s01,ins_u_0543_006,"{""feature"": ""insights""}",v2.2.0-healthy
evt_001636,u_0758,onboarding_completed,2026-06-03T20:54:00Z,u_0758_s01,ins_u_0758_006,"{""completed_at"": ""2026-06-03T21:04:00Z""}",v2.2.0-healthy
evt_001637,u_0164,onboarding_completed,2026-06-03T20:57:00Z,u_0164_s01,ins_u_0164_006,"{""completed_at"": ""2026-06-03T21:00:00Z""}",v2.2.0-healthy
evt_001638,u_0463,activation_completed,2026-06-03T21:01:00Z,u_0463_s01,ins_u_0463_006,{},v2.2.0-healthy
evt_001639,u_0543,onboarding_completed,2026-06-03T21:09:00Z,u_0543_s01,ins_u_0543_007,"{""completed_at"": ""2026-06-03T21:03:00Z""}",v2.2.0-healthy
evt_001640,u_0665,onboarding_completed,2026-06-03T21:20:00Z,u_0665_s01,ins_u_0665_007,"{""completed_at"": ""2026-06-03T21:20:00Z""}",v2.2.0-healthy
evt_001641,u_0758,activation_completed,2026-06-03T21:36:00Z,u_0758_s01,ins_u_0758_007,{},v2.2.0-healthy
evt_001642,u_0665,activation_completed,2026-06-03T21:56:00Z,u_0665_s01,ins_u_0665_008,{},v2.2.0-healthy
evt_001643,u_0517,return_visit,2026-06-04T01:02:00Z,u_0517_s02,ins_u_0517_007,{},v2.2.0-healthy
evt_001644,u_0604,signup_started,2026-06-04T08:03:00Z,u_0604_s01,ins_u_0604_001,{},v2.2.0-healthy
evt_001645,u_0604,signup_completed,2026-06-04T08:09:00Z,u_0604_s01,ins_u_0604_002,{},v2.2.0-healthy
evt_001646,u_0747,signup_started,2026-06-04T08:10:00Z,u_0747_s01,ins_u_0747_001,{},v2.2.0-healthy
evt_001647,u_0604,session_abandoned,2026-06-04T08:17:00Z,u_0604_s01,ins_u_0604_003,{},v2.2.0-healthy
evt_001648,u_0747,signup_completed,2026-06-04T08:17:00Z,u_0747_s01,ins_u_0747_002,{},v2.2.0-healthy
evt_001649,u_0747,session_abandoned,2026-06-04T08:26:00Z,u_0747_s01,ins_u_0747_003,{},v2.2.0-healthy
evt_001650,u_0354,signup_started,2026-06-04T08:37:00Z,u_0354_s01,ins_u_0354_001,{},v2.2.0-healthy
evt_001651,u_0651,signup_started,2026-06-04T08:37:00Z,u_0651_s01,ins_u_0651_001,{},v2.2.0-healthy
evt_001652,u_0651,signup_completed,2026-06-04T08:39:00Z,u_0651_s01,ins_u_0651_002,{},v2.2.0-healthy
evt_001653,u_0354,signup_completed,2026-06-04T08:44:00Z,u_0354_s01,ins_u_0354_002,{},v2.2.0-healthy
evt_001654,u_0651,profile_saved,2026-06-04T08:48:00Z,u_0651_s01,ins_u_0651_003,{},v2.2.0-healthy
evt_001655,u_0354,session_abandoned,2026-06-04T08:50:00Z,u_0354_s01,ins_u_0354_003,{},v2.2.0-healthy
evt_001656,u_0651,onboarding_step_viewed,2026-06-04T08:52:00Z,u_0651_s01,ins_u_0651_004,{},v2.2.0-healthy
evt_001657,u_0470,signup_started,2026-06-04T09:01:00Z,u_0470_s01,ins_u_0470_001,{},v2.2.0-healthy
evt_001658,u_0470,signup_completed,2026-06-04T09:03:00Z,u_0470_s01,ins_u_0470_002,{},v2.2.0-healthy
evt_001659,u_0470,profile_saved,2026-06-04T09:06:00Z,u_0470_s01,ins_u_0470_003,{},v2.2.0-healthy
evt_001660,u_0479,return_visit,2026-06-04T09:12:00Z,u_0479_s02,ins_u_0479_007,{},v2.2.0-healthy
evt_001661,u_0079,signup_started,2026-06-04T09:13:00Z,u_0079_s01,ins_u_0079_001,{},v2.2.0-healthy
evt_001662,u_0302,signup_started,2026-06-04T09:15:00Z,u_0302_s01,ins_u_0302_001,{},v2.2.0-healthy
evt_001663,u_0479,feature_used,2026-06-04T09:17:00Z,u_0479_s02,ins_u_0479_008,"{""feature"": ""insights""}",v2.2.0-healthy
evt_001664,u_0403,signup_started,2026-06-04T09:18:00Z,u_0403_s01,ins_u_0403_001,{},v2.2.0-healthy
evt_001665,u_0079,signup_completed,2026-06-04T09:19:00Z,u_0079_s01,ins_u_0079_002,{},v2.2.0-healthy
evt_001666,u_0302,session_abandoned,2026-06-04T09:22:00Z,u_0302_s01,ins_u_0302_002,{},v2.2.0-healthy
evt_001667,u_0403,signup_completed,2026-06-04T09:23:00Z,u_0403_s01,ins_u_0403_002,{},v2.2.0-healthy
evt_001668,u_0024,signup_started,2026-06-04T09:25:00Z,u_0024_s01,ins_u_0024_001,{},v2.2.0-healthy
evt_001669,u_0212,signup_started,2026-06-04T09:25:00Z,u_0212_s01,ins_u_0212_001,{},v2.2.0-healthy
evt_001670,u_0651,onboarding_completed,2026-06-04T09:25:00Z,u_0651_s01,ins_u_0651_005,"{""completed_at"": ""2026-06-04T09:25:00Z""}",v2.2.0-healthy
evt_001671,u_0024,signup_completed,2026-06-04T09:26:00Z,u_0024_s01,ins_u_0024_002,{},v2.2.0-healthy
evt_001672,u_0079,profile_saved,2026-06-04T09:28:00Z,u_0079_s01,ins_u_0079_003,{},v2.2.0-healthy
evt_001673,u_0403,profile_saved,2026-06-04T09:28:00Z,u_0403_s01,ins_u_0403_003,{},v2.2.0-healthy
evt_001674,u_0212,signup_completed,2026-06-04T09:30:00Z,u_0212_s01,ins_u_0212_002,{},v2.2.0-healthy
evt_001675,u_0403,onboarding_step_viewed,2026-06-04T09:31:00Z,u_0403_s01,ins_u_0403_004,{},v2.2.0-healthy
evt_001676,u_0079,onboarding_step_viewed,2026-06-04T09:32:00Z,u_0079_s01,ins_u_0079_004,{},v2.2.0-healthy
evt_001677,u_0212,profile_saved,2026-06-04T09:34:00Z,u_0212_s01,ins_u_0212_003,{},v2.2.0-healthy
evt_001678,u_0326,signup_started,2026-06-04T09:34:00Z,u_0326_s01,ins_u_0326_001,{},v2.2.0-healthy
evt_001679,u_0024,profile_saved,2026-06-04T09:35:00Z,u_0024_s01,ins_u_0024_003,{},v2.2.0-healthy
evt_001680,u_0212,error_shown,2026-06-04T09:35:00Z,u_0212_s01,ins_u_0212_004,"{""code"": ""onboarding_timeout""}",v2.2.0-healthy
evt_001681,u_0326,signup_completed,2026-06-04T09:35:00Z,u_0326_s01,ins_u_0326_002,{},v2.2.0-healthy
evt_001682,u_0024,error_shown,2026-06-04T09:36:00Z,u_0024_s01,ins_u_0024_004,"{""code"": ""onboarding_timeout""}",v2.2.0-healthy
evt_001683,u_0470,onboarding_completed,2026-06-04T09:36:00Z,u_0470_s01,ins_u_0470_004,"{""completed_at"": ""2026-06-04T09:32:00Z""}",v2.2.0-healthy
evt_001684,u_0024,onboarding_step_viewed,2026-06-04T09:38:00Z,u_0024_s01,ins_u_0024_005,{},v2.2.0-healthy
evt_001685,u_0212,onboarding_step_viewed,2026-06-04T09:38:00Z,u_0212_s01,ins_u_0212_005,{},v2.2.0-healthy
evt_001686,u_0462,signup_started,2026-06-04T09:39:00Z,u_0462_s01,ins_u_0462_001,{},v2.2.0-healthy
evt_001687,u_0403,feature_used,2026-06-04T09:41:00Z,u_0403_s01,ins_u_0403_005,"{""feature"": ""insights""}",v2.2.0-healthy
evt_001688,u_0326,session_abandoned,2026-06-04T09:42:00Z,u_0326_s01,ins_u_0326_003,{},v2.2.0-healthy
evt_001689,u_0212,feature_used,2026-06-04T09:45:00Z,u_0212_s01,ins_u_0212_006,"{""feature"": ""board""}",v2.2.0-healthy
evt_001690,u_0462,signup_completed,2026-06-04T09:45:00Z,u_0462_s01,ins_u_0462_002,{},v2.2.0-healthy
evt_001691,u_0678,signup_started,2026-06-04T09:45:00Z,u_0678_s01,ins_u_0678_001,{},v2.2.0-healthy
evt_001692,u_0678,session_abandoned,2026-06-04T09:46:00Z,u_0678_s01,ins_u_0678_002,{},v2.2.0-healthy
evt_001693,u_0453,signup_started,2026-06-04T09:48:00Z,u_0453_s01,ins_u_0453_001,{},v2.2.0-healthy
evt_001694,u_0079,feature_used,2026-06-04T09:49:00Z,u_0079_s01,ins_u_0079_005,"{""feature"": ""insights""}",v2.2.0-healthy
evt_001695,u_0024,feature_used,2026-06-04T09:53:00Z,u_0024_s01,ins_u_0024_006,"{""feature"": ""board""}",v2.2.0-healthy
evt_001696,u_0453,signup_completed,2026-06-04T09:54:00Z,u_0453_s01,ins_u_0453_002,{},v2.2.0-healthy
evt_001697,u_0462,session_abandoned,2026-06-04T09:54:00Z,u_0462_s01,ins_u_0462_003,{},v2.2.0-healthy
evt_001698,u_0403,onboarding_completed,2026-06-04T09:57:00Z,u_0403_s01,ins_u_0403_006,"{""completed_at"": ""2026-06-04T09:57:00Z""}",v2.2.0-healthy
evt_001699,u_0453,profile_saved,2026-06-04T09:59:00Z,u_0453_s01,ins_u_0453_003,{},v2.2.0-healthy
evt_001700,u_0651,activation_completed,2026-06-04T10:00:00Z,u_0651_s01,ins_u_0651_006,{},v2.2.0-healthy
evt_001701,u_0212,onboarding_completed,2026-06-04T10:01:00Z,u_0212_s01,ins_u_0212_007,"{""completed_at"": ""2026-06-04T10:13:00Z""}",v2.2.0-healthy
evt_001702,u_0453,onboarding_step_viewed,2026-06-04T10:01:00Z,u_0453_s01,ins_u_0453_004,{},v2.2.0-healthy
evt_001703,u_0024,onboarding_completed,2026-06-04T10:06:00Z,u_0024_s01,ins_u_0024_007,"{""completed_at"": ""2026-06-04T10:15:00Z""}",v2.2.0-healthy
evt_001704,u_0453,feature_used,2026-06-04T10:07:00Z,u_0453_s01,ins_u_0453_005,"{""feature"": ""insights""}",v2.2.0-healthy
evt_001705,u_0079,onboarding_completed,2026-06-04T10:12:00Z,u_0079_s01,ins_u_0079_006,"{""completed_at"": ""2026-06-04T09:58:00Z""}",v2.2.0-healthy
evt_001706,u_0461,signup_started,2026-06-04T10:18:00Z,u_0461_s01,ins_u_0461_001,{},v2.2.0-healthy
evt_001707,u_0244,signup_started,2026-06-04T10:21:00Z,u_0244_s01,ins_u_0244_001,{},v2.2.0-healthy
evt_001708,u_0212,activation_completed,2026-06-04T10:22:00Z,u_0212_s01,ins_u_0212_008,{},v2.2.0-healthy
evt_001709,u_0244,signup_completed,2026-06-04T10:24:00Z,u_0244_s01,ins_u_0244_002,{},v2.2.0-healthy
evt_001710,u_0461,signup_completed,2026-06-04T10:26:00Z,u_0461_s01,ins_u_0461_002,{},v2.2.0-healthy
evt_001711,u_0244,session_abandoned,2026-06-04T10:30:00Z,u_0244_s01,ins_u_0244_003,{},v2.2.0-healthy
evt_001712,u_0461,session_abandoned,2026-06-04T10:33:00Z,u_0461_s01,ins_u_0461_003,{},v2.2.0-healthy
evt_001713,u_0529,signup_started,2026-06-04T10:34:00Z,u_0529_s01,ins_u_0529_001,{},v2.2.0-healthy
evt_001714,u_0628,signup_started,2026-06-04T10:36:00Z,u_0628_s01,ins_u_0628_001,{},v2.2.0-healthy
evt_001715,u_0453,onboarding_completed,2026-06-04T10:38:00Z,u_0453_s01,ins_u_0453_006,"{""completed_at"": ""2026-06-04T10:28:00Z""}",v2.2.0-healthy
evt_001716,u_0628,session_abandoned,2026-06-04T10:41:00Z,u_0628_s01,ins_u_0628_002,{},v2.2.0-healthy
evt_001717,u_0529,signup_completed,2026-06-04T10:42:00Z,u_0529_s01,ins_u_0529_002,{},v2.2.0-healthy
evt_001718,u_0529,profile_saved,2026-06-04T10:44:00Z,u_0529_s01,ins_u_0529_003,{},v2.2.0-healthy
evt_001719,u_0386,signup_started,2026-06-04T10:48:00Z,u_0386_s01,ins_u_0386_001,{},v2.2.0-healthy
evt_001720,u_0529,onboarding_step_viewed,2026-06-04T10:48:00Z,u_0529_s01,ins_u_0529_004,{},v2.2.0-healthy
evt_001721,u_0386,signup_completed,2026-06-04T10:52:00Z,u_0386_s01,ins_u_0386_002,{},v2.2.0-healthy
evt_001722,u_0185,signup_started,2026-06-04T10:53:00Z,u_0185_s01,ins_u_0185_001,{},v2.2.0-healthy
evt_001723,u_0529,feature_used,2026-06-04T10:55:00Z,u_0529_s01,ins_u_0529_005,"{""feature"": ""insights""}",v2.2.0-healthy
evt_001724,u_0386,profile_saved,2026-06-04T10:57:00Z,u_0386_s01,ins_u_0386_003,{},v2.2.0-healthy
evt_001725,u_0185,signup_completed,2026-06-04T11:01:00Z,u_0185_s01,ins_u_0185_002,{},v2.2.0-healthy
evt_001726,u_0386,onboarding_step_viewed,2026-06-04T11:01:00Z,u_0386_s01,ins_u_0386_004,{},v2.2.0-healthy
evt_001727,u_0185,profile_saved,2026-06-04T11:04:00Z,u_0185_s01,ins_u_0185_003,{},v2.2.0-healthy
evt_001728,u_0630,signup_started,2026-06-04T11:06:00Z,u_0630_s01,ins_u_0630_001,{},v2.2.0-healthy
evt_001729,u_0630,signup_completed,2026-06-04T11:07:00Z,u_0630_s01,ins_u_0630_002,{},v2.2.0-healthy
evt_001730,u_0150,signup_started,2026-06-04T11:08:00Z,u_0150_s01,ins_u_0150_001,{},v2.2.0-healthy
evt_001731,u_0185,onboarding_step_viewed,2026-06-04T11:10:00Z,u_0185_s01,ins_u_0185_004,{},v2.2.0-healthy
evt_001732,u_0150,signup_completed,2026-06-04T11:11:00Z,u_0150_s01,ins_u_0150_002,{},v2.2.0-healthy
evt_001733,u_0386,feature_used,2026-06-04T11:11:00Z,u_0386_s01,ins_u_0386_005,"{""feature"": ""board""}",v2.2.0-healthy
evt_001734,u_0630,profile_saved,2026-06-04T11:11:00Z,u_0630_s01,ins_u_0630_003,{},v2.2.0-healthy
evt_001735,u_0337,signup_started,2026-06-04T11:12:00Z,u_0337_s01,ins_u_0337_001,{},v2.2.0-healthy
evt_001736,u_0150,profile_saved,2026-06-04T11:17:00Z,u_0150_s01,ins_u_0150_003,{},v2.2.0-healthy
evt_001737,u_0150,onboarding_step_viewed,2026-06-04T11:19:00Z,u_0150_s01,ins_u_0150_004,{},v2.2.0-healthy
evt_001738,u_0337,signup_completed,2026-06-04T11:19:00Z,u_0337_s01,ins_u_0337_002,{},v2.2.0-healthy
evt_001739,u_0185,feature_used,2026-06-04T11:23:00Z,u_0185_s01,ins_u_0185_005,"{""feature"": ""insights""}",v2.2.0-healthy
evt_001740,u_0278,signup_started,2026-06-04T11:23:00Z,u_0278_s01,ins_u_0278_001,{},v2.2.0-healthy
evt_001741,u_0386,onboarding_completed,2026-06-04T11:25:00Z,u_0386_s01,ins_u_0386_006,"{""completed_at"": ""2026-06-04T11:26:00Z""}",v2.2.0-healthy
evt_001742,u_0388,signup_started,2026-06-04T11:25:00Z,u_0388_s01,ins_u_0388_001,{},v2.2.0-healthy
evt_001743,u_0337,profile_saved,2026-06-04T11:27:00Z,u_0337_s01,ins_u_0337_003,{},v2.2.0-healthy
evt_001744,u_0388,signup_completed,2026-06-04T11:28:00Z,u_0388_s01,ins_u_0388_002,{},v2.2.0-healthy
evt_001745,u_0562,signup_started,2026-06-04T11:28:00Z,u_0562_s01,ins_u_0562_001,{},v2.2.0-healthy
evt_001746,u_0278,signup_completed,2026-06-04T11:31:00Z,u_0278_s01,ins_u_0278_002,{},v2.2.0-healthy
evt_001747,u_0063,signup_started,2026-06-04T11:33:00Z,u_0063_s01,ins_u_0063_001,{},v2.2.0-healthy
evt_001748,u_0337,onboarding_step_viewed,2026-06-04T11:33:00Z,u_0337_s01,ins_u_0337_004,{},v2.2.0-healthy
evt_001749,u_0388,profile_saved,2026-06-04T11:33:00Z,u_0388_s01,ins_u_0388_003,{},v2.2.0-healthy
evt_001750,u_0562,signup_completed,2026-06-04T11:33:00Z,u_0562_s01,ins_u_0562_002,{},v2.2.0-healthy
evt_001751,u_0185,onboarding_completed,2026-06-04T11:36:00Z,u_0185_s01,ins_u_0185_006,"{""completed_at"": ""2026-06-04T11:36:00Z""}",v2.2.0-healthy
evt_001752,u_0278,profile_saved,2026-06-04T11:36:00Z,u_0278_s01,ins_u_0278_003,{},v2.2.0-healthy
evt_001753,u_0111,signup_started,2026-06-04T11:37:00Z,u_0111_s01,ins_u_0111_001,{},v2.2.0-healthy
evt_001754,u_0278,onboarding_step_viewed,2026-06-04T11:39:00Z,u_0278_s01,ins_u_0278_004,{},v2.2.0-healthy
evt_001755,u_0562,session_abandoned,2026-06-04T11:39:00Z,u_0562_s01,ins_u_0562_003,{},v2.2.0-healthy
evt_001756,u_0063,signup_completed,2026-06-04T11:41:00Z,u_0063_s01,ins_u_0063_002,{},v2.2.0-healthy
evt_001757,u_0529,activation_completed,2026-06-04T11:42:00Z,u_0529_s01,ins_u_0529_006,{},v2.2.0-healthy
evt_001758,u_0111,signup_completed,2026-06-04T11:44:00Z,u_0111_s01,ins_u_0111_002,{},v2.2.0-healthy
evt_001759,u_0337,feature_used,2026-06-04T11:44:00Z,u_0337_s01,ins_u_0337_005,"{""feature"": ""insights""}",v2.2.0-healthy
evt_001760,u_0111,profile_saved,2026-06-04T11:47:00Z,u_0111_s01,ins_u_0111_003,{},v2.2.0-healthy
evt_001761,u_0063,session_abandoned,2026-06-04T11:48:00Z,u_0063_s01,ins_u_0063_003,{},v2.2.0-healthy
evt_001762,u_0409,signup_started,2026-06-04T11:50:00Z,u_0409_s01,ins_u_0409_001,{},v2.2.0-healthy
evt_001763,u_0630,onboarding_completed,2026-06-04T11:50:00Z,u_0630_s01,ins_u_0630_004,"{""completed_at"": ""2026-06-04T11:39:00Z""}",v2.2.0-healthy
evt_001764,u_0111,onboarding_step_viewed,2026-06-04T11:51:00Z,u_0111_s01,ins_u_0111_004,{},v2.2.0-healthy
evt_001765,u_0150,onboarding_completed,2026-06-04T11:54:00Z,u_0150_s01,ins_u_0150_005,"{""completed_at"": ""2026-06-04T11:57:00Z""}",v2.2.0-healthy
evt_001766,u_0404,signup_started,2026-06-04T11:54:00Z,u_0404_s01,ins_u_0404_001,{},v2.2.0-healthy
evt_001767,u_0404,session_abandoned,2026-06-04T11:57:00Z,u_0404_s01,ins_u_0404_002,{},v2.2.0-healthy
evt_001768,u_0409,session_abandoned,2026-06-04T11:58:00Z,u_0409_s01,ins_u_0409_002,{},v2.2.0-healthy
evt_001769,u_0568,signup_started,2026-06-04T12:00:00Z,u_0568_s01,ins_u_0568_001,{},v2.2.0-healthy
evt_001770,u_0268,signup_started,2026-06-04T12:03:00Z,u_0268_s01,ins_u_0268_001,{},v2.2.0-healthy
evt_001771,u_0568,signup_completed,2026-06-04T12:04:00Z,u_0568_s01,ins_u_0568_002,{},v2.2.0-healthy
evt_001772,u_0011,signup_started,2026-06-04T12:05:00Z,u_0011_s01,ins_u_0011_001,{},v2.2.0-healthy
evt_001773,u_0388,onboarding_completed,2026-06-04T12:05:00Z,u_0388_s01,ins_u_0388_004,"{""completed_at"": ""2026-06-04T12:13:00Z""}",v2.2.0-healthy
evt_001774,u_0591,signup_started,2026-06-04T12:05:00Z,u_0591_s01,ins_u_0591_001,{},v2.2.0-healthy
evt_001775,u_0278,onboarding_completed,2026-06-04T12:06:00Z,u_0278_s01,ins_u_0278_005,"{""completed_at"": ""2026-06-04T12:02:00Z""}",v2.2.0-healthy
evt_001776,u_0616,signup_started,2026-06-04T12:07:00Z,u_0616_s01,ins_u_0616_001,{},v2.2.0-healthy
evt_001777,u_0111,feature_used,2026-06-04T12:08:00Z,u_0111_s01,ins_u_0111_005,"{""feature"": ""insights""}",v2.2.0-healthy
evt_001778,u_0268,signup_completed,2026-06-04T12:08:00Z,u_0268_s01,ins_u_0268_002,{},v2.2.0-healthy
evt_001779,u_0591,signup_completed,2026-06-04T12:10:00Z,u_0591_s01,ins_u_0591_002,{},v2.2.0-healthy
evt_001780,u_0011,signup_completed,2026-06-04T12:11:00Z,u_0011_s01,ins_u_0011_002,{},v2.2.0-healthy
evt_001781,u_0337,onboarding_completed,2026-06-04T12:11:00Z,u_0337_s01,ins_u_0337_006,"{""completed_at"": ""2026-06-04T11:59:00Z""}",v2.2.0-healthy
evt_001782,u_0568,profile_saved,2026-06-04T12:11:00Z,u_0568_s01,ins_u_0568_003,{},v2.2.0-healthy
evt_001783,u_0268,profile_saved,2026-06-04T12:12:00Z,u_0268_s01,ins_u_0268_003,{},v2.2.0-healthy
evt_001784,u_0521,signup_started,2026-06-04T12:12:00Z,u_0521_s01,ins_u_0521_001,{},v2.2.0-healthy
evt_001785,u_0568,error_shown,2026-06-04T12:12:00Z,u_0568_s01,ins_u_0568_004,"{""code"": ""onboarding_timeout""}",v2.2.0-healthy
evt_001786,u_0011,profile_saved,2026-06-04T12:14:00Z,u_0011_s01,ins_u_0011_003,{},v2.2.0-healthy
evt_001787,u_0568,onboarding_step_viewed,2026-06-04T12:14:00Z,u_0568_s01,ins_u_0568_005,{},v2.2.0-healthy
evt_001788,u_0616,signup_completed,2026-06-04T12:14:00Z,u_0616_s01,ins_u_0616_002,{},v2.2.0-healthy
evt_001789,u_0011,error_shown,2026-06-04T12:15:00Z,u_0011_s01,ins_u_0011_004,"{""code"": ""onboarding_timeout""}",v2.2.0-healthy
evt_001790,u_0591,profile_saved,2026-06-04T12:16:00Z,u_0591_s01,ins_u_0591_003,{},v2.2.0-healthy
evt_001791,u_0268,onboarding_step_viewed,2026-06-04T12:17:00Z,u_0268_s01,ins_u_0268_004,{},v2.2.0-healthy
evt_001792,u_0442,signup_started,2026-06-04T12:19:00Z,u_0442_s01,ins_u_0442_001,{},v2.2.0-healthy
evt_001793,u_0011,onboarding_step_viewed,2026-06-04T12:20:00Z,u_0011_s01,ins_u_0011_005,{},v2.2.0-healthy
evt_001794,u_0521,signup_completed,2026-06-04T12:20:00Z,u_0521_s01,ins_u_0521_002,{},v2.2.0-healthy
evt_001795,u_0616,profile_saved,2026-06-04T12:21:00Z,u_0616_s01,ins_u_0616_003,{},v2.2.0-healthy
evt_001796,u_0591,onboarding_step_viewed,2026-06-04T12:22:00Z,u_0591_s01,ins_u_0591_004,{},v2.2.0-healthy
evt_001797,u_0111,onboarding_completed,2026-06-04T12:26:00Z,u_0111_s01,ins_u_0111_006,"{""completed_at"": ""2026-06-04T12:25:00Z""}",v2.2.0-healthy
evt_001798,u_0442,signup_completed,2026-06-04T12:26:00Z,u_0442_s01,ins_u_0442_002,{},v2.2.0-healthy
evt_001799,u_0278,activation_completed,2026-06-04T12:27:00Z,u_0278_s01,ins_u_0278_006,{},v2.2.0-healthy
evt_001800,u_0616,onboarding_step_viewed,2026-06-04T12:27:00Z,u_0616_s01,ins_u_0616_004,{},v2.2.0-healthy
evt_001801,u_0521,profile_saved,2026-06-04T12:29:00Z,u_0521_s01,ins_u_0521_003,{},v2.2.0-healthy
evt_001802,u_0044,signup_started,2026-06-04T12:32:00Z,u_0044_s01,ins_u_0044_001,{},v2.2.0-healthy
evt_001803,u_0521,onboarding_step_viewed,2026-06-04T12:35:00Z,u_0521_s01,ins_u_0521_004,{},v2.2.0-healthy
evt_001804,u_0442,profile_saved,2026-06-04T12:36:00Z,u_0442_s01,ins_u_0442_003,{},v2.2.0-healthy
evt_001805,u_0568,onboarding_completed,2026-06-04T12:37:00Z,u_0568_s01,ins_u_0568_006,"{""completed_at"": ""2026-06-04T12:38:00Z""}",v2.2.0-healthy
evt_001806,u_0616,feature_used,2026-06-04T12:37:00Z,u_0616_s01,ins_u_0616_005,"{""feature"": ""board""}",v2.2.0-healthy
evt_001807,u_0044,signup_completed,2026-06-04T12:40:00Z,u_0044_s01,ins_u_0044_002,{},v2.2.0-healthy
evt_001808,u_0442,onboarding_step_viewed,2026-06-04T12:41:00Z,u_0442_s01,ins_u_0442_004,{},v2.2.0-healthy
evt_001809,u_0268,onboarding_completed,2026-06-04T12:45:00Z,u_0268_s01,ins_u_0268_005,"{""completed_at"": ""2026-06-04T12:41:00Z""}",v2.2.0-healthy
evt_001810,u_0044,profile_saved,2026-06-04T12:46:00Z,u_0044_s01,ins_u_0044_003,{},v2.2.0-healthy
evt_001811,u_0332,signup_started,2026-06-04T12:46:00Z,u_0332_s01,ins_u_0332_001,{},v2.2.0-healthy
evt_001812,u_0044,onboarding_step_viewed,2026-06-04T12:48:00Z,u_0044_s01,ins_u_0044_004,{},v2.2.0-healthy
evt_001813,u_0505,signup_started,2026-06-04T12:48:00Z,u_0505_s01,ins_u_0505_001,{},v2.2.0-healthy
evt_001814,u_0467,signup_started,2026-06-04T12:49:00Z,u_0467_s01,ins_u_0467_001,{},v2.2.0-healthy
evt_001815,u_0521,feature_used,2026-06-04T12:51:00Z,u_0521_s01,ins_u_0521_005,"{""feature"": ""insights""}",v2.2.0-healthy
evt_001816,u_0505,signup_completed,2026-06-04T12:52:00Z,u_0505_s01,ins_u_0505_002,{},v2.2.0-healthy
evt_001817,u_0591,onboarding_completed,2026-06-04T12:52:00Z,u_0591_s01,ins_u_0591_005,"{""completed_at"": ""2026-06-04T12:44:00Z""}",v2.2.0-healthy
evt_001818,u_0011,onboarding_completed,2026-06-04T12:53:00Z,u_0011_s01,ins_u_0011_006,"{""completed_at"": ""2026-06-04T12:44:00Z""}",v2.2.0-healthy
evt_001819,u_0330,signup_started,2026-06-04T12:54:00Z,u_0330_s01,ins_u_0330_001,{},v2.2.0-healthy
evt_001820,u_0332,signup_completed,2026-06-04T12:54:00Z,u_0332_s01,ins_u_0332_002,{},v2.2.0-healthy
evt_001821,u_0353,signup_started,2026-06-04T12:55:00Z,u_0353_s01,ins_u_0353_001,{},v2.2.0-healthy
evt_001822,u_0353,signup_completed,2026-06-04T12:57:00Z,u_0353_s01,ins_u_0353_002,{},v2.2.0-healthy
evt_001823,u_0467,signup_completed,2026-06-04T12:57:00Z,u_0467_s01,ins_u_0467_002,{},v2.2.0-healthy
evt_001824,u_0330,signup_completed,2026-06-04T12:58:00Z,u_0330_s01,ins_u_0330_002,{},v2.2.0-healthy
evt_001825,u_0332,profile_saved,2026-06-04T12:58:00Z,u_0332_s01,ins_u_0332_003,{},v2.2.0-healthy
evt_001826,u_0505,profile_saved,2026-06-04T12:58:00Z,u_0505_s01,ins_u_0505_003,{},v2.2.0-healthy
evt_001827,u_0467,profile_saved,2026-06-04T12:59:00Z,u_0467_s01,ins_u_0467_003,{},v2.2.0-healthy
evt_001828,u_0332,onboarding_step_viewed,2026-06-04T13:00:00Z,u_0332_s01,ins_u_0332_004,{},v2.2.0-healthy
evt_001829,u_0616,onboarding_completed,2026-06-04T13:00:00Z,u_0616_s01,ins_u_0616_006,"{""completed_at"": ""2026-06-04T12:51:00Z""}",v2.2.0-healthy
evt_001830,u_0505,onboarding_step_viewed,2026-06-04T13:02:00Z,u_0505_s01,ins_u_0505_004,{},v2.2.0-healthy
evt_001831,u_0330,session_abandoned,2026-06-04T13:03:00Z,u_0330_s01,ins_u_0330_003,{},v2.2.0-healthy
evt_001832,u_0174,signup_started,2026-06-04T13:04:00Z,u_0174_s01,ins_u_0174_001,{},v2.2.0-healthy
evt_001833,u_0467,onboarding_step_viewed,2026-06-04T13:04:00Z,u_0467_s01,ins_u_0467_004,{},v2.2.0-healthy
evt_001834,u_0353,profile_saved,2026-06-04T13:05:00Z,u_0353_s01,ins_u_0353_003,{},v2.2.0-healthy
evt_001835,u_0442,onboarding_completed,2026-06-04T13:05:00Z,u_0442_s01,ins_u_0442_005,"{""completed_at"": ""2026-06-04T13:02:00Z""}",v2.2.0-healthy
evt_001836,u_0521,onboarding_completed,2026-06-04T13:08:00Z,u_0521_s01,ins_u_0521_006,"{""completed_at"": ""2026-06-04T13:05:00Z""}",v2.2.0-healthy
evt_001837,u_0044,feature_used,2026-06-04T13:10:00Z,u_0044_s01,ins_u_0044_005,"{""feature"": ""board""}",v2.2.0-healthy
evt_001838,u_0174,signup_completed,2026-06-04T13:10:00Z,u_0174_s01,ins_u_0174_002,{},v2.2.0-healthy
evt_001839,u_0505,feature_used,2026-06-04T13:10:00Z,u_0505_s01,ins_u_0505_005,"{""feature"": ""insights""}",v2.2.0-healthy
evt_001840,u_0268,activation_completed,2026-06-04T13:11:00Z,u_0268_s01,ins_u_0268_006,{},v2.2.0-healthy
evt_001841,u_0353,onboarding_step_viewed,2026-06-04T13:11:00Z,u_0353_s01,ins_u_0353_004,{},v2.2.0-healthy
evt_001842,u_0786,signup_started,2026-06-04T13:14:00Z,u_0786_s01,ins_u_0786_001,{},v2.2.0-healthy
evt_001843,u_0174,session_abandoned,2026-06-04T13:16:00Z,u_0174_s01,ins_u_0174_003,{},v2.2.0-healthy
evt_001844,u_0642,signup_started,2026-06-04T13:16:00Z,u_0642_s01,ins_u_0642_001,{},v2.2.0-healthy
evt_001845,u_0759,signup_started,2026-06-04T13:16:00Z,u_0759_s01,ins_u_0759_001,{},v2.2.0-healthy
evt_001846,u_0786,signup_completed,2026-06-04T13:16:00Z,u_0786_s01,ins_u_0786_002,{},v2.2.0-healthy
evt_001847,u_0759,session_abandoned,2026-06-04T13:18:00Z,u_0759_s01,ins_u_0759_002,{},v2.2.0-healthy
evt_001848,u_0029,signup_started,2026-06-04T13:19:00Z,u_0029_s01,ins_u_0029_001,{},v2.2.0-healthy
evt_001849,u_0786,session_abandoned,2026-06-04T13:20:00Z,u_0786_s01,ins_u_0786_003,{},v2.2.0-healthy
evt_001850,u_0044,onboarding_completed,2026-06-04T13:22:00Z,u_0044_s01,ins_u_0044_006,"{""completed_at"": ""2026-06-04T13:19:00Z""}",v2.2.0-healthy
evt_001851,u_0642,signup_completed,2026-06-04T13:23:00Z,u_0642_s01,ins_u_0642_002,{},v2.2.0-healthy
evt_001852,u_0106,signup_started,2026-06-04T13:25:00Z,u_0106_s01,ins_u_0106_001,{},v2.2.0-healthy
evt_001853,u_0353,feature_used,2026-06-04T13:26:00Z,u_0353_s01,ins_u_0353_005,"{""feature"": ""insights""}",v2.2.0-healthy
evt_001854,u_0029,signup_completed,2026-06-04T13:27:00Z,u_0029_s01,ins_u_0029_002,{},v2.2.0-healthy
evt_001855,u_0106,signup_completed,2026-06-04T13:29:00Z,u_0106_s01,ins_u_0106_002,{},v2.2.0-healthy
evt_001856,u_0642,profile_saved,2026-06-04T13:29:00Z,u_0642_s01,ins_u_0642_003,{},v2.2.0-healthy
evt_001857,u_0029,profile_saved,2026-06-04T13:30:00Z,u_0029_s01,ins_u_0029_003,{},v2.2.0-healthy
evt_001858,u_0642,onboarding_step_viewed,2026-06-04T13:32:00Z,u_0642_s01,ins_u_0642_004,{},v2.2.0-healthy
evt_001859,u_0106,session_abandoned,2026-06-04T13:33:00Z,u_0106_s01,ins_u_0106_003,{},v2.2.0-healthy
evt_001860,u_0029,onboarding_step_viewed,2026-06-04T13:34:00Z,u_0029_s01,ins_u_0029_004,{},v2.2.0-healthy
evt_001861,u_0467,onboarding_completed,2026-06-04T13:34:00Z,u_0467_s01,ins_u_0467_005,"{""completed_at"": ""2026-06-04T13:35:00Z""}",v2.2.0-healthy
evt_001862,u_0332,onboarding_completed,2026-06-04T13:38:00Z,u_0332_s01,ins_u_0332_005,"{""completed_at"": ""2026-06-04T13:35:00Z""}",v2.2.0-healthy
evt_001863,u_0353,onboarding_completed,2026-06-04T13:41:00Z,u_0353_s01,ins_u_0353_006,"{""completed_at"": ""2026-06-04T13:36:00Z""}",v2.2.0-healthy
evt_001864,u_0505,onboarding_completed,2026-06-04T13:42:00Z,u_0505_s01,ins_u_0505_006,"{""completed_at"": ""2026-06-04T13:32:00Z""}",v2.2.0-healthy
evt_001865,u_0505,activation_completed,2026-06-04T13:45:00Z,u_0505_s01,ins_u_0505_007,{},v2.2.0-healthy
evt_001866,u_0794,signup_started,2026-06-04T13:45:00Z,u_0794_s01,ins_u_0794_001,{},v2.2.0-healthy
evt_001867,u_0794,signup_completed,2026-06-04T13:50:00Z,u_0794_s01,ins_u_0794_002,{},v2.2.0-healthy
evt_001868,u_0490,signup_started,2026-06-04T13:51:00Z,u_0490_s01,ins_u_0490_001,{},v2.2.0-healthy
evt_001869,u_0490,signup_completed,2026-06-04T13:54:00Z,u_0490_s01,ins_u_0490_002,{},v2.2.0-healthy
evt_001870,u_0794,profile_saved,2026-06-04T13:59:00Z,u_0794_s01,ins_u_0794_003,{},v2.2.0-healthy
evt_001871,u_0109,signup_started,2026-06-04T14:02:00Z,u_0109_s01,ins_u_0109_001,{},v2.2.0-healthy
evt_001872,u_0490,profile_saved,2026-06-04T14:02:00Z,u_0490_s01,ins_u_0490_003,{},v2.2.0-healthy
evt_001873,u_0794,onboarding_step_viewed,2026-06-04T14:02:00Z,u_0794_s01,ins_u_0794_004,{},v2.2.0-healthy
evt_001874,u_0029,onboarding_completed,2026-06-04T14:06:00Z,u_0029_s01,ins_u_0029_005,"{""completed_at"": ""2026-06-04T13:58:00Z""}",v2.2.0-healthy
evt_001875,u_0109,signup_completed,2026-06-04T14:06:00Z,u_0109_s01,ins_u_0109_002,{},v2.2.0-healthy
evt_001876,u_0490,onboarding_step_viewed,2026-06-04T14:07:00Z,u_0490_s01,ins_u_0490_004,{},v2.2.0-healthy
evt_001877,u_0690,signup_started,2026-06-04T14:09:00Z,u_0690_s01,ins_u_0690_001,{},v2.2.0-healthy
evt_001878,u_0642,onboarding_completed,2026-06-04T14:11:00Z,u_0642_s01,ins_u_0642_005,"{""completed_at"": ""2026-06-04T13:56:00Z""}",v2.2.0-healthy
evt_001879,u_0109,session_abandoned,2026-06-04T14:13:00Z,u_0109_s01,ins_u_0109_003,{},v2.2.0-healthy
evt_001880,u_0690,signup_completed,2026-06-04T14:17:00Z,u_0690_s01,ins_u_0690_002,{},v2.2.0-healthy
evt_001881,u_0187,signup_started,2026-06-04T14:22:00Z,u_0187_s01,ins_u_0187_001,{},v2.2.0-healthy
evt_001882,u_0490,feature_used,2026-06-04T14:25:00Z,u_0490_s01,ins_u_0490_005,"{""feature"": ""board""}",v2.2.0-healthy
evt_001883,u_0690,session_abandoned,2026-06-04T14:26:00Z,u_0690_s01,ins_u_0690_003,{},v2.2.0-healthy
evt_001884,u_0187,signup_completed,2026-06-04T14:30:00Z,u_0187_s01,ins_u_0187_002,{},v2.2.0-healthy
evt_001885,u_0187,profile_saved,2026-06-04T14:32:00Z,u_0187_s01,ins_u_0187_003,{},v2.2.0-healthy
evt_001886,u_0642,activation_completed,2026-06-04T14:35:00Z,u_0642_s01,ins_u_0642_006,{},v2.2.0-healthy
evt_001887,u_0187,onboarding_step_viewed,2026-06-04T14:37:00Z,u_0187_s01,ins_u_0187_004,{},v2.2.0-healthy
evt_001888,u_0627,signup_started,2026-06-04T14:37:00Z,u_0627_s01,ins_u_0627_001,{},v2.2.0-healthy
evt_001889,u_0794,onboarding_completed,2026-06-04T14:38:00Z,u_0794_s01,ins_u_0794_005,"{""completed_at"": ""2026-06-04T14:29:00Z""}",v2.2.0-healthy
evt_001890,u_0094,signup_started,2026-06-04T14:40:00Z,u_0094_s01,ins_u_0094_001,{},v2.2.0-healthy
evt_001891,u_0118,return_visit,2026-06-04T14:41:00Z,u_0118_s02,ins_u_0118_007,{},v2.2.0-healthy
evt_001892,u_0627,signup_completed,2026-06-04T14:41:00Z,u_0627_s01,ins_u_0627_002,{},v2.2.0-healthy
evt_001893,u_0490,onboarding_completed,2026-06-04T14:44:00Z,u_0490_s01,ins_u_0490_006,"{""completed_at"": ""2026-06-04T14:32:00Z""}",v2.2.0-healthy
evt_001894,u_0094,signup_completed,2026-06-04T14:46:00Z,u_0094_s01,ins_u_0094_002,{},v2.2.0-healthy
evt_001895,u_0627,profile_saved,2026-06-04T14:47:00Z,u_0627_s01,ins_u_0627_003,{},v2.2.0-healthy
evt_001896,u_0627,onboarding_step_viewed,2026-06-04T14:51:00Z,u_0627_s01,ins_u_0627_004,{},v2.2.0-healthy
evt_001897,u_0094,profile_saved,2026-06-04T14:55:00Z,u_0094_s01,ins_u_0094_003,{},v2.2.0-healthy
evt_001898,u_0179,signup_started,2026-06-04T14:55:00Z,u_0179_s01,ins_u_0179_001,{},v2.2.0-healthy
evt_001899,u_0094,onboarding_step_viewed,2026-06-04T15:00:00Z,u_0094_s01,ins_u_0094_004,{},v2.2.0-healthy
evt_001900,u_0179,session_abandoned,2026-06-04T15:03:00Z,u_0179_s01,ins_u_0179_002,{},v2.2.0-healthy
evt_001901,u_0094,feature_used,2026-06-04T15:06:00Z,u_0094_s01,ins_u_0094_005,"{""feature"": ""board""}",v2.2.0-healthy
evt_001902,u_0627,feature_used,2026-06-04T15:06:00Z,u_0627_s01,ins_u_0627_005,"{""feature"": ""insights""}",v2.2.0-healthy
evt_001903,u_0187,onboarding_completed,2026-06-04T15:10:00Z,u_0187_s01,ins_u_0187_005,"{""completed_at"": ""2026-06-04T15:01:00Z""}",v2.2.0-healthy
evt_001904,u_0609,signup_started,2026-06-04T15:12:00Z,u_0609_s01,ins_u_0609_001,{},v2.2.0-healthy
evt_001905,u_0609,signup_completed,2026-06-04T15:13:00Z,u_0609_s01,ins_u_0609_002,{},v2.2.0-healthy
evt_001906,u_0585,signup_started,2026-06-04T15:14:00Z,u_0585_s01,ins_u_0585_001,{},v2.2.0-healthy
evt_001907,u_0585,session_abandoned,2026-06-04T15:16:00Z,u_0585_s01,ins_u_0585_002,{},v2.2.0-healthy
evt_001908,u_0609,profile_saved,2026-06-04T15:17:00Z,u_0609_s01,ins_u_0609_003,{},v2.2.0-healthy
evt_001909,u_0407,signup_started,2026-06-04T15:18:00Z,u_0407_s01,ins_u_0407_001,{},v2.2.0-healthy
evt_001910,u_0609,error_shown,2026-06-04T15:18:00Z,u_0609_s01,ins_u_0609_004,"{""code"": ""onboarding_timeout""}",v2.2.0-healthy
evt_001911,u_0698,signup_started,2026-06-04T15:19:00Z,u_0698_s01,ins_u_0698_001,{},v2.2.0-healthy
evt_001912,u_0698,signup_completed,2026-06-04T15:20:00Z,u_0698_s01,ins_u_0698_002,{},v2.2.0-healthy
evt_001913,u_0407,signup_completed,2026-06-04T15:21:00Z,u_0407_s01,ins_u_0407_002,{},v2.2.0-healthy
evt_001914,u_0698,profile_saved,2026-06-04T15:22:00Z,u_0698_s01,ins_u_0698_003,{},v2.2.0-healthy
evt_001915,u_0532,signup_started,2026-06-04T15:24:00Z,u_0532_s01,ins_u_0532_001,{},v2.2.0-healthy
evt_001916,u_0609,feature_used,2026-06-04T15:24:00Z,u_0609_s01,ins_u_0609_005,"{""feature"": ""insights""}",v2.2.0-healthy
evt_001917,u_0187,activation_completed,2026-06-04T15:28:00Z,u_0187_s01,ins_u_0187_006,{},v2.2.0-healthy
evt_001918,u_0407,session_abandoned,2026-06-04T15:28:00Z,u_0407_s01,ins_u_0407_003,{},v2.2.0-healthy
evt_001919,u_0532,session_abandoned,2026-06-04T15:28:00Z,u_0532_s01,ins_u_0532_002,{},v2.2.0-healthy
evt_001920,u_0627,onboarding_completed,2026-06-04T15:28:00Z,u_0627_s01,ins_u_0627_006,"{""completed_at"": ""2026-06-04T15:24:00Z""}",v2.2.0-healthy
evt_001921,u_0698,feature_used,2026-06-04T15:40:00Z,u_0698_s01,ins_u_0698_004,"{""feature"": ""board""}",v2.2.0-healthy
evt_001922,u_0194,signup_started,2026-06-04T15:49:00Z,u_0194_s01,ins_u_0194_001,{},v2.2.0-healthy
evt_001923,u_0609,onboarding_completed,2026-06-04T15:50:00Z,u_0609_s01,ins_u_0609_006,"{""completed_at"": ""2026-06-04T15:51:00Z""}",v2.2.0-healthy
evt_001924,u_0194,signup_completed,2026-06-04T15:51:00Z,u_0194_s01,ins_u_0194_002,{},v2.2.0-healthy
evt_001925,u_0194,profile_saved,2026-06-04T15:55:00Z,u_0194_s01,ins_u_0194_003,{},v2.2.0-healthy
evt_001926,u_0194,onboarding_step_viewed,2026-06-04T15:57:00Z,u_0194_s01,ins_u_0194_004,{},v2.2.0-healthy
evt_001927,u_0392,signup_started,2026-06-04T15:57:00Z,u_0392_s01,ins_u_0392_001,{},v2.2.0-healthy
evt_001928,u_0627,activation_completed,2026-06-04T15:58:00Z,u_0627_s01,ins_u_0627_007,{},v2.2.0-healthy
evt_001929,u_0392,signup_completed,2026-06-04T16:02:00Z,u_0392_s01,ins_u_0392_002,{},v2.2.0-healthy
evt_001930,u_0698,onboarding_completed,2026-06-04T16:03:00Z,u_0698_s01,ins_u_0698_005,"{""completed_at"": ""2026-06-04T15:58:00Z""}",v2.2.0-healthy
evt_001931,u_0392,profile_saved,2026-06-04T16:06:00Z,u_0392_s01,ins_u_0392_003,{},v2.2.0-healthy
evt_001932,u_0392,onboarding_step_viewed,2026-06-04T16:09:00Z,u_0392_s01,ins_u_0392_004,{},v2.2.0-healthy
evt_001933,u_0609,activation_completed,2026-06-04T16:09:00Z,u_0609_s01,ins_u_0609_007,{},v2.2.0-healthy
evt_001934,u_0789,signup_started,2026-06-04T16:09:00Z,u_0789_s01,ins_u_0789_001,{},v2.2.0-healthy
evt_001935,u_0094,activation_completed,2026-06-04T16:13:00Z,u_0094_s01,ins_u_0094_006,{},v2.2.0-healthy
evt_001936,u_0290,signup_started,2026-06-04T16:13:00Z,u_0290_s01,ins_u_0290_001,{},v2.2.0-healthy
evt_001937,u_0789,session_abandoned,2026-06-04T16:13:00Z,u_0789_s01,ins_u_0789_002,{},v2.2.0-healthy
evt_001938,u_0290,signup_completed,2026-06-04T16:14:00Z,u_0290_s01,ins_u_0290_002,{},v2.2.0-healthy
evt_001939,u_0194,feature_used,2026-06-04T16:15:00Z,u_0194_s01,ins_u_0194_005,"{""feature"": ""board""}",v2.2.0-healthy
evt_001940,u_0572,signup_started,2026-06-04T16:16:00Z,u_0572_s01,ins_u_0572_001,{},v2.2.0-healthy
evt_001941,u_0572,session_abandoned,2026-06-04T16:18:00Z,u_0572_s01,ins_u_0572_002,{},v2.2.0-healthy
evt_001942,u_0419,signup_started,2026-06-04T16:20:00Z,u_0419_s01,ins_u_0419_001,{},v2.2.0-healthy
evt_001943,u_0290,profile_saved,2026-06-04T16:21:00Z,u_0290_s01,ins_u_0290_003,{},v2.2.0-healthy
evt_001944,u_0099,signup_started,2026-06-04T16:26:00Z,u_0099_s01,ins_u_0099_001,{},v2.2.0-healthy
evt_001945,u_0194,onboarding_completed,2026-06-04T16:26:00Z,u_0194_s01,ins_u_0194_006,"{""completed_at"": ""2026-06-04T16:35:00Z""}",v2.2.0-healthy
evt_001946,u_0419,signup_completed,2026-06-04T16:28:00Z,u_0419_s01,ins_u_0419_002,{},v2.2.0-healthy
evt_001947,u_0099,signup_completed,2026-06-04T16:30:00Z,u_0099_s01,ins_u_0099_002,{},v2.2.0-healthy
evt_001948,u_0419,profile_saved,2026-06-04T16:31:00Z,u_0419_s01,ins_u_0419_003,{},v2.2.0-healthy
evt_001949,u_0419,error_shown,2026-06-04T16:32:00Z,u_0419_s01,ins_u_0419_004,"{""code"": ""onboarding_timeout""}",v2.2.0-healthy
evt_001950,u_0099,session_abandoned,2026-06-04T16:35:00Z,u_0099_s01,ins_u_0099_003,{},v2.2.0-healthy
evt_001951,u_0419,onboarding_step_viewed,2026-06-04T16:35:00Z,u_0419_s01,ins_u_0419_005,{},v2.2.0-healthy
evt_001952,u_0392,onboarding_completed,2026-06-04T16:37:00Z,u_0392_s01,ins_u_0392_005,"{""completed_at"": ""2026-06-04T16:39:00Z""}",v2.2.0-healthy
evt_001953,u_0464,signup_started,2026-06-04T16:39:00Z,u_0464_s01,ins_u_0464_001,{},v2.2.0-healthy
evt_001954,u_0761,signup_started,2026-06-04T16:42:00Z,u_0761_s01,ins_u_0761_001,{},v2.2.0-healthy
evt_001955,u_0464,signup_completed,2026-06-04T16:44:00Z,u_0464_s01,ins_u_0464_002,{},v2.2.0-healthy
evt_001956,u_0103,signup_started,2026-06-04T16:45:00Z,u_0103_s01,ins_u_0103_001,{},v2.2.0-healthy
evt_001957,u_0464,profile_saved,2026-06-04T16:47:00Z,u_0464_s01,ins_u_0464_003,{},v2.2.0-healthy
evt_001958,u_0761,session_abandoned,2026-06-04T16:47:00Z,u_0761_s01,ins_u_0761_002,{},v2.2.0-healthy
evt_001959,u_0103,signup_completed,2026-06-04T16:51:00Z,u_0103_s01,ins_u_0103_002,{},v2.2.0-healthy
evt_001960,u_0464,onboarding_step_viewed,2026-06-04T16:53:00Z,u_0464_s01,ins_u_0464_004,{},v2.2.0-healthy
evt_001961,u_0103,profile_saved,2026-06-04T16:55:00Z,u_0103_s01,ins_u_0103_003,{},v2.2.0-healthy
evt_001962,u_0103,onboarding_step_viewed,2026-06-04T17:00:00Z,u_0103_s01,ins_u_0103_004,{},v2.2.0-healthy
evt_001963,u_0754,signup_started,2026-06-04T17:02:00Z,u_0754_s01,ins_u_0754_001,{},v2.2.0-healthy
evt_001964,u_0754,session_abandoned,2026-06-04T17:05:00Z,u_0754_s01,ins_u_0754_002,{},v2.2.0-healthy
evt_001965,u_0017,signup_started,2026-06-04T17:10:00Z,u_0017_s01,ins_u_0017_001,{},v2.2.0-healthy
evt_001966,u_0464,feature_used,2026-06-04T17:12:00Z,u_0464_s01,ins_u_0464_005,"{""feature"": ""board""}",v2.2.0-healthy
evt_001967,u_0419,onboarding_completed,2026-06-04T17:14:00Z,u_0419_s01,ins_u_0419_006,"{""completed_at"": ""2026-06-04T16:57:00Z""}",v2.2.0-healthy
evt_001968,u_0017,signup_completed,2026-06-04T17:15:00Z,u_0017_s01,ins_u_0017_002,{},v2.2.0-healthy
evt_001969,u_0078,signup_started,2026-06-04T17:15:00Z,u_0078_s01,ins_u_0078_001,{},v2.2.0-healthy
evt_001970,u_0464,onboarding_completed,2026-06-04T17:15:00Z,u_0464_s01,ins_u_0464_006,"{""completed_at"": ""2026-06-04T17:20:00Z""}",v2.2.0-healthy
evt_001971,u_0017,profile_saved,2026-06-04T17:20:00Z,u_0017_s01,ins_u_0017_003,{},v2.2.0-healthy
evt_001972,u_0078,signup_completed,2026-06-04T17:20:00Z,u_0078_s01,ins_u_0078_002,{},v2.2.0-healthy
evt_001973,u_0235,signup_started,2026-06-04T17:22:00Z,u_0235_s01,ins_u_0235_001,{},v2.2.0-healthy
evt_001974,u_0017,onboarding_step_viewed,2026-06-04T17:23:00Z,u_0017_s01,ins_u_0017_004,{},v2.2.0-healthy
evt_001975,u_0290,activation_completed,2026-06-04T17:24:00Z,u_0290_s01,ins_u_0290_004,{},v2.2.0-healthy
evt_001976,u_0419,activation_completed,2026-06-04T17:24:00Z,u_0419_s01,ins_u_0419_007,{},v2.2.0-healthy
evt_001977,u_0078,session_abandoned,2026-06-04T17:27:00Z,u_0078_s01,ins_u_0078_003,{},v2.2.0-healthy
evt_001978,u_0235,session_abandoned,2026-06-04T17:27:00Z,u_0235_s01,ins_u_0235_002,{},v2.2.0-healthy
evt_001979,u_0017,feature_used,2026-06-04T17:30:00Z,u_0017_s01,ins_u_0017_005,"{""feature"": ""insights""}",v2.2.0-healthy
evt_001980,u_0488,signup_started,2026-06-04T17:30:00Z,u_0488_s01,ins_u_0488_001,{},v2.2.0-healthy
evt_001981,u_0795,signup_started,2026-06-04T17:34:00Z,u_0795_s01,ins_u_0795_001,{},v2.2.0-healthy
evt_001982,u_0103,onboarding_completed,2026-06-04T17:36:00Z,u_0103_s01,ins_u_0103_005,"{""completed_at"": ""2026-06-04T17:30:00Z""}",v2.2.0-healthy
evt_001983,u_0488,session_abandoned,2026-06-04T17:36:00Z,u_0488_s01,ins_u_0488_002,{},v2.2.0-healthy
evt_001984,u_0594,signup_started,2026-06-04T17:36:00Z,u_0594_s01,ins_u_0594_001,{},v2.2.0-healthy
evt_001985,u_0594,session_abandoned,2026-06-04T17:39:00Z,u_0594_s01,ins_u_0594_002,{},v2.2.0-healthy
evt_001986,u_0352,signup_started,2026-06-04T17:40:00Z,u_0352_s01,ins_u_0352_001,{},v2.2.0-healthy
evt_001987,u_0795,signup_completed,2026-06-04T17:41:00Z,u_0795_s01,ins_u_0795_002,{},v2.2.0-healthy
evt_001988,u_0154,signup_started,2026-06-04T17:42:00Z,u_0154_s01,ins_u_0154_001,{},v2.2.0-healthy
evt_001989,u_0154,signup_completed,2026-06-04T17:45:00Z,u_0154_s01,ins_u_0154_002,{},v2.2.0-healthy
evt_001990,u_0352,signup_completed,2026-06-04T17:47:00Z,u_0352_s01,ins_u_0352_002,{},v2.2.0-healthy
evt_001991,u_0154,profile_saved,2026-06-04T17:48:00Z,u_0154_s01,ins_u_0154_003,{},v2.2.0-healthy
evt_001992,u_0795,session_abandoned,2026-06-04T17:48:00Z,u_0795_s01,ins_u_0795_003,{},v2.2.0-healthy
evt_001993,u_0549,signup_started,2026-06-04T17:50:00Z,u_0549_s01,ins_u_0549_001,{},v2.2.0-healthy
evt_001994,u_0154,onboarding_step_viewed,2026-06-04T17:52:00Z,u_0154_s01,ins_u_0154_004,{},v2.2.0-healthy
evt_001995,u_0643,signup_started,2026-06-04T17:54:00Z,u_0643_s01,ins_u_0643_001,{},v2.2.0-healthy
evt_001996,u_0352,session_abandoned,2026-06-04T17:55:00Z,u_0352_s01,ins_u_0352_003,{},v2.2.0-healthy
evt_001997,u_0549,signup_completed,2026-06-04T17:57:00Z,u_0549_s01,ins_u_0549_002,{},v2.2.0-healthy
evt_001998,u_0501,signup_started,2026-06-04T17:58:00Z,u_0501_s01,ins_u_0501_001,{},v2.2.0-healthy
evt_001999,u_0643,signup_completed,2026-06-04T18:00:00Z,u_0643_s01,ins_u_0643_002,{},v2.2.0-healthy
evt_002000,u_0491,signup_started,2026-06-04T18:01:00Z,u_0491_s01,ins_u_0491_001,{},v2.2.0-healthy
evt_002001,u_0501,signup_completed,2026-06-04T18:04:00Z,u_0501_s01,ins_u_0501_002,{},v2.2.0-healthy
evt_002002,u_0491,signup_completed,2026-06-04T18:06:00Z,u_0491_s01,ins_u_0491_002,{},v2.2.0-healthy
evt_002003,u_0549,profile_saved,2026-06-04T18:06:00Z,u_0549_s01,ins_u_0549_003,{},v2.2.0-healthy
evt_002004,u_0291,signup_started,2026-06-04T18:08:00Z,u_0291_s01,ins_u_0291_001,{},v2.2.0-healthy
evt_002005,u_0321,signup_started,2026-06-04T18:09:00Z,u_0321_s01,ins_u_0321_001,{},v2.2.0-healthy
evt_002006,u_0363,signup_started,2026-06-04T18:09:00Z,u_0363_s01,ins_u_0363_001,{},v2.2.0-healthy
evt_002007,u_0371,return_visit,2026-06-04T18:09:00Z,u_0371_s02,ins_u_0371_007,{},v2.2.0-healthy
evt_002008,u_0501,profile_saved,2026-06-04T18:10:00Z,u_0501_s01,ins_u_0501_003,{},v2.2.0-healthy
evt_002009,u_0643,profile_saved,2026-06-04T18:10:00Z,u_0643_s01,ins_u_0643_003,{},v2.2.0-healthy
evt_002010,u_0363,signup_completed,2026-06-04T18:11:00Z,u_0363_s01,ins_u_0363_002,{},v2.2.0-healthy
evt_002011,u_0549,onboarding_step_viewed,2026-06-04T18:11:00Z,u_0549_s01,ins_u_0549_004,{},v2.2.0-healthy
evt_002012,u_0501,onboarding_step_viewed,2026-06-04T18:12:00Z,u_0501_s01,ins_u_0501_004,{},v2.2.0-healthy
evt_002013,u_0291,signup_completed,2026-06-04T18:14:00Z,u_0291_s01,ins_u_0291_002,{},v2.2.0-healthy
evt_002014,u_0371,feature_used,2026-06-04T18:14:00Z,u_0371_s02,ins_u_0371_008,"{""feature"": ""insights""}",v2.2.0-healthy
evt_002015,u_0321,signup_completed,2026-06-04T18:15:00Z,u_0321_s01,ins_u_0321_002,{},v2.2.0-healthy
evt_002016,u_0491,session_abandoned,2026-06-04T18:15:00Z,u_0491_s01,ins_u_0491_003,{},v2.2.0-healthy
evt_002017,u_0643,onboarding_step_viewed,2026-06-04T18:15:00Z,u_0643_s01,ins_u_0643_004,{},v2.2.0-healthy
evt_002018,u_0291,profile_saved,2026-06-04T18:17:00Z,u_0291_s01,ins_u_0291_003,{},v2.2.0-healthy
evt_002019,u_0363,profile_saved,2026-06-04T18:17:00Z,u_0363_s01,ins_u_0363_003,{},v2.2.0-healthy
evt_002020,u_0549,feature_used,2026-06-04T18:17:00Z,u_0549_s01,ins_u_0549_005,"{""feature"": ""insights""}",v2.2.0-healthy
evt_002021,u_0643,feature_used,2026-06-04T18:19:00Z,u_0643_s01,ins_u_0643_005,"{""feature"": ""insights""}",v2.2.0-healthy
evt_002022,u_0363,onboarding_step_viewed,2026-06-04T18:20:00Z,u_0363_s01,ins_u_0363_004,{},v2.2.0-healthy
evt_002023,u_0100,signup_started,2026-06-04T18:22:00Z,u_0100_s01,ins_u_0100_001,{},v2.2.0-healthy
evt_002024,u_0321,profile_saved,2026-06-04T18:22:00Z,u_0321_s01,ins_u_0321_003,{},v2.2.0-healthy
evt_002025,u_0291,onboarding_step_viewed,2026-06-04T18:23:00Z,u_0291_s01,ins_u_0291_004,{},v2.2.0-healthy
evt_002026,u_0487,signup_started,2026-06-04T18:24:00Z,u_0487_s01,ins_u_0487_001,{},v2.2.0-healthy
evt_002027,u_0154,onboarding_completed,2026-06-04T18:25:00Z,u_0154_s01,ins_u_0154_005,"{""completed_at"": ""2026-06-04T18:17:00Z""}",v2.2.0-healthy
evt_002028,u_0100,signup_completed,2026-06-04T18:26:00Z,u_0100_s01,ins_u_0100_002,{},v2.2.0-healthy
evt_002029,u_0321,onboarding_step_viewed,2026-06-04T18:27:00Z,u_0321_s01,ins_u_0321_004,{},v2.2.0-healthy
evt_002030,u_0363,feature_used,2026-06-04T18:29:00Z,u_0363_s01,ins_u_0363_005,"{""feature"": ""insights""}",v2.2.0-healthy
evt_002031,u_0100,profile_saved,2026-06-04T18:30:00Z,u_0100_s01,ins_u_0100_003,{},v2.2.0-healthy
evt_002032,u_0487,signup_completed,2026-06-04T18:32:00Z,u_0487_s01,ins_u_0487_002,{},v2.2.0-healthy
evt_002033,u_0100,onboarding_step_viewed,2026-06-04T18:33:00Z,u_0100_s01,ins_u_0100_004,{},v2.2.0-healthy
evt_002034,u_0501,feature_used,2026-06-04T18:34:00Z,u_0501_s01,ins_u_0501_005,"{""feature"": ""insights""}",v2.2.0-healthy
evt_002035,u_0321,feature_used,2026-06-04T18:36:00Z,u_0321_s01,ins_u_0321_005,"{""feature"": ""insights""}",v2.2.0-healthy
evt_002036,u_0487,profile_saved,2026-06-04T18:36:00Z,u_0487_s01,ins_u_0487_003,{},v2.2.0-healthy
evt_002037,u_0368,signup_started,2026-06-04T18:37:00Z,u_0368_s01,ins_u_0368_001,{},v2.2.0-healthy
evt_002038,u_0501,onboarding_completed,2026-06-04T18:40:00Z,u_0501_s01,ins_u_0501_006,"{""completed_at"": ""2026-06-04T18:41:00Z""}",v2.2.0-healthy
evt_002039,u_0487,onboarding_step_viewed,2026-06-04T18:41:00Z,u_0487_s01,ins_u_0487_004,{},v2.2.0-healthy
evt_002040,u_0612,signup_started,2026-06-04T18:41:00Z,u_0612_s01,ins_u_0612_001,{},v2.2.0-healthy
evt_002041,u_0368,signup_completed,2026-06-04T18:42:00Z,u_0368_s01,ins_u_0368_002,{},v2.2.0-healthy
evt_002042,u_0612,session_abandoned,2026-06-04T18:44:00Z,u_0612_s01,ins_u_0612_002,{},v2.2.0-healthy
evt_002043,u_0549,onboarding_completed,2026-06-04T18:45:00Z,u_0549_s01,ins_u_0549_006,"{""completed_at"": ""2026-06-04T18:33:00Z""}",v2.2.0-healthy
evt_002044,u_0643,onboarding_completed,2026-06-04T18:46:00Z,u_0643_s01,ins_u_0643_006,"{""completed_at"": ""2026-06-04T18:49:00Z""}",v2.2.0-healthy
evt_002045,u_0291,onboarding_completed,2026-06-04T18:48:00Z,u_0291_s01,ins_u_0291_005,"{""completed_at"": ""2026-06-04T18:52:00Z""}",v2.2.0-healthy
evt_002046,u_0363,onboarding_completed,2026-06-04T18:50:00Z,u_0363_s01,ins_u_0363_006,"{""completed_at"": ""2026-06-04T18:52:00Z""}",v2.2.0-healthy
evt_002047,u_0368,profile_saved,2026-06-04T18:50:00Z,u_0368_s01,ins_u_0368_003,{},v2.2.0-healthy
evt_002048,u_0487,feature_used,2026-06-04T18:50:00Z,u_0487_s01,ins_u_0487_005,"{""feature"": ""insights""}",v2.2.0-healthy
evt_002049,u_0100,feature_used,2026-06-04T18:54:00Z,u_0100_s01,ins_u_0100_005,"{""feature"": ""board""}",v2.2.0-healthy
evt_002050,u_0368,onboarding_step_viewed,2026-06-04T18:55:00Z,u_0368_s01,ins_u_0368_004,{},v2.2.0-healthy
evt_002051,u_0321,onboarding_completed,2026-06-04T18:59:00Z,u_0321_s01,ins_u_0321_006,"{""completed_at"": ""2026-06-04T18:58:00Z""}",v2.2.0-healthy
evt_002052,u_0062,signup_started,2026-06-04T19:02:00Z,u_0062_s01,ins_u_0062_001,{},v2.2.0-healthy
evt_002053,u_0100,onboarding_completed,2026-06-04T19:03:00Z,u_0100_s01,ins_u_0100_006,"{""completed_at"": ""2026-06-04T19:02:00Z""}",v2.2.0-healthy
evt_002054,u_0291,activation_completed,2026-06-04T19:03:00Z,u_0291_s01,ins_u_0291_006,{},v2.2.0-healthy
evt_002055,u_0062,signup_completed,2026-06-04T19:09:00Z,u_0062_s01,ins_u_0062_002,{},v2.2.0-healthy
evt_002056,u_0487,onboarding_completed,2026-06-04T19:10:00Z,u_0487_s01,ins_u_0487_006,"{""completed_at"": ""2026-06-04T19:04:00Z""}",v2.2.0-healthy
evt_002057,u_0649,signup_started,2026-06-04T19:12:00Z,u_0649_s01,ins_u_0649_001,{},v2.2.0-healthy
evt_002058,u_0285,signup_started,2026-06-04T19:14:00Z,u_0285_s01,ins_u_0285_001,{},v2.2.0-healthy
evt_002059,u_0062,session_abandoned,2026-06-04T19:15:00Z,u_0062_s01,ins_u_0062_003,{},v2.2.0-healthy
evt_002060,u_0285,signup_completed,2026-06-04T19:15:00Z,u_0285_s01,ins_u_0285_002,{},v2.2.0-healthy
evt_002061,u_0205,signup_started,2026-06-04T19:16:00Z,u_0205_s01,ins_u_0205_001,{},v2.2.0-healthy
evt_002062,u_0101,signup_started,2026-06-04T19:17:00Z,u_0101_s01,ins_u_0101_001,{},v2.2.0-healthy
evt_002063,u_0649,signup_completed,2026-06-04T19:18:00Z,u_0649_s01,ins_u_0649_002,{},v2.2.0-healthy
evt_002064,u_0205,signup_completed,2026-06-04T19:20:00Z,u_0205_s01,ins_u_0205_002,{},v2.2.0-healthy
evt_002065,u_0101,signup_completed,2026-06-04T19:22:00Z,u_0101_s01,ins_u_0101_002,{},v2.2.0-healthy
evt_002066,u_0649,session_abandoned,2026-06-04T19:23:00Z,u_0649_s01,ins_u_0649_003,{},v2.2.0-healthy
evt_002067,u_0285,session_abandoned,2026-06-04T19:24:00Z,u_0285_s01,ins_u_0285_003,{},v2.2.0-healthy
evt_002068,u_0501,activation_completed,2026-06-04T19:24:00Z,u_0501_s01,ins_u_0501_007,{},v2.2.0-healthy
evt_002069,u_0205,profile_saved,2026-06-04T19:26:00Z,u_0205_s01,ins_u_0205_003,{},v2.2.0-healthy
evt_002070,u_0368,onboarding_completed,2026-06-04T19:26:00Z,u_0368_s01,ins_u_0368_005,"{""completed_at"": ""2026-06-04T19:21:00Z""}",v2.2.0-healthy
evt_002071,u_0321,activation_completed,2026-06-04T19:29:00Z,u_0321_s01,ins_u_0321_007,{},v2.2.0-healthy
evt_002072,u_0101,profile_saved,2026-06-04T19:31:00Z,u_0101_s01,ins_u_0101_003,{},v2.2.0-healthy
evt_002073,u_0205,onboarding_step_viewed,2026-06-04T19:32:00Z,u_0205_s01,ins_u_0205_004,{},v2.2.0-healthy
evt_002074,u_0101,onboarding_step_viewed,2026-06-04T19:33:00Z,u_0101_s01,ins_u_0101_004,{},v2.2.0-healthy
evt_002075,u_0101,feature_used,2026-06-04T19:38:00Z,u_0101_s01,ins_u_0101_005,"{""feature"": ""insights""}",v2.2.0-healthy
evt_002076,u_0548,signup_started,2026-06-04T19:43:00Z,u_0548_s01,ins_u_0548_001,{},v2.2.0-healthy
evt_002077,u_0316,signup_started,2026-06-04T19:45:00Z,u_0316_s01,ins_u_0316_001,{},v2.2.0-healthy
evt_002078,u_0145,signup_started,2026-06-04T19:46:00Z,u_0145_s01,ins_u_0145_001,{},v2.2.0-healthy
evt_002079,u_0368,activation_completed,2026-06-04T19:46:00Z,u_0368_s01,ins_u_0368_006,{},v2.2.0-healthy
evt_002080,u_0145,signup_completed,2026-06-04T19:49:00Z,u_0145_s01,ins_u_0145_002,{},v2.2.0-healthy
evt_002081,u_0487,activation_completed,2026-06-04T19:49:00Z,u_0487_s01,ins_u_0487_007,{},v2.2.0-healthy
evt_002082,u_0548,signup_completed,2026-06-04T19:50:00Z,u_0548_s01,ins_u_0548_002,{},v2.2.0-healthy
evt_002083,u_0316,signup_completed,2026-06-04T19:51:00Z,u_0316_s01,ins_u_0316_002,{},v2.2.0-healthy
evt_002084,u_0548,profile_saved,2026-06-04T19:54:00Z,u_0548_s01,ins_u_0548_003,{},v2.2.0-healthy
evt_002085,u_0145,profile_saved,2026-06-04T19:56:00Z,u_0145_s01,ins_u_0145_003,{},v2.2.0-healthy
evt_002086,u_0316,profile_saved,2026-06-04T19:56:00Z,u_0316_s01,ins_u_0316_003,{},v2.2.0-healthy
evt_002087,u_0205,onboarding_completed,2026-06-04T19:58:00Z,u_0205_s01,ins_u_0205_005,"{""completed_at"": ""2026-06-04T19:54:00Z""}",v2.2.0-healthy
evt_002088,u_0748,signup_started,2026-06-04T19:59:00Z,u_0748_s01,ins_u_0748_001,{},v2.2.0-healthy
evt_002089,u_0145,onboarding_step_viewed,2026-06-04T20:02:00Z,u_0145_s01,ins_u_0145_004,{},v2.2.0-healthy
evt_002090,u_0762,signup_started,2026-06-04T20:02:00Z,u_0762_s01,ins_u_0762_001,{},v2.2.0-healthy
evt_002091,u_0748,signup_completed,2026-06-04T20:03:00Z,u_0748_s01,ins_u_0748_002,{},v2.2.0-healthy
evt_002092,u_0031,signup_started,2026-06-04T20:04:00Z,u_0031_s01,ins_u_0031_001,{},v2.2.0-healthy
evt_002093,u_0423,signup_started,2026-06-04T20:04:00Z,u_0423_s01,ins_u_0423_001,{},v2.2.0-healthy
evt_002094,u_0423,session_abandoned,2026-06-04T20:05:00Z,u_0423_s01,ins_u_0423_002,{},v2.2.0-healthy
evt_002095,u_0551,signup_started,2026-06-04T20:06:00Z,u_0551_s01,ins_u_0551_001,{},v2.2.0-healthy
evt_002096,u_0217,signup_started,2026-06-04T20:08:00Z,u_0217_s01,ins_u_0217_001,{},v2.2.0-healthy
evt_002097,u_0748,profile_saved,2026-06-04T20:08:00Z,u_0748_s01,ins_u_0748_003,{},v2.2.0-healthy
evt_002098,u_0217,signup_completed,2026-06-04T20:09:00Z,u_0217_s01,ins_u_0217_002,{},v2.2.0-healthy
evt_002099,u_0762,session_abandoned,2026-06-04T20:09:00Z,u_0762_s01,ins_u_0762_002,{},v2.2.0-healthy
evt_002100,u_0031,session_abandoned,2026-06-04T20:12:00Z,u_0031_s01,ins_u_0031_002,{},v2.2.0-healthy
evt_002101,u_0145,feature_used,2026-06-04T20:12:00Z,u_0145_s01,ins_u_0145_005,"{""feature"": ""insights""}",v2.2.0-healthy
evt_002102,u_0206,signup_started,2026-06-04T20:12:00Z,u_0206_s01,ins_u_0206_001,{},v2.2.0-healthy
evt_002103,u_0551,signup_completed,2026-06-04T20:12:00Z,u_0551_s01,ins_u_0551_002,{},v2.2.0-healthy
evt_002104,u_0217,session_abandoned,2026-06-04T20:13:00Z,u_0217_s01,ins_u_0217_003,{},v2.2.0-healthy
evt_002105,u_0206,signup_completed,2026-06-04T20:14:00Z,u_0206_s01,ins_u_0206_002,{},v2.2.0-healthy
evt_002106,u_0551,profile_saved,2026-06-04T20:14:00Z,u_0551_s01,ins_u_0551_003,{},v2.2.0-healthy
evt_002107,u_0548,feature_used,2026-06-04T20:15:00Z,u_0548_s01,ins_u_0548_004,"{""feature"": ""board""}",v2.2.0-healthy
evt_002108,u_0205,activation_completed,2026-06-04T20:18:00Z,u_0205_s01,ins_u_0205_006,{},v2.2.0-healthy
evt_002109,u_0551,onboarding_step_viewed,2026-06-04T20:18:00Z,u_0551_s01,ins_u_0551_004,{},v2.2.0-healthy
evt_002110,u_0228,signup_started,2026-06-04T20:23:00Z,u_0228_s01,ins_u_0228_001,{},v2.2.0-healthy
evt_002111,u_0446,signup_started,2026-06-04T20:23:00Z,u_0446_s01,ins_u_0446_001,{},v2.2.0-healthy
evt_002112,u_0206,profile_saved,2026-06-04T20:24:00Z,u_0206_s01,ins_u_0206_003,{},v2.2.0-healthy
evt_002113,u_0206,error_shown,2026-06-04T20:25:00Z,u_0206_s01,ins_u_0206_004,"{""code"": ""onboarding_timeout""}",v2.2.0-healthy
evt_002114,u_0206,onboarding_step_viewed,2026-06-04T20:27:00Z,u_0206_s01,ins_u_0206_005,{},v2.2.0-healthy
evt_002115,u_0318,signup_started,2026-06-04T20:28:00Z,u_0318_s01,ins_u_0318_001,{},v2.2.0-healthy
evt_002116,u_0318,signup_completed,2026-06-04T20:29:00Z,u_0318_s01,ins_u_0318_002,{},v2.2.0-healthy
evt_002117,u_0748,feature_used,2026-06-04T20:30:00Z,u_0748_s01,ins_u_0748_004,"{""feature"": ""board""}",v2.2.0-healthy
evt_002118,u_0228,signup_completed,2026-06-04T20:31:00Z,u_0228_s01,ins_u_0228_002,{},v2.2.0-healthy
evt_002119,u_0446,session_abandoned,2026-06-04T20:31:00Z,u_0446_s01,ins_u_0446_002,{},v2.2.0-healthy
evt_002120,u_0550,signup_started,2026-06-04T20:32:00Z,u_0550_s01,ins_u_0550_001,{},v2.2.0-healthy
evt_002121,u_0316,onboarding_completed,2026-06-04T20:33:00Z,u_0316_s01,ins_u_0316_004,"{""completed_at"": ""2026-06-04T20:33:00Z""}",v2.2.0-healthy
evt_002122,u_0318,profile_saved,2026-06-04T20:33:00Z,u_0318_s01,ins_u_0318_003,{},v2.2.0-healthy
evt_002123,u_0551,feature_used,2026-06-04T20:33:00Z,u_0551_s01,ins_u_0551_005,"{""feature"": ""insights""}",v2.2.0-healthy
evt_002124,u_0228,profile_saved,2026-06-04T20:34:00Z,u_0228_s01,ins_u_0228_003,{},v2.2.0-healthy
evt_002125,u_0550,signup_completed,2026-06-04T20:34:00Z,u_0550_s01,ins_u_0550_002,{},v2.2.0-healthy
evt_002126,u_0318,onboarding_step_viewed,2026-06-04T20:35:00Z,u_0318_s01,ins_u_0318_004,{},v2.2.0-healthy
evt_002127,u_0548,onboarding_completed,2026-06-04T20:37:00Z,u_0548_s01,ins_u_0548_005,"{""completed_at"": ""2026-06-04T20:34:00Z""}",v2.2.0-healthy
evt_002128,u_0228,onboarding_step_viewed,2026-06-04T20:39:00Z,u_0228_s01,ins_u_0228_004,{},v2.2.0-healthy
evt_002129,u_0550,profile_saved,2026-06-04T20:39:00Z,u_0550_s01,ins_u_0550_003,{},v2.2.0-healthy
evt_002130,u_0318,feature_used,2026-06-04T20:42:00Z,u_0318_s01,ins_u_0318_005,"{""feature"": ""board""}",v2.2.0-healthy
evt_002131,u_0550,onboarding_step_viewed,2026-06-04T20:45:00Z,u_0550_s01,ins_u_0550_004,{},v2.2.0-healthy
evt_002132,u_0083,signup_started,2026-06-04T20:47:00Z,u_0083_s01,ins_u_0083_001,{},v2.2.0-healthy
evt_002133,u_0145,activation_completed,2026-06-04T20:50:00Z,u_0145_s01,ins_u_0145_006,{},v2.2.0-healthy
evt_002134,u_0083,signup_completed,2026-06-04T20:51:00Z,u_0083_s01,ins_u_0083_002,{},v2.2.0-healthy
evt_002135,u_0228,feature_used,2026-06-04T20:53:00Z,u_0228_s01,ins_u_0228_005,"{""feature"": ""board""}",v2.2.0-healthy
evt_002136,u_0748,onboarding_completed,2026-06-04T20:53:00Z,u_0748_s01,ins_u_0748_005,"{""completed_at"": ""2026-06-04T20:46:00Z""}",v2.2.0-healthy
evt_002137,u_0550,feature_used,2026-06-04T20:55:00Z,u_0550_s01,ins_u_0550_005,"{""feature"": ""board""}",v2.2.0-healthy
evt_002138,u_0206,onboarding_completed,2026-06-04T20:58:00Z,u_0206_s01,ins_u_0206_006,"{""completed_at"": ""2026-06-04T20:57:00Z""}",v2.2.0-healthy
evt_002139,u_0551,onboarding_completed,2026-06-04T20:58:00Z,u_0551_s01,ins_u_0551_006,"{""completed_at"": ""2026-06-04T20:53:00Z""}",v2.2.0-healthy
evt_002140,u_0471,signup_started,2026-06-04T20:59:00Z,u_0471_s01,ins_u_0471_001,{},v2.2.0-healthy
evt_002141,u_0083,profile_saved,2026-06-04T21:00:00Z,u_0083_s01,ins_u_0083_003,{},v2.2.0-healthy
evt_002142,u_0083,onboarding_step_viewed,2026-06-04T21:02:00Z,u_0083_s01,ins_u_0083_004,{},v2.2.0-healthy
evt_002143,u_0471,signup_completed,2026-06-04T21:07:00Z,u_0471_s01,ins_u_0471_002,{},v2.2.0-healthy
evt_002144,u_0228,onboarding_completed,2026-06-04T21:09:00Z,u_0228_s01,ins_u_0228_006,"{""completed_at"": ""2026-06-04T21:01:00Z""}",v2.2.0-healthy
evt_002145,u_0318,onboarding_completed,2026-06-04T21:09:00Z,u_0318_s01,ins_u_0318_006,"{""completed_at"": ""2026-06-04T20:59:00Z""}",v2.2.0-healthy
evt_002146,u_0471,profile_saved,2026-06-04T21:13:00Z,u_0471_s01,ins_u_0471_003,{},v2.2.0-healthy
evt_002147,u_0083,feature_used,2026-06-04T21:16:00Z,u_0083_s01,ins_u_0083_005,"{""feature"": ""insights""}",v2.2.0-healthy
evt_002148,u_0471,onboarding_step_viewed,2026-06-04T21:19:00Z,u_0471_s01,ins_u_0471_004,{},v2.2.0-healthy
evt_002149,u_0551,activation_completed,2026-06-04T21:29:00Z,u_0551_s01,ins_u_0551_007,{},v2.2.0-healthy
evt_002150,u_0228,activation_completed,2026-06-04T21:34:00Z,u_0228_s01,ins_u_0228_007,{},v2.2.0-healthy
evt_002151,u_0206,activation_completed,2026-06-04T21:40:00Z,u_0206_s01,ins_u_0206_007,{},v2.2.0-healthy
evt_002152,u_0471,onboarding_completed,2026-06-04T21:40:00Z,u_0471_s01,ins_u_0471_005,"{""completed_at"": ""2026-06-04T21:39:00Z""}",v2.2.0-healthy
evt_002153,u_0083,onboarding_completed,2026-06-04T21:43:00Z,u_0083_s01,ins_u_0083_006,"{""completed_at"": ""2026-06-04T21:31:00Z""}",v2.2.0-healthy
evt_002154,u_0550,activation_completed,2026-06-04T21:48:00Z,u_0550_s01,ins_u_0550_006,{},v2.2.0-healthy
evt_002155,u_0083,activation_completed,2026-06-04T21:58:00Z,u_0083_s01,ins_u_0083_007,{},v2.2.0-healthy
evt_002156,u_0471,activation_completed,2026-06-04T22:23:00Z,u_0471_s01,ins_u_0471_006,{},v2.2.0-healthy
evt_002157,u_0782,return_visit,2026-06-05T01:58:00Z,u_0782_s02,ins_u_0782_008,{},v2.2.0-healthy
evt_002158,u_0782,feature_used,2026-06-05T02:03:00Z,u_0782_s02,ins_u_0782_009,"{""feature"": ""insights""}",v2.2.0-healthy
evt_002159,u_0084,return_visit,2026-06-05T02:22:00Z,u_0084_s02,ins_u_0084_008,{},v2.2.0-healthy
evt_002160,u_0084,feature_used,2026-06-05T02:27:00Z,u_0084_s02,ins_u_0084_009,"{""feature"": ""insights""}",v2.2.0-healthy
evt_002161,u_0030,return_visit,2026-06-05T03:32:00Z,u_0030_s02,ins_u_0030_007,{},v2.2.0-healthy
evt_002162,u_0030,feature_used,2026-06-05T03:37:00Z,u_0030_s02,ins_u_0030_008,"{""feature"": ""insights""}",v2.2.0-healthy
evt_002163,u_0334,return_visit,2026-06-05T05:53:00Z,u_0334_s02,ins_u_0334_006,{},v2.2.0-healthy
evt_002164,u_0243,return_visit,2026-06-05T08:11:00Z,u_0243_s02,ins_u_0243_007,{},v2.2.0-healthy
evt_002165,u_0104,signup_started,2026-06-05T08:31:00Z,u_0104_s01,ins_u_0104_001,{},v2.2.0-healthy
evt_002166,u_0104,signup_completed,2026-06-05T08:33:00Z,u_0104_s01,ins_u_0104_002,{},v2.2.0-healthy
evt_002167,u_0584,signup_started,2026-06-05T08:36:00Z,u_0584_s01,ins_u_0584_001,{},v2.2.0-healthy
evt_002168,u_0104,profile_saved,2026-06-05T08:37:00Z,u_0104_s01,ins_u_0104_003,{},v2.2.0-healthy
evt_002169,u_0104,error_shown,2026-06-05T08:38:00Z,u_0104_s01,ins_u_0104_004,"{""code"": ""onboarding_timeout""}",v2.2.0-healthy
evt_002170,u_0104,onboarding_step_viewed,2026-06-05T08:41:00Z,u_0104_s01,ins_u_0104_005,{},v2.2.0-healthy
evt_002171,u_0584,signup_completed,2026-06-05T08:41:00Z,u_0584_s01,ins_u_0584_002,{},v2.2.0-healthy
evt_002172,u_0584,profile_saved,2026-06-05T08:44:00Z,u_0584_s01,ins_u_0584_003,{},v2.2.0-healthy
evt_002173,u_0584,onboarding_step_viewed,2026-06-05T08:49:00Z,u_0584_s01,ins_u_0584_004,{},v2.2.0-healthy
evt_002174,u_0553,signup_started,2026-06-05T08:54:00Z,u_0553_s01,ins_u_0553_001,{},v2.2.0-healthy
evt_002175,u_0171,signup_started,2026-06-05T08:59:00Z,u_0171_s01,ins_u_0171_001,{},v2.2.0-healthy
evt_002176,u_0389,signup_started,2026-06-05T08:59:00Z,u_0389_s01,ins_u_0389_001,{},v2.2.0-healthy
evt_002177,u_0171,signup_completed,2026-06-05T09:00:00Z,u_0171_s01,ins_u_0171_002,{},v2.2.0-healthy
evt_002178,u_0553,signup_completed,2026-06-05T09:00:00Z,u_0553_s01,ins_u_0553_002,{},v2.2.0-healthy
evt_002179,u_0104,feature_used,2026-06-05T09:02:00Z,u_0104_s01,ins_u_0104_006,"{""feature"": ""board""}",v2.2.0-healthy
evt_002180,u_0171,profile_saved,2026-06-05T09:04:00Z,u_0171_s01,ins_u_0171_003,{},v2.2.0-healthy
evt_002181,u_0553,profile_saved,2026-06-05T09:04:00Z,u_0553_s01,ins_u_0553_003,{},v2.2.0-healthy
evt_002182,u_0389,session_abandoned,2026-06-05T09:05:00Z,u_0389_s01,ins_u_0389_002,{},v2.2.0-healthy
evt_002183,u_0553,error_shown,2026-06-05T09:05:00Z,u_0553_s01,ins_u_0553_004,"{""code"": ""onboarding_timeout""}",v2.2.0-healthy
evt_002184,u_0553,onboarding_step_viewed,2026-06-05T09:07:00Z,u_0553_s01,ins_u_0553_005,{},v2.2.0-healthy
evt_002185,u_0171,onboarding_step_viewed,2026-06-05T09:08:00Z,u_0171_s01,ins_u_0171_004,{},v2.2.0-healthy
evt_002186,u_0271,signup_started,2026-06-05T09:10:00Z,u_0271_s01,ins_u_0271_001,{},v2.2.0-healthy
evt_002187,u_0552,signup_started,2026-06-05T09:10:00Z,u_0552_s01,ins_u_0552_001,{},v2.2.0-healthy
evt_002188,u_0193,signup_started,2026-06-05T09:12:00Z,u_0193_s01,ins_u_0193_001,{},v2.2.0-healthy
evt_002189,u_0171,feature_used,2026-06-05T09:13:00Z,u_0171_s01,ins_u_0171_005,"{""feature"": ""insights""}",v2.2.0-healthy
evt_002190,u_0271,signup_completed,2026-06-05T09:14:00Z,u_0271_s01,ins_u_0271_002,{},v2.2.0-healthy
evt_002191,u_0584,onboarding_completed,2026-06-05T09:14:00Z,u_0584_s01,ins_u_0584_005,"{""completed_at"": ""2026-06-05T09:10:00Z""}",v2.2.0-healthy
evt_002192,u_0193,signup_completed,2026-06-05T09:15:00Z,u_0193_s01,ins_u_0193_002,{},v2.2.0-healthy
evt_002193,u_0193,profile_saved,2026-06-05T09:17:00Z,u_0193_s01,ins_u_0193_003,{},v2.2.0-healthy
evt_002194,u_0104,onboarding_completed,2026-06-05T09:18:00Z,u_0104_s01,ins_u_0104_007,"{""completed_at"": ""2026-06-05T09:03:00Z""}",v2.2.0-healthy
evt_002195,u_0552,signup_completed,2026-06-05T09:18:00Z,u_0552_s01,ins_u_0552_002,{},v2.2.0-healthy
evt_002196,u_0271,profile_saved,2026-06-05T09:20:00Z,u_0271_s01,ins_u_0271_003,{},v2.2.0-healthy
evt_002197,u_0175,signup_started,2026-06-05T09:21:00Z,u_0175_s01,ins_u_0175_001,{},v2.2.0-healthy
evt_002198,u_0271,error_shown,2026-06-05T09:21:00Z,u_0271_s01,ins_u_0271_004,"{""code"": ""onboarding_timeout""}",v2.2.0-healthy
evt_002199,u_0193,onboarding_step_viewed,2026-06-05T09:22:00Z,u_0193_s01,ins_u_0193_004,{},v2.2.0-healthy
evt_002200,u_0553,feature_used,2026-06-05T09:22:00Z,u_0553_s01,ins_u_0553_006,"{""feature"": ""insights""}",v2.2.0-healthy
evt_002201,u_0271,onboarding_step_viewed,2026-06-05T09:26:00Z,u_0271_s01,ins_u_0271_005,{},v2.2.0-healthy
evt_002202,u_0193,feature_used,2026-06-05T09:28:00Z,u_0193_s01,ins_u_0193_005,"{""feature"": ""insights""}",v2.2.0-healthy
evt_002203,u_0552,profile_saved,2026-06-05T09:28:00Z,u_0552_s01,ins_u_0552_003,{},v2.2.0-healthy
evt_002204,u_0717,signup_started,2026-06-05T09:28:00Z,u_0717_s01,ins_u_0717_001,{},v2.2.0-healthy
evt_002205,u_0175,signup_completed,2026-06-05T09:29:00Z,u_0175_s01,ins_u_0175_002,{},v2.2.0-healthy
evt_002206,u_0552,error_shown,2026-06-05T09:29:00Z,u_0552_s01,ins_u_0552_004,"{""code"": ""onboarding_timeout""}",v2.2.0-healthy
evt_002207,u_0552,onboarding_step_viewed,2026-06-05T09:31:00Z,u_0552_s01,ins_u_0552_005,{},v2.2.0-healthy
evt_002208,u_0075,signup_started,2026-06-05T09:33:00Z,u_0075_s01,ins_u_0075_001,{},v2.2.0-healthy
evt_002209,u_0075,signup_completed,2026-06-05T09:34:00Z,u_0075_s01,ins_u_0075_002,{},v2.2.0-healthy
evt_002210,u_0175,profile_saved,2026-06-05T09:34:00Z,u_0175_s01,ins_u_0175_003,{},v2.2.0-healthy
evt_002211,u_0271,feature_used,2026-06-05T09:35:00Z,u_0271_s01,ins_u_0271_006,"{""feature"": ""insights""}",v2.2.0-healthy
evt_002212,u_0096,signup_started,2026-06-05T09:36:00Z,u_0096_s01,ins_u_0096_001,{},v2.2.0-healthy
evt_002213,u_0717,signup_completed,2026-06-05T09:36:00Z,u_0717_s01,ins_u_0717_002,{},v2.2.0-healthy
evt_002214,u_0175,onboarding_step_viewed,2026-06-05T09:37:00Z,u_0175_s01,ins_u_0175_004,{},v2.2.0-healthy
evt_002215,u_0552,feature_used,2026-06-05T09:37:00Z,u_0552_s01,ins_u_0552_006,"{""feature"": ""board""}",v2.2.0-healthy
evt_002216,u_0075,profile_saved,2026-06-05T09:38:00Z,u_0075_s01,ins_u_0075_003,{},v2.2.0-healthy
evt_002217,u_0717,profile_saved,2026-06-05T09:41:00Z,u_0717_s01,ins_u_0717_003,{},v2.2.0-healthy
evt_002218,u_0096,signup_completed,2026-06-05T09:43:00Z,u_0096_s01,ins_u_0096_002,{},v2.2.0-healthy
evt_002219,u_0530,signup_started,2026-06-05T09:43:00Z,u_0530_s01,ins_u_0530_001,{},v2.2.0-healthy
evt_002220,u_0075,onboarding_step_viewed,2026-06-05T09:44:00Z,u_0075_s01,ins_u_0075_004,{},v2.2.0-healthy
evt_002221,u_0193,onboarding_completed,2026-06-05T09:45:00Z,u_0193_s01,ins_u_0193_006,"{""completed_at"": ""2026-06-05T09:43:00Z""}",v2.2.0-healthy
evt_002222,u_0530,signup_completed,2026-06-05T09:45:00Z,u_0530_s01,ins_u_0530_002,{},v2.2.0-healthy
evt_002223,u_0553,onboarding_completed,2026-06-05T09:45:00Z,u_0553_s01,ins_u_0553_007,"{""completed_at"": ""2026-06-05T09:33:00Z""}",v2.2.0-healthy
evt_002224,u_0717,onboarding_step_viewed,2026-06-05T09:45:00Z,u_0717_s01,ins_u_0717_004,{},v2.2.0-healthy
evt_002225,u_0175,feature_used,2026-06-05T09:47:00Z,u_0175_s01,ins_u_0175_005,"{""feature"": ""insights""}",v2.2.0-healthy
evt_002226,u_0717,feature_used,2026-06-05T09:48:00Z,u_0717_s01,ins_u_0717_005,"{""feature"": ""insights""}",v2.2.0-healthy
evt_002227,u_0096,profile_saved,2026-06-05T09:49:00Z,u_0096_s01,ins_u_0096_003,{},v2.2.0-healthy
evt_002228,u_0171,onboarding_completed,2026-06-05T09:49:00Z,u_0171_s01,ins_u_0171_006,"{""completed_at"": ""2026-06-05T09:39:00Z""}",v2.2.0-healthy
evt_002229,u_0096,error_shown,2026-06-05T09:50:00Z,u_0096_s01,ins_u_0096_004,"{""code"": ""onboarding_timeout""}",v2.2.0-healthy
evt_002230,u_0096,onboarding_step_viewed,2026-06-05T09:55:00Z,u_0096_s01,ins_u_0096_005,{},v2.2.0-healthy
evt_002231,u_0208,signup_started,2026-06-05T09:55:00Z,u_0208_s01,ins_u_0208_001,{},v2.2.0-healthy
evt_002232,u_0530,profile_saved,2026-06-05T09:55:00Z,u_0530_s01,ins_u_0530_003,{},v2.2.0-healthy
evt_002233,u_0096,feature_used,2026-06-05T09:57:00Z,u_0096_s01,ins_u_0096_006,"{""feature"": ""board""}",v2.2.0-healthy
evt_002234,u_0530,onboarding_step_viewed,2026-06-05T09:57:00Z,u_0530_s01,ins_u_0530_004,{},v2.2.0-healthy
evt_002235,u_0735,signup_started,2026-06-05T09:57:00Z,u_0735_s01,ins_u_0735_001,{},v2.2.0-healthy
evt_002236,u_0271,onboarding_completed,2026-06-05T09:58:00Z,u_0271_s01,ins_u_0271_007,"{""completed_at"": ""2026-06-05T09:54:00Z""}",v2.2.0-healthy
evt_002237,u_0579,signup_started,2026-06-05T09:59:00Z,u_0579_s01,ins_u_0579_001,{},v2.2.0-healthy
evt_002238,u_0735,signup_completed,2026-06-05T09:59:00Z,u_0735_s01,ins_u_0735_002,{},v2.2.0-healthy
evt_002239,u_0208,signup_completed,2026-06-05T10:01:00Z,u_0208_s01,ins_u_0208_002,{},v2.2.0-healthy
evt_002240,u_0579,signup_completed,2026-06-05T10:03:00Z,u_0579_s01,ins_u_0579_002,{},v2.2.0-healthy
evt_002241,u_0735,profile_saved,2026-06-05T10:03:00Z,u_0735_s01,ins_u_0735_003,{},v2.2.0-healthy
evt_002242,u_0208,profile_saved,2026-06-05T10:04:00Z,u_0208_s01,ins_u_0208_003,{},v2.2.0-healthy
evt_002243,u_0270,return_visit,2026-06-05T10:04:00Z,u_0270_s02,ins_u_0270_007,{},v2.2.0-healthy
evt_002244,u_0773,signup_started,2026-06-05T10:04:00Z,u_0773_s01,ins_u_0773_001,{},v2.2.0-healthy
evt_002245,u_0175,onboarding_completed,2026-06-05T10:05:00Z,u_0175_s01,ins_u_0175_006,"{""completed_at"": ""2026-06-05T10:02:00Z""}",v2.2.0-healthy
evt_002246,u_0735,onboarding_step_viewed,2026-06-05T10:06:00Z,u_0735_s01,ins_u_0735_004,{},v2.2.0-healthy
evt_002247,u_0773,signup_completed,2026-06-05T10:08:00Z,u_0773_s01,ins_u_0773_002,{},v2.2.0-healthy
evt_002248,u_0075,onboarding_completed,2026-06-05T10:09:00Z,u_0075_s01,ins_u_0075_005,"{""completed_at"": ""2026-06-05T10:17:00Z""}",v2.2.0-healthy
evt_002249,u_0270,feature_used,2026-06-05T10:09:00Z,u_0270_s02,ins_u_0270_008,"{""feature"": ""insights""}",v2.2.0-healthy
evt_002250,u_0208,onboarding_step_viewed,2026-06-05T10:10:00Z,u_0208_s01,ins_u_0208_004,{},v2.2.0-healthy
evt_002251,u_0579,session_abandoned,2026-06-05T10:11:00Z,u_0579_s01,ins_u_0579_003,{},v2.2.0-healthy
evt_002252,u_0717,onboarding_completed,2026-06-05T10:12:00Z,u_0717_s01,ins_u_0717_006,"{""completed_at"": ""2026-06-05T10:16:00Z""}",v2.2.0-healthy
evt_002253,u_0773,profile_saved,2026-06-05T10:15:00Z,u_0773_s01,ins_u_0773_003,{},v2.2.0-healthy
evt_002254,u_0208,feature_used,2026-06-05T10:20:00Z,u_0208_s01,ins_u_0208_005,"{""feature"": ""board""}",v2.2.0-healthy
evt_002255,u_0175,activation_completed,2026-06-05T10:21:00Z,u_0175_s01,ins_u_0175_007,{},v2.2.0-healthy
evt_002256,u_0773,onboarding_step_viewed,2026-06-05T10:21:00Z,u_0773_s01,ins_u_0773_004,{},v2.2.0-healthy
evt_002257,u_0039,signup_started,2026-06-05T10:23:00Z,u_0039_s01,ins_u_0039_001,{},v2.2.0-healthy
evt_002258,u_0781,signup_started,2026-06-05T10:23:00Z,u_0781_s01,ins_u_0781_001,{},v2.2.0-healthy
evt_002259,u_0039,signup_completed,2026-06-05T10:28:00Z,u_0039_s01,ins_u_0039_002,{},v2.2.0-healthy
evt_002260,u_0781,signup_completed,2026-06-05T10:29:00Z,u_0781_s01,ins_u_0781_002,{},v2.2.0-healthy
evt_002261,u_0039,profile_saved,2026-06-05T10:30:00Z,u_0039_s01,ins_u_0039_003,{},v2.2.0-healthy
evt_002262,u_0039,onboarding_step_viewed,2026-06-05T10:32:00Z,u_0039_s01,ins_u_0039_004,{},v2.2.0-healthy
evt_002263,u_0096,onboarding_completed,2026-06-05T10:34:00Z,u_0096_s01,ins_u_0096_007,"{""completed_at"": ""2026-06-05T10:25:00Z""}",v2.2.0-healthy
evt_002264,u_0681,signup_started,2026-06-05T10:36:00Z,u_0681_s01,ins_u_0681_001,{},v2.2.0-healthy
evt_002265,u_0781,profile_saved,2026-06-05T10:38:00Z,u_0781_s01,ins_u_0781_003,{},v2.2.0-healthy
evt_002266,u_0530,onboarding_completed,2026-06-05T10:39:00Z,u_0530_s01,ins_u_0530_005,"{""completed_at"": ""2026-06-05T10:34:00Z""}",v2.2.0-healthy
evt_002267,u_0565,signup_started,2026-06-05T10:40:00Z,u_0565_s01,ins_u_0565_001,{},v2.2.0-healthy
evt_002268,u_0096,activation_completed,2026-06-05T10:41:00Z,u_0096_s01,ins_u_0096_008,{},v2.2.0-healthy
evt_002269,u_0208,onboarding_completed,2026-06-05T10:41:00Z,u_0208_s01,ins_u_0208_006,"{""completed_at"": ""2026-06-05T10:33:00Z""}",v2.2.0-healthy
evt_002270,u_0781,onboarding_step_viewed,2026-06-05T10:42:00Z,u_0781_s01,ins_u_0781_004,{},v2.2.0-healthy
evt_002271,u_0681,signup_completed,2026-06-05T10:44:00Z,u_0681_s01,ins_u_0681_002,{},v2.2.0-healthy
evt_002272,u_0781,feature_used,2026-06-05T10:46:00Z,u_0781_s01,ins_u_0781_005,"{""feature"": ""insights""}",v2.2.0-healthy
evt_002273,u_0565,session_abandoned,2026-06-05T10:48:00Z,u_0565_s01,ins_u_0565_002,{},v2.2.0-healthy
evt_002274,u_0200,signup_started,2026-06-05T10:52:00Z,u_0200_s01,ins_u_0200_001,{},v2.2.0-healthy
evt_002275,u_0208,activation_completed,2026-06-05T10:53:00Z,u_0208_s01,ins_u_0208_007,{},v2.2.0-healthy
evt_002276,u_0681,profile_saved,2026-06-05T10:53:00Z,u_0681_s01,ins_u_0681_003,{},v2.2.0-healthy
evt_002277,u_0075,activation_completed,2026-06-05T10:58:00Z,u_0075_s01,ins_u_0075_006,{},v2.2.0-healthy
evt_002278,u_0039,onboarding_completed,2026-06-05T10:59:00Z,u_0039_s01,ins_u_0039_005,"{""completed_at"": ""2026-06-05T11:10:00Z""}",v2.2.0-healthy
evt_002279,u_0681,onboarding_step_viewed,2026-06-05T10:59:00Z,u_0681_s01,ins_u_0681_004,{},v2.2.0-healthy
evt_002280,u_0200,signup_completed,2026-06-05T11:00:00Z,u_0200_s01,ins_u_0200_002,{},v2.2.0-healthy
evt_002281,u_0504,signup_started,2026-06-05T11:00:00Z,u_0504_s01,ins_u_0504_001,{},v2.2.0-healthy
evt_002282,u_0504,session_abandoned,2026-06-05T11:01:00Z,u_0504_s01,ins_u_0504_002,{},v2.2.0-healthy
evt_002283,u_0200,session_abandoned,2026-06-05T11:05:00Z,u_0200_s01,ins_u_0200_003,{},v2.2.0-healthy
evt_002284,u_0773,activation_completed,2026-06-05T11:19:00Z,u_0773_s01,ins_u_0773_005,{},v2.2.0-healthy
evt_002285,u_0781,onboarding_completed,2026-06-05T11:20:00Z,u_0781_s01,ins_u_0781_006,"{""completed_at"": ""2026-06-05T11:11:00Z""}",v2.2.0-healthy
evt_002286,u_0691,signup_started,2026-06-05T11:27:00Z,u_0691_s01,ins_u_0691_001,{},v2.2.0-healthy
evt_002287,u_0691,signup_completed,2026-06-05T11:28:00Z,u_0691_s01,ins_u_0691_002,{},v2.2.0-healthy
evt_002288,u_0691,session_abandoned,2026-06-05T11:34:00Z,u_0691_s01,ins_u_0691_003,{},v2.2.0-healthy
evt_002289,u_0669,signup_started,2026-06-05T11:39:00Z,u_0669_s01,ins_u_0669_001,{},v2.2.0-healthy
evt_002290,u_0039,activation_completed,2026-06-05T11:40:00Z,u_0039_s01,ins_u_0039_006,{},v2.2.0-healthy
evt_002291,u_0669,signup_completed,2026-06-05T11:42:00Z,u_0669_s01,ins_u_0669_002,{},v2.2.0-healthy
evt_002292,u_0669,profile_saved,2026-06-05T11:44:00Z,u_0669_s01,ins_u_0669_003,{},v2.2.0-healthy
evt_002293,u_0365,signup_started,2026-06-05T11:47:00Z,u_0365_s01,ins_u_0365_001,{},v2.2.0-healthy
evt_002294,u_0669,onboarding_step_viewed,2026-06-05T11:47:00Z,u_0669_s01,ins_u_0669_004,{},v2.2.0-healthy
evt_002295,u_0129,signup_started,2026-06-05T11:50:00Z,u_0129_s01,ins_u_0129_001,{},v2.2.0-healthy
evt_002296,u_0365,signup_completed,2026-06-05T11:50:00Z,u_0365_s01,ins_u_0365_002,{},v2.2.0-healthy
evt_002297,u_0129,signup_completed,2026-06-05T11:51:00Z,u_0129_s01,ins_u_0129_002,{},v2.2.0-healthy
evt_002298,u_0129,session_abandoned,2026-06-05T11:55:00Z,u_0129_s01,ins_u_0129_003,{},v2.2.0-healthy
evt_002299,u_0781,activation_completed,2026-06-05T11:57:00Z,u_0781_s01,ins_u_0781_007,{},v2.2.0-healthy
evt_002300,u_0365,session_abandoned,2026-06-05T11:58:00Z,u_0365_s01,ins_u_0365_003,{},v2.2.0-healthy
evt_002301,u_0369,signup_started,2026-06-05T12:02:00Z,u_0369_s01,ins_u_0369_001,{},v2.2.0-healthy
evt_002302,u_0369,session_abandoned,2026-06-05T12:04:00Z,u_0369_s01,ins_u_0369_002,{},v2.2.0-healthy
evt_002303,u_0432,signup_started,2026-06-05T12:25:00Z,u_0432_s01,ins_u_0432_001,{},v2.2.0-healthy
evt_002304,u_0432,signup_completed,2026-06-05T12:27:00Z,u_0432_s01,ins_u_0432_002,{},v2.2.0-healthy
evt_002305,u_0647,signup_started,2026-06-05T12:28:00Z,u_0647_s01,ins_u_0647_001,{},v2.2.0-healthy
evt_002306,u_0669,activation_completed,2026-06-05T12:31:00Z,u_0669_s01,ins_u_0669_005,{},v2.2.0-healthy
evt_002307,u_0432,profile_saved,2026-06-05T12:32:00Z,u_0432_s01,ins_u_0432_003,{},v2.2.0-healthy
evt_002308,u_0792,signup_started,2026-06-05T12:32:00Z,u_0792_s01,ins_u_0792_001,{},v2.2.0-healthy
evt_002309,u_0647,signup_completed,2026-06-05T12:33:00Z,u_0647_s01,ins_u_0647_002,{},v2.2.0-healthy
evt_002310,u_0792,signup_completed,2026-06-05T12:34:00Z,u_0792_s01,ins_u_0792_002,{},v2.2.0-healthy
evt_002311,u_0432,onboarding_step_viewed,2026-06-05T12:36:00Z,u_0432_s01,ins_u_0432_004,{},v2.2.0-healthy
evt_002312,u_0647,profile_saved,2026-06-05T12:39:00Z,u_0647_s01,ins_u_0647_003,{},v2.2.0-healthy
evt_002313,u_0647,error_shown,2026-06-05T12:40:00Z,u_0647_s01,ins_u_0647_004,"{""code"": ""onboarding_timeout""}",v2.2.0-healthy
evt_002314,u_0792,profile_saved,2026-06-05T12:41:00Z,u_0792_s01,ins_u_0792_003,{},v2.2.0-healthy
evt_002315,u_0792,error_shown,2026-06-05T12:42:00Z,u_0792_s01,ins_u_0792_004,"{""code"": ""onboarding_timeout""}",v2.2.0-healthy
evt_002316,u_0425,signup_started,2026-06-05T12:44:00Z,u_0425_s01,ins_u_0425_001,{},v2.2.0-healthy
evt_002317,u_0647,onboarding_step_viewed,2026-06-05T12:44:00Z,u_0647_s01,ins_u_0647_005,{},v2.2.0-healthy
evt_002318,u_0432,feature_used,2026-06-05T12:45:00Z,u_0432_s01,ins_u_0432_005,"{""feature"": ""board""}",v2.2.0-healthy
evt_002319,u_0425,signup_completed,2026-06-05T12:51:00Z,u_0425_s01,ins_u_0425_002,{},v2.2.0-healthy
evt_002320,u_0157,signup_started,2026-06-05T12:52:00Z,u_0157_s01,ins_u_0157_001,{},v2.2.0-healthy
evt_002321,u_0751,signup_started,2026-06-05T12:55:00Z,u_0751_s01,ins_u_0751_001,{},v2.2.0-healthy
evt_002322,u_0157,signup_completed,2026-06-05T12:56:00Z,u_0157_s01,ins_u_0157_002,{},v2.2.0-healthy
evt_002323,u_0425,profile_saved,2026-06-05T12:56:00Z,u_0425_s01,ins_u_0425_003,{},v2.2.0-healthy
evt_002324,u_0751,session_abandoned,2026-06-05T13:03:00Z,u_0751_s01,ins_u_0751_002,{},v2.2.0-healthy
evt_002325,u_0157,profile_saved,2026-06-05T13:04:00Z,u_0157_s01,ins_u_0157_003,{},v2.2.0-healthy
evt_002326,u_0792,feature_used,2026-06-05T13:05:00Z,u_0792_s01,ins_u_0792_005,"{""feature"": ""board""}",v2.2.0-healthy
evt_002327,u_0452,signup_started,2026-06-05T13:07:00Z,u_0452_s01,ins_u_0452_001,{},v2.2.0-healthy
evt_002328,u_0432,onboarding_completed,2026-06-05T13:09:00Z,u_0432_s01,ins_u_0432_006,"{""completed_at"": ""2026-06-05T13:00:00Z""}",v2.2.0-healthy
evt_002329,u_0148,signup_started,2026-06-05T13:15:00Z,u_0148_s01,ins_u_0148_001,{},v2.2.0-healthy
evt_002330,u_0452,signup_completed,2026-06-05T13:15:00Z,u_0452_s01,ins_u_0452_002,{},v2.2.0-healthy
evt_002331,u_0647,onboarding_completed,2026-06-05T13:15:00Z,u_0647_s01,ins_u_0647_006,"{""completed_at"": ""2026-06-05T13:10:00Z""}",v2.2.0-healthy
evt_002332,u_0148,session_abandoned,2026-06-05T13:20:00Z,u_0148_s01,ins_u_0148_002,{},v2.2.0-healthy
evt_002333,u_0452,profile_saved,2026-06-05T13:20:00Z,u_0452_s01,ins_u_0452_003,{},v2.2.0-healthy
evt_002334,u_0157,feature_used,2026-06-05T13:22:00Z,u_0157_s01,ins_u_0157_004,"{""feature"": ""insights""}",v2.2.0-healthy
evt_002335,u_0315,signup_started,2026-06-05T13:23:00Z,u_0315_s01,ins_u_0315_001,{},v2.2.0-healthy
evt_002336,u_0452,onboarding_step_viewed,2026-06-05T13:24:00Z,u_0452_s01,ins_u_0452_004,{},v2.2.0-healthy
evt_002337,u_0018,signup_started,2026-06-05T13:26:00Z,u_0018_s01,ins_u_0018_001,{},v2.2.0-healthy
evt_002338,u_0315,signup_completed,2026-06-05T13:26:00Z,u_0315_s01,ins_u_0315_002,{},v2.2.0-healthy
evt_002339,u_0792,onboarding_completed,2026-06-05T13:26:00Z,u_0792_s01,ins_u_0792_006,"{""completed_at"": ""2026-06-05T13:17:00Z""}",v2.2.0-healthy
evt_002340,u_0425,onboarding_completed,2026-06-05T13:29:00Z,u_0425_s01,ins_u_0425_004,"{""completed_at"": ""2026-06-05T13:30:00Z""}",v2.2.0-healthy
evt_002341,u_0018,session_abandoned,2026-06-05T13:32:00Z,u_0018_s01,ins_u_0018_002,{},v2.2.0-healthy
evt_002342,u_0673,signup_started,2026-06-05T13:32:00Z,u_0673_s01,ins_u_0673_001,{},v2.2.0-healthy
evt_002343,u_0647,activation_completed,2026-06-05T13:33:00Z,u_0647_s01,ins_u_0647_007,{},v2.2.0-healthy
evt_002344,u_0315,profile_saved,2026-06-05T13:35:00Z,u_0315_s01,ins_u_0315_003,{},v2.2.0-healthy
evt_002345,u_0673,signup_completed,2026-06-05T13:35:00Z,u_0673_s01,ins_u_0673_002,{},v2.2.0-healthy
evt_002346,u_0315,onboarding_step_viewed,2026-06-05T13:38:00Z,u_0315_s01,ins_u_0315_004,{},v2.2.0-healthy
evt_002347,u_0673,session_abandoned,2026-06-05T13:41:00Z,u_0673_s01,ins_u_0673_003,{},v2.2.0-healthy
evt_002348,u_0315,feature_used,2026-06-05T13:43:00Z,u_0315_s01,ins_u_0315_005,"{""feature"": ""insights""}",v2.2.0-healthy
evt_002349,u_0792,activation_completed,2026-06-05T13:46:00Z,u_0792_s01,ins_u_0792_007,{},v2.2.0-healthy
evt_002350,u_0157,onboarding_completed,2026-06-05T13:48:00Z,u_0157_s01,ins_u_0157_005,"{""completed_at"": ""2026-06-05T13:36:00Z""}",v2.2.0-healthy
evt_002351,u_0452,onboarding_completed,2026-06-05T13:51:00Z,u_0452_s01,ins_u_0452_005,"{""completed_at"": ""2026-06-05T13:56:00Z""}",v2.2.0-healthy
evt_002352,u_0085,signup_started,2026-06-05T13:52:00Z,u_0085_s01,ins_u_0085_001,{},v2.2.0-healthy
evt_002353,u_0085,signup_completed,2026-06-05T13:59:00Z,u_0085_s01,ins_u_0085_002,{},v2.2.0-healthy
evt_002354,u_0036,signup_started,2026-06-05T14:00:00Z,u_0036_s01,ins_u_0036_001,{},v2.2.0-healthy
evt_002355,u_0085,profile_saved,2026-06-05T14:04:00Z,u_0085_s01,ins_u_0085_003,{},v2.2.0-healthy
evt_002356,u_0085,error_shown,2026-06-05T14:05:00Z,u_0085_s01,ins_u_0085_004,"{""code"": ""onboarding_timeout""}",v2.2.0-healthy
evt_002357,u_0466,signup_started,2026-06-05T14:05:00Z,u_0466_s01,ins_u_0466_001,{},v2.2.0-healthy
evt_002358,u_0085,onboarding_step_viewed,2026-06-05T14:07:00Z,u_0085_s01,ins_u_0085_005,{},v2.2.0-healthy
evt_002359,u_0036,session_abandoned,2026-06-05T14:08:00Z,u_0036_s01,ins_u_0036_002,{},v2.2.0-healthy
evt_002360,u_0466,signup_completed,2026-06-05T14:11:00Z,u_0466_s01,ins_u_0466_002,{},v2.2.0-healthy
evt_002361,u_0236,signup_started,2026-06-05T14:12:00Z,u_0236_s01,ins_u_0236_001,{},v2.2.0-healthy
evt_002362,u_0315,onboarding_completed,2026-06-05T14:14:00Z,u_0315_s01,ins_u_0315_006,"{""completed_at"": ""2026-06-05T14:06:00Z""}",v2.2.0-healthy
evt_002363,u_0236,signup_completed,2026-06-05T14:15:00Z,u_0236_s01,ins_u_0236_002,{},v2.2.0-healthy
evt_002364,u_0466,session_abandoned,2026-06-05T14:15:00Z,u_0466_s01,ins_u_0466_003,{},v2.2.0-healthy
evt_002365,u_0460,signup_started,2026-06-05T14:19:00Z,u_0460_s01,ins_u_0460_001,{},v2.2.0-healthy
evt_002366,u_0236,session_abandoned,2026-06-05T14:22:00Z,u_0236_s01,ins_u_0236_003,{},v2.2.0-healthy
evt_002367,u_0085,feature_used,2026-06-05T14:24:00Z,u_0085_s01,ins_u_0085_006,"{""feature"": ""insights""}",v2.2.0-healthy
evt_002368,u_0460,signup_completed,2026-06-05T14:25:00Z,u_0460_s01,ins_u_0460_002,{},v2.2.0-healthy
evt_002369,u_0315,activation_completed,2026-06-05T14:26:00Z,u_0315_s01,ins_u_0315_007,{},v2.2.0-healthy
evt_002370,u_0195,signup_started,2026-06-05T14:28:00Z,u_0195_s01,ins_u_0195_001,{},v2.2.0-healthy
evt_002371,u_0460,profile_saved,2026-06-05T14:29:00Z,u_0460_s01,ins_u_0460_003,{},v2.2.0-healthy
evt_002372,u_0085,onboarding_completed,2026-06-05T14:32:00Z,u_0085_s01,ins_u_0085_007,"{""completed_at"": ""2026-06-05T14:30:00Z""}",v2.2.0-healthy
evt_002373,u_0460,onboarding_step_viewed,2026-06-05T14:32:00Z,u_0460_s01,ins_u_0460_004,{},v2.2.0-healthy
evt_002374,u_0195,signup_completed,2026-06-05T14:33:00Z,u_0195_s01,ins_u_0195_002,{},v2.2.0-healthy
evt_002375,u_0597,signup_started,2026-06-05T14:33:00Z,u_0597_s01,ins_u_0597_001,{},v2.2.0-healthy
evt_002376,u_0460,feature_used,2026-06-05T14:37:00Z,u_0460_s01,ins_u_0460_005,"{""feature"": ""board""}",v2.2.0-healthy
evt_002377,u_0597,signup_completed,2026-06-05T14:38:00Z,u_0597_s01,ins_u_0597_002,{},v2.2.0-healthy
evt_002378,u_0195,profile_saved,2026-06-05T14:39:00Z,u_0195_s01,ins_u_0195_003,{},v2.2.0-healthy
evt_002379,u_0195,onboarding_step_viewed,2026-06-05T14:44:00Z,u_0195_s01,ins_u_0195_004,{},v2.2.0-healthy
evt_002380,u_0597,session_abandoned,2026-06-05T14:46:00Z,u_0597_s01,ins_u_0597_003,{},v2.2.0-healthy
evt_002381,u_0667,signup_started,2026-06-05T14:48:00Z,u_0667_s01,ins_u_0667_001,{},v2.2.0-healthy
evt_002382,u_0667,signup_completed,2026-06-05T14:49:00Z,u_0667_s01,ins_u_0667_002,{},v2.2.0-healthy
evt_002383,u_0097,signup_started,2026-06-05T14:50:00Z,u_0097_s01,ins_u_0097_001,{},v2.2.0-healthy
evt_002384,u_0097,signup_completed,2026-06-05T14:51:00Z,u_0097_s01,ins_u_0097_002,{},v2.2.0-healthy
evt_002385,u_0667,profile_saved,2026-06-05T14:56:00Z,u_0667_s01,ins_u_0667_003,{},v2.2.0-healthy
evt_002386,u_0097,session_abandoned,2026-06-05T14:58:00Z,u_0097_s01,ins_u_0097_003,{},v2.2.0-healthy
evt_002387,u_0556,signup_started,2026-06-05T14:58:00Z,u_0556_s01,ins_u_0556_001,{},v2.2.0-healthy
evt_002388,u_0667,onboarding_step_viewed,2026-06-05T14:59:00Z,u_0667_s01,ins_u_0667_004,{},v2.2.0-healthy
evt_002389,u_0556,signup_completed,2026-06-05T15:03:00Z,u_0556_s01,ins_u_0556_002,{},v2.2.0-healthy
evt_002390,u_0667,feature_used,2026-06-05T15:07:00Z,u_0667_s01,ins_u_0667_005,"{""feature"": ""insights""}",v2.2.0-healthy
evt_002391,u_0556,session_abandoned,2026-06-05T15:08:00Z,u_0556_s01,ins_u_0556_003,{},v2.2.0-healthy
evt_002392,u_0620,signup_started,2026-06-05T15:22:00Z,u_0620_s01,ins_u_0620_001,{},v2.2.0-healthy
evt_002393,u_0667,onboarding_completed,2026-06-05T15:22:00Z,u_0667_s01,ins_u_0667_006,"{""completed_at"": ""2026-06-05T15:22:00Z""}",v2.2.0-healthy
evt_002394,u_0195,onboarding_completed,2026-06-05T15:23:00Z,u_0195_s01,ins_u_0195_005,"{""completed_at"": ""2026-06-05T15:10:00Z""}",v2.2.0-healthy
evt_002395,u_0620,signup_completed,2026-06-05T15:24:00Z,u_0620_s01,ins_u_0620_002,{},v2.2.0-healthy
evt_002396,u_0414,signup_started,2026-06-05T15:30:00Z,u_0414_s01,ins_u_0414_001,{},v2.2.0-healthy
evt_002397,u_0620,profile_saved,2026-06-05T15:31:00Z,u_0620_s01,ins_u_0620_003,{},v2.2.0-healthy
evt_002398,u_0414,signup_completed,2026-06-05T15:33:00Z,u_0414_s01,ins_u_0414_002,{},v2.2.0-healthy
evt_002399,u_0620,onboarding_step_viewed,2026-06-05T15:33:00Z,u_0620_s01,ins_u_0620_004,{},v2.2.0-healthy
evt_002400,u_0458,signup_started,2026-06-05T15:34:00Z,u_0458_s01,ins_u_0458_001,{},v2.2.0-healthy
evt_002401,u_0414,profile_saved,2026-06-05T15:39:00Z,u_0414_s01,ins_u_0414_003,{},v2.2.0-healthy
evt_002402,u_0429,signup_started,2026-06-05T15:40:00Z,u_0429_s01,ins_u_0429_001,{},v2.2.0-healthy
evt_002403,u_0458,signup_completed,2026-06-05T15:40:00Z,u_0458_s01,ins_u_0458_002,{},v2.2.0-healthy
evt_002404,u_0458,profile_saved,2026-06-05T15:42:00Z,u_0458_s01,ins_u_0458_003,{},v2.2.0-healthy
evt_002405,u_0414,onboarding_step_viewed,2026-06-05T15:45:00Z,u_0414_s01,ins_u_0414_004,{},v2.2.0-healthy
evt_002406,u_0429,signup_completed,2026-06-05T15:47:00Z,u_0429_s01,ins_u_0429_002,{},v2.2.0-healthy
evt_002407,u_0458,onboarding_step_viewed,2026-06-05T15:47:00Z,u_0458_s01,ins_u_0458_004,{},v2.2.0-healthy
evt_002408,u_0653,signup_started,2026-06-05T15:47:00Z,u_0653_s01,ins_u_0653_001,{},v2.2.0-healthy
evt_002409,u_0653,signup_completed,2026-06-05T15:51:00Z,u_0653_s01,ins_u_0653_002,{},v2.2.0-healthy
evt_002410,u_0429,session_abandoned,2026-06-05T15:55:00Z,u_0429_s01,ins_u_0429_003,{},v2.2.0-healthy
evt_002411,u_0563,signup_started,2026-06-05T15:55:00Z,u_0563_s01,ins_u_0563_001,{},v2.2.0-healthy
evt_002412,u_0708,signup_started,2026-06-05T15:55:00Z,u_0708_s01,ins_u_0708_001,{},v2.2.0-healthy
evt_002413,u_0653,profile_saved,2026-06-05T15:56:00Z,u_0653_s01,ins_u_0653_003,{},v2.2.0-healthy
evt_002414,u_0708,signup_completed,2026-06-05T15:56:00Z,u_0708_s01,ins_u_0708_002,{},v2.2.0-healthy
evt_002415,u_0123,signup_started,2026-06-05T15:57:00Z,u_0123_s01,ins_u_0123_001,{},v2.2.0-healthy
evt_002416,u_0563,signup_completed,2026-06-05T15:58:00Z,u_0563_s01,ins_u_0563_002,{},v2.2.0-healthy
evt_002417,u_0653,onboarding_step_viewed,2026-06-05T15:58:00Z,u_0653_s01,ins_u_0653_004,{},v2.2.0-healthy
evt_002418,u_0123,signup_completed,2026-06-05T16:01:00Z,u_0123_s01,ins_u_0123_002,{},v2.2.0-healthy
evt_002419,u_0563,profile_saved,2026-06-05T16:01:00Z,u_0563_s01,ins_u_0563_003,{},v2.2.0-healthy
evt_002420,u_0659,signup_started,2026-06-05T16:03:00Z,u_0659_s01,ins_u_0659_001,{},v2.2.0-healthy
evt_002421,u_0708,profile_saved,2026-06-05T16:03:00Z,u_0708_s01,ins_u_0708_003,{},v2.2.0-healthy
evt_002422,u_0233,signup_started,2026-06-05T16:04:00Z,u_0233_s01,ins_u_0233_001,{},v2.2.0-healthy
evt_002423,u_0414,onboarding_completed,2026-06-05T16:06:00Z,u_0414_s01,ins_u_0414_005,"{""completed_at"": ""2026-06-05T16:11:00Z""}",v2.2.0-healthy
evt_002424,u_0233,session_abandoned,2026-06-05T16:07:00Z,u_0233_s01,ins_u_0233_002,{},v2.2.0-healthy
evt_002425,u_0563,onboarding_step_viewed,2026-06-05T16:07:00Z,u_0563_s01,ins_u_0563_004,{},v2.2.0-healthy
evt_002426,u_0659,signup_completed,2026-06-05T16:07:00Z,u_0659_s01,ins_u_0659_002,{},v2.2.0-healthy
evt_002427,u_0620,onboarding_completed,2026-06-05T16:09:00Z,u_0620_s01,ins_u_0620_005,"{""completed_at"": ""2026-06-05T16:05:00Z""}",v2.2.0-healthy
evt_002428,u_0708,onboarding_step_viewed,2026-06-05T16:09:00Z,u_0708_s01,ins_u_0708_004,{},v2.2.0-healthy
evt_002429,u_0123,profile_saved,2026-06-05T16:10:00Z,u_0123_s01,ins_u_0123_003,{},v2.2.0-healthy
evt_002430,u_0123,onboarding_step_viewed,2026-06-05T16:13:00Z,u_0123_s01,ins_u_0123_004,{},v2.2.0-healthy
evt_002431,u_0415,signup_started,2026-06-05T16:13:00Z,u_0415_s01,ins_u_0415_001,{},v2.2.0-healthy
evt_002432,u_0226,signup_started,2026-06-05T16:14:00Z,u_0226_s01,ins_u_0226_001,{},v2.2.0-healthy
evt_002433,u_0458,onboarding_completed,2026-06-05T16:14:00Z,u_0458_s01,ins_u_0458_005,"{""completed_at"": ""2026-06-05T16:19:00Z""}",v2.2.0-healthy
evt_002434,u_0659,session_abandoned,2026-06-05T16:15:00Z,u_0659_s01,ins_u_0659_003,{},v2.2.0-healthy
evt_002435,u_0226,session_abandoned,2026-06-05T16:21:00Z,u_0226_s01,ins_u_0226_002,{},v2.2.0-healthy
evt_002436,u_0415,signup_completed,2026-06-05T16:21:00Z,u_0415_s01,ins_u_0415_002,{},v2.2.0-healthy
evt_002437,u_0123,feature_used,2026-06-05T16:24:00Z,u_0123_s01,ins_u_0123_005,"{""feature"": ""insights""}",v2.2.0-healthy
evt_002438,u_0415,profile_saved,2026-06-05T16:24:00Z,u_0415_s01,ins_u_0415_003,{},v2.2.0-healthy
evt_002439,u_0514,signup_started,2026-06-05T16:26:00Z,u_0514_s01,ins_u_0514_001,{},v2.2.0-healthy
evt_002440,u_0415,onboarding_step_viewed,2026-06-05T16:30:00Z,u_0415_s01,ins_u_0415_004,{},v2.2.0-healthy
evt_002441,u_0514,session_abandoned,2026-06-05T16:32:00Z,u_0514_s01,ins_u_0514_002,{},v2.2.0-healthy
evt_002442,u_0563,onboarding_completed,2026-06-05T16:32:00Z,u_0563_s01,ins_u_0563_005,"{""completed_at"": ""2026-06-05T16:27:00Z""}",v2.2.0-healthy
evt_002443,u_0653,onboarding_completed,2026-06-05T16:33:00Z,u_0653_s01,ins_u_0653_005,"{""completed_at"": ""2026-06-05T16:36:00Z""}",v2.2.0-healthy
evt_002444,u_0708,onboarding_completed,2026-06-05T16:43:00Z,u_0708_s01,ins_u_0708_005,"{""completed_at"": ""2026-06-05T16:31:00Z""}",v2.2.0-healthy
evt_002445,u_0260,signup_started,2026-06-05T16:47:00Z,u_0260_s01,ins_u_0260_001,{},v2.2.0-healthy
evt_002446,u_0123,onboarding_completed,2026-06-05T16:51:00Z,u_0123_s01,ins_u_0123_006,"{""completed_at"": ""2026-06-05T16:40:00Z""}",v2.2.0-healthy
evt_002447,u_0414,activation_completed,2026-06-05T16:51:00Z,u_0414_s01,ins_u_0414_006,{},v2.2.0-healthy
evt_002448,u_0415,onboarding_completed,2026-06-05T16:51:00Z,u_0415_s01,ins_u_0415_005,"{""completed_at"": ""2026-06-05T17:04:00Z""}",v2.2.0-healthy
evt_002449,u_0260,signup_completed,2026-06-05T16:54:00Z,u_0260_s01,ins_u_0260_002,{},v2.2.0-healthy
evt_002450,u_0260,profile_saved,2026-06-05T16:57:00Z,u_0260_s01,ins_u_0260_003,{},v2.2.0-healthy
evt_002451,u_0308,signup_started,2026-06-05T16:59:00Z,u_0308_s01,ins_u_0308_001,{},v2.2.0-healthy
evt_002452,u_0563,activation_completed,2026-06-05T16:59:00Z,u_0563_s01,ins_u_0563_006,{},v2.2.0-healthy
evt_002453,u_0260,onboarding_step_viewed,2026-06-05T17:01:00Z,u_0260_s01,ins_u_0260_004,{},v2.2.0-healthy
evt_002454,u_0308,signup_completed,2026-06-05T17:03:00Z,u_0308_s01,ins_u_0308_002,{},v2.2.0-healthy
evt_002455,u_0260,feature_used,2026-06-05T17:05:00Z,u_0260_s01,ins_u_0260_005,"{""feature"": ""board""}",v2.2.0-healthy
evt_002456,u_0653,activation_completed,2026-06-05T17:05:00Z,u_0653_s01,ins_u_0653_006,{},v2.2.0-healthy
evt_002457,u_0512,signup_started,2026-06-05T17:06:00Z,u_0512_s01,ins_u_0512_001,{},v2.2.0-healthy
evt_002458,u_0308,profile_saved,2026-06-05T17:08:00Z,u_0308_s01,ins_u_0308_003,{},v2.2.0-healthy
evt_002459,u_0308,error_shown,2026-06-05T17:09:00Z,u_0308_s01,ins_u_0308_004,"{""code"": ""onboarding_timeout""}",v2.2.0-healthy
evt_002460,u_0308,onboarding_step_viewed,2026-06-05T17:13:00Z,u_0308_s01,ins_u_0308_005,{},v2.2.0-healthy
evt_002461,u_0512,signup_completed,2026-06-05T17:13:00Z,u_0512_s01,ins_u_0512_002,{},v2.2.0-healthy
evt_002462,u_0726,signup_started,2026-06-05T17:15:00Z,u_0726_s01,ins_u_0726_001,{},v2.2.0-healthy
evt_002463,u_0726,signup_completed,2026-06-05T17:16:00Z,u_0726_s01,ins_u_0726_002,{},v2.2.0-healthy
evt_002464,u_0726,profile_saved,2026-06-05T17:20:00Z,u_0726_s01,ins_u_0726_003,{},v2.2.0-healthy
evt_002465,u_0512,profile_saved,2026-06-05T17:23:00Z,u_0512_s01,ins_u_0512_003,{},v2.2.0-healthy
evt_002466,u_0726,onboarding_step_viewed,2026-06-05T17:24:00Z,u_0726_s01,ins_u_0726_004,{},v2.2.0-healthy
evt_002467,u_0308,feature_used,2026-06-05T17:25:00Z,u_0308_s01,ins_u_0308_006,"{""feature"": ""board""}",v2.2.0-healthy
evt_002468,u_0413,signup_started,2026-06-05T17:26:00Z,u_0413_s01,ins_u_0413_001,{},v2.2.0-healthy
evt_002469,u_0512,onboarding_step_viewed,2026-06-05T17:27:00Z,u_0512_s01,ins_u_0512_004,{},v2.2.0-healthy
evt_002470,u_0072,signup_started,2026-06-05T17:31:00Z,u_0072_s01,ins_u_0072_001,{},v2.2.0-healthy
evt_002471,u_0413,signup_completed,2026-06-05T17:33:00Z,u_0413_s01,ins_u_0413_002,{},v2.2.0-healthy
evt_002472,u_0072,signup_completed,2026-06-05T17:35:00Z,u_0072_s01,ins_u_0072_002,{},v2.2.0-healthy
evt_002473,u_0413,profile_saved,2026-06-05T17:35:00Z,u_0413_s01,ins_u_0413_003,{},v2.2.0-healthy
evt_002474,u_0308,onboarding_completed,2026-06-05T17:39:00Z,u_0308_s01,ins_u_0308_007,"{""completed_at"": ""2026-06-05T17:35:00Z""}",v2.2.0-healthy
evt_002475,u_0413,onboarding_step_viewed,2026-06-05T17:39:00Z,u_0413_s01,ins_u_0413_004,{},v2.2.0-healthy
evt_002476,u_0260,onboarding_completed,2026-06-05T17:40:00Z,u_0260_s01,ins_u_0260_006,"{""completed_at"": ""2026-06-05T17:25:00Z""}",v2.2.0-healthy
evt_002477,u_0415,activation_completed,2026-06-05T17:40:00Z,u_0415_s01,ins_u_0415_006,{},v2.2.0-healthy
evt_002478,u_0726,feature_used,2026-06-05T17:40:00Z,u_0726_s01,ins_u_0726_005,"{""feature"": ""board""}",v2.2.0-healthy
evt_002479,u_0072,profile_saved,2026-06-05T17:42:00Z,u_0072_s01,ins_u_0072_003,{},v2.2.0-healthy
evt_002480,u_0119,signup_started,2026-06-05T17:46:00Z,u_0119_s01,ins_u_0119_001,{},v2.2.0-healthy
evt_002481,u_0072,onboarding_step_viewed,2026-06-05T17:47:00Z,u_0072_s01,ins_u_0072_004,{},v2.2.0-healthy
evt_002482,u_0119,signup_completed,2026-06-05T17:47:00Z,u_0119_s01,ins_u_0119_002,{},v2.2.0-healthy
evt_002483,u_0413,feature_used,2026-06-05T17:48:00Z,u_0413_s01,ins_u_0413_005,"{""feature"": ""insights""}",v2.2.0-healthy
evt_002484,u_0072,feature_used,2026-06-05T17:50:00Z,u_0072_s01,ins_u_0072_005,"{""feature"": ""board""}",v2.2.0-healthy
evt_002485,u_0119,profile_saved,2026-06-05T17:52:00Z,u_0119_s01,ins_u_0119_003,{},v2.2.0-healthy
evt_002486,u_0119,onboarding_step_viewed,2026-06-05T17:58:00Z,u_0119_s01,ins_u_0119_004,{},v2.2.0-healthy
evt_002487,u_0726,onboarding_completed,2026-06-05T18:02:00Z,u_0726_s01,ins_u_0726_006,"{""completed_at"": ""2026-06-05T17:48:00Z""}",v2.2.0-healthy
evt_002488,u_0143,signup_started,2026-06-05T18:04:00Z,u_0143_s01,ins_u_0143_001,{},v2.2.0-healthy
evt_002489,u_0512,onboarding_completed,2026-06-05T18:05:00Z,u_0512_s01,ins_u_0512_005,"{""completed_at"": ""2026-06-05T17:58:00Z""}",v2.2.0-healthy
evt_002490,u_0119,feature_used,2026-06-05T18:06:00Z,u_0119_s01,ins_u_0119_005,"{""feature"": ""insights""}",v2.2.0-healthy
evt_002491,u_0143,signup_completed,2026-06-05T18:07:00Z,u_0143_s01,ins_u_0143_002,{},v2.2.0-healthy
evt_002492,u_0413,onboarding_completed,2026-06-05T18:11:00Z,u_0413_s01,ins_u_0413_006,"{""completed_at"": ""2026-06-05T18:01:00Z""}",v2.2.0-healthy
evt_002493,u_0308,activation_completed,2026-06-05T18:12:00Z,u_0308_s01,ins_u_0308_008,{},v2.2.0-healthy
evt_002494,u_0469,signup_started,2026-06-05T18:13:00Z,u_0469_s01,ins_u_0469_001,{},v2.2.0-healthy
evt_002495,u_0486,signup_started,2026-06-05T18:13:00Z,u_0486_s01,ins_u_0486_001,{},v2.2.0-healthy
evt_002496,u_0143,profile_saved,2026-06-05T18:14:00Z,u_0143_s01,ins_u_0143_003,{},v2.2.0-healthy
evt_002497,u_0469,session_abandoned,2026-06-05T18:16:00Z,u_0469_s01,ins_u_0469_002,{},v2.2.0-healthy
evt_002498,u_0072,onboarding_completed,2026-06-05T18:17:00Z,u_0072_s01,ins_u_0072_006,"{""completed_at"": ""2026-06-05T18:12:00Z""}",v2.2.0-healthy
evt_002499,u_0486,signup_completed,2026-06-05T18:17:00Z,u_0486_s01,ins_u_0486_002,{},v2.2.0-healthy
evt_002500,u_0726,activation_completed,2026-06-05T18:17:00Z,u_0726_s01,ins_u_0726_007,{},v2.2.0-healthy
evt_002501,u_0143,onboarding_step_viewed,2026-06-05T18:18:00Z,u_0143_s01,ins_u_0143_004,{},v2.2.0-healthy
evt_002502,u_0486,session_abandoned,2026-06-05T18:25:00Z,u_0486_s01,ins_u_0486_003,{},v2.2.0-healthy
evt_002503,u_0134,signup_started,2026-06-05T18:28:00Z,u_0134_s01,ins_u_0134_001,{},v2.2.0-healthy
evt_002504,u_0134,signup_completed,2026-06-05T18:32:00Z,u_0134_s01,ins_u_0134_002,{},v2.2.0-healthy
evt_002505,u_0134,profile_saved,2026-06-05T18:36:00Z,u_0134_s01,ins_u_0134_003,{},v2.2.0-healthy
evt_002506,u_0119,onboarding_completed,2026-06-05T18:37:00Z,u_0119_s01,ins_u_0119_006,"{""completed_at"": ""2026-06-05T18:22:00Z""}",v2.2.0-healthy
evt_002507,u_0587,signup_started,2026-06-05T18:38:00Z,u_0587_s01,ins_u_0587_001,{},v2.2.0-healthy
evt_002508,u_0636,signup_started,2026-06-05T18:39:00Z,u_0636_s01,ins_u_0636_001,{},v2.2.0-healthy
evt_002509,u_0587,signup_completed,2026-06-05T18:41:00Z,u_0587_s01,ins_u_0587_002,{},v2.2.0-healthy
evt_002510,u_0134,onboarding_step_viewed,2026-06-05T18:42:00Z,u_0134_s01,ins_u_0134_004,{},v2.2.0-healthy
evt_002511,u_0134,feature_used,2026-06-05T18:44:00Z,u_0134_s01,ins_u_0134_005,"{""feature"": ""board""}",v2.2.0-healthy
evt_002512,u_0587,profile_saved,2026-06-05T18:46:00Z,u_0587_s01,ins_u_0587_003,{},v2.2.0-healthy
evt_002513,u_0636,signup_completed,2026-06-05T18:47:00Z,u_0636_s01,ins_u_0636_002,{},v2.2.0-healthy
evt_002514,u_0022,signup_started,2026-06-05T18:49:00Z,u_0022_s01,ins_u_0022_001,{},v2.2.0-healthy
evt_002515,u_0088,signup_started,2026-06-05T18:50:00Z,u_0088_s01,ins_u_0088_001,{},v2.2.0-healthy
evt_002516,u_0143,onboarding_completed,2026-06-05T18:50:00Z,u_0143_s01,ins_u_0143_005,"{""completed_at"": ""2026-06-05T18:47:00Z""}",v2.2.0-healthy
evt_002517,u_0088,signup_completed,2026-06-05T18:51:00Z,u_0088_s01,ins_u_0088_002,{},v2.2.0-healthy
evt_002518,u_0022,signup_completed,2026-06-05T18:57:00Z,u_0022_s01,ins_u_0022_002,{},v2.2.0-healthy
evt_002519,u_0636,profile_saved,2026-06-05T18:57:00Z,u_0636_s01,ins_u_0636_003,{},v2.2.0-healthy
evt_002520,u_0406,signup_started,2026-06-05T19:00:00Z,u_0406_s01,ins_u_0406_001,{},v2.2.0-healthy
evt_002521,u_0022,session_abandoned,2026-06-05T19:01:00Z,u_0022_s01,ins_u_0022_003,{},v2.2.0-healthy
evt_002522,u_0088,profile_saved,2026-06-05T19:01:00Z,u_0088_s01,ins_u_0088_003,{},v2.2.0-healthy
evt_002523,u_0636,onboarding_step_viewed,2026-06-05T19:02:00Z,u_0636_s01,ins_u_0636_004,{},v2.2.0-healthy
evt_002524,u_0406,signup_completed,2026-06-05T19:03:00Z,u_0406_s01,ins_u_0406_002,{},v2.2.0-healthy
evt_002525,u_0640,signup_started,2026-06-05T19:04:00Z,u_0640_s01,ins_u_0640_001,{},v2.2.0-healthy
evt_002526,u_0088,onboarding_step_viewed,2026-06-05T19:06:00Z,u_0088_s01,ins_u_0088_004,{},v2.2.0-healthy
evt_002527,u_0406,profile_saved,2026-06-05T19:06:00Z,u_0406_s01,ins_u_0406_003,{},v2.2.0-healthy
evt_002528,u_0640,session_abandoned,2026-06-05T19:06:00Z,u_0640_s01,ins_u_0640_002,{},v2.2.0-healthy
evt_002529,u_0134,onboarding_completed,2026-06-05T19:07:00Z,u_0134_s01,ins_u_0134_006,"{""completed_at"": ""2026-06-05T19:13:00Z""}",v2.2.0-healthy
evt_002530,u_0587,feature_used,2026-06-05T19:08:00Z,u_0587_s01,ins_u_0587_004,"{""feature"": ""insights""}",v2.2.0-healthy
evt_002531,u_0406,onboarding_step_viewed,2026-06-05T19:10:00Z,u_0406_s01,ins_u_0406_004,{},v2.2.0-healthy
evt_002532,u_0636,feature_used,2026-06-05T19:17:00Z,u_0636_s01,ins_u_0636_005,"{""feature"": ""board""}",v2.2.0-healthy
evt_002533,u_0070,signup_started,2026-06-05T19:18:00Z,u_0070_s01,ins_u_0070_001,{},v2.2.0-healthy
evt_002534,u_0070,signup_completed,2026-06-05T19:19:00Z,u_0070_s01,ins_u_0070_002,{},v2.2.0-healthy
evt_002535,u_0053,signup_started,2026-06-05T19:22:00Z,u_0053_s01,ins_u_0053_001,{},v2.2.0-healthy
evt_002536,u_0406,feature_used,2026-06-05T19:24:00Z,u_0406_s01,ins_u_0406_005,"{""feature"": ""board""}",v2.2.0-healthy
evt_002537,u_0152,signup_started,2026-06-05T19:28:00Z,u_0152_s01,ins_u_0152_001,{},v2.2.0-healthy
evt_002538,u_0070,profile_saved,2026-06-05T19:29:00Z,u_0070_s01,ins_u_0070_003,{},v2.2.0-healthy
evt_002539,u_0053,signup_completed,2026-06-05T19:30:00Z,u_0053_s01,ins_u_0053_002,{},v2.2.0-healthy
evt_002540,u_0587,onboarding_completed,2026-06-05T19:30:00Z,u_0587_s01,ins_u_0587_005,"{""completed_at"": ""2026-06-05T19:17:00Z""}",v2.2.0-healthy
evt_002541,u_0636,onboarding_completed,2026-06-05T19:31:00Z,u_0636_s01,ins_u_0636_006,"{""completed_at"": ""2026-06-05T19:35:00Z""}",v2.2.0-healthy
evt_002542,u_0070,onboarding_step_viewed,2026-06-05T19:33:00Z,u_0070_s01,ins_u_0070_004,{},v2.2.0-healthy
evt_002543,u_0152,signup_completed,2026-06-05T19:36:00Z,u_0152_s01,ins_u_0152_002,{},v2.2.0-healthy
evt_002544,u_0720,signup_started,2026-06-05T19:36:00Z,u_0720_s01,ins_u_0720_001,{},v2.2.0-healthy
evt_002545,u_0720,signup_completed,2026-06-05T19:37:00Z,u_0720_s01,ins_u_0720_002,{},v2.2.0-healthy
evt_002546,u_0053,profile_saved,2026-06-05T19:40:00Z,u_0053_s01,ins_u_0053_003,{},v2.2.0-healthy
evt_002547,u_0152,profile_saved,2026-06-05T19:40:00Z,u_0152_s01,ins_u_0152_003,{},v2.2.0-healthy
evt_002548,u_0088,onboarding_completed,2026-06-05T19:41:00Z,u_0088_s01,ins_u_0088_005,"{""completed_at"": ""2026-06-05T19:28:00Z""}",v2.2.0-healthy
evt_002549,u_0152,onboarding_step_viewed,2026-06-05T19:42:00Z,u_0152_s01,ins_u_0152_004,{},v2.2.0-healthy
evt_002550,u_0526,signup_started,2026-06-05T19:43:00Z,u_0526_s01,ins_u_0526_001,{},v2.2.0-healthy
evt_002551,u_0053,onboarding_step_viewed,2026-06-05T19:44:00Z,u_0053_s01,ins_u_0053_004,{},v2.2.0-healthy
evt_002552,u_0526,signup_completed,2026-06-05T19:45:00Z,u_0526_s01,ins_u_0526_002,{},v2.2.0-healthy
evt_002553,u_0720,session_abandoned,2026-06-05T19:46:00Z,u_0720_s01,ins_u_0720_003,{},v2.2.0-healthy
evt_002554,u_0070,feature_used,2026-06-05T19:48:00Z,u_0070_s01,ins_u_0070_005,"{""feature"": ""board""}",v2.2.0-healthy
evt_002555,u_0448,signup_started,2026-06-05T19:48:00Z,u_0448_s01,ins_u_0448_001,{},v2.2.0-healthy
evt_002556,u_0526,profile_saved,2026-06-05T19:50:00Z,u_0526_s01,ins_u_0526_003,{},v2.2.0-healthy
evt_002557,u_0406,onboarding_completed,2026-06-05T19:51:00Z,u_0406_s01,ins_u_0406_006,"{""completed_at"": ""2026-06-05T19:42:00Z""}",v2.2.0-healthy
evt_002558,u_0124,signup_started,2026-06-05T19:52:00Z,u_0124_s01,ins_u_0124_001,{},v2.2.0-healthy
evt_002559,u_0406,activation_completed,2026-06-05T19:52:00Z,u_0406_s01,ins_u_0406_007,{},v2.2.0-healthy
evt_002560,u_0526,onboarding_step_viewed,2026-06-05T19:54:00Z,u_0526_s01,ins_u_0526_004,{},v2.2.0-healthy
evt_002561,u_0448,signup_completed,2026-06-05T19:56:00Z,u_0448_s01,ins_u_0448_002,{},v2.2.0-healthy
evt_002562,u_0070,onboarding_completed,2026-06-05T19:57:00Z,u_0070_s01,ins_u_0070_006,"{""completed_at"": ""2026-06-05T20:02:00Z""}",v2.2.0-healthy
evt_002563,u_0124,signup_completed,2026-06-05T19:57:00Z,u_0124_s01,ins_u_0124_002,{},v2.2.0-healthy
evt_002564,u_0053,feature_used,2026-06-05T19:58:00Z,u_0053_s01,ins_u_0053_005,"{""feature"": ""insights""}",v2.2.0-healthy
evt_002565,u_0152,feature_used,2026-06-05T19:58:00Z,u_0152_s01,ins_u_0152_005,"{""feature"": ""board""}",v2.2.0-healthy
evt_002566,u_0448,profile_saved,2026-06-05T20:00:00Z,u_0448_s01,ins_u_0448_003,{},v2.2.0-healthy
evt_002567,u_0448,onboarding_step_viewed,2026-06-05T20:02:00Z,u_0448_s01,ins_u_0448_004,{},v2.2.0-healthy
evt_002568,u_0124,profile_saved,2026-06-05T20:04:00Z,u_0124_s01,ins_u_0124_003,{},v2.2.0-healthy
evt_002569,u_0587,activation_completed,2026-06-05T20:04:00Z,u_0587_s01,ins_u_0587_006,{},v2.2.0-healthy
evt_002570,u_0152,onboarding_completed,2026-06-05T20:07:00Z,u_0152_s01,ins_u_0152_006,"{""completed_at"": ""2026-06-05T20:09:00Z""}",v2.2.0-healthy
evt_002571,u_0526,feature_used,2026-06-05T20:07:00Z,u_0526_s01,ins_u_0526_005,"{""feature"": ""board""}",v2.2.0-healthy
evt_002572,u_0124,onboarding_step_viewed,2026-06-05T20:08:00Z,u_0124_s01,ins_u_0124_004,{},v2.2.0-healthy
evt_002573,u_0053,onboarding_completed,2026-06-05T20:13:00Z,u_0053_s01,ins_u_0053_006,"{""completed_at"": ""2026-06-05T20:15:00Z""}",v2.2.0-healthy
evt_002574,u_0317,signup_started,2026-06-05T20:16:00Z,u_0317_s01,ins_u_0317_001,{},v2.2.0-healthy
evt_002575,u_0159,return_visit,2026-06-05T20:17:00Z,u_0159_s02,ins_u_0159_008,{},v2.2.0-healthy
evt_002576,u_0448,feature_used,2026-06-05T20:18:00Z,u_0448_s01,ins_u_0448_005,"{""feature"": ""board""}",v2.2.0-healthy
evt_002577,u_0526,onboarding_completed,2026-06-05T20:18:00Z,u_0526_s01,ins_u_0526_006,"{""completed_at"": ""2026-06-05T20:22:00Z""}",v2.2.0-healthy
evt_002578,u_0102,signup_started,2026-06-05T20:19:00Z,u_0102_s01,ins_u_0102_001,{},v2.2.0-healthy
evt_002579,u_0317,signup_completed,2026-06-05T20:19:00Z,u_0317_s01,ins_u_0317_002,{},v2.2.0-healthy
evt_002580,u_0102,signup_completed,2026-06-05T20:24:00Z,u_0102_s01,ins_u_0102_002,{},v2.2.0-healthy
evt_002581,u_0124,feature_used,2026-06-05T20:28:00Z,u_0124_s01,ins_u_0124_005,"{""feature"": ""board""}",v2.2.0-healthy
evt_002582,u_0317,session_abandoned,2026-06-05T20:28:00Z,u_0317_s01,ins_u_0317_003,{},v2.2.0-healthy
evt_002583,u_0053,activation_completed,2026-06-05T20:29:00Z,u_0053_s01,ins_u_0053_007,{},v2.2.0-healthy
evt_002584,u_0102,profile_saved,2026-06-05T20:29:00Z,u_0102_s01,ins_u_0102_003,{},v2.2.0-healthy
evt_002585,u_0102,onboarding_step_viewed,2026-06-05T20:31:00Z,u_0102_s01,ins_u_0102_004,{},v2.2.0-healthy
evt_002586,u_0070,activation_completed,2026-06-05T20:34:00Z,u_0070_s01,ins_u_0070_007,{},v2.2.0-healthy
evt_002587,u_0124,onboarding_completed,2026-06-05T20:34:00Z,u_0124_s01,ins_u_0124_006,"{""completed_at"": ""2026-06-05T20:33:00Z""}",v2.2.0-healthy
evt_002588,u_0152,activation_completed,2026-06-05T20:36:00Z,u_0152_s01,ins_u_0152_007,{},v2.2.0-healthy
evt_002589,u_0102,feature_used,2026-06-05T20:39:00Z,u_0102_s01,ins_u_0102_005,"{""feature"": ""board""}",v2.2.0-healthy
evt_002590,u_0526,activation_completed,2026-06-05T20:44:00Z,u_0526_s01,ins_u_0526_007,{},v2.2.0-healthy
evt_002591,u_0791,signup_started,2026-06-05T20:44:00Z,u_0791_s01,ins_u_0791_001,{},v2.2.0-healthy
evt_002592,u_0791,signup_completed,2026-06-05T20:52:00Z,u_0791_s01,ins_u_0791_002,{},v2.2.0-healthy
evt_002593,u_0277,signup_started,2026-06-05T20:55:00Z,u_0277_s01,ins_u_0277_001,{},v2.2.0-healthy
evt_002594,u_0277,signup_completed,2026-06-05T20:56:00Z,u_0277_s01,ins_u_0277_002,{},v2.2.0-healthy
evt_002595,u_0416,signup_started,2026-06-05T20:57:00Z,u_0416_s01,ins_u_0416_001,{},v2.2.0-healthy
evt_002596,u_0791,profile_saved,2026-06-05T20:57:00Z,u_0791_s01,ins_u_0791_003,{},v2.2.0-healthy
evt_002597,u_0448,activation_completed,2026-06-05T20:58:00Z,u_0448_s01,ins_u_0448_006,{},v2.2.0-healthy
evt_002598,u_0139,signup_started,2026-06-05T20:59:00Z,u_0139_s01,ins_u_0139_001,{},v2.2.0-healthy
evt_002599,u_0589,signup_started,2026-06-05T20:59:00Z,u_0589_s01,ins_u_0589_001,{},v2.2.0-healthy
evt_002600,u_0416,signup_completed,2026-06-05T21:00:00Z,u_0416_s01,ins_u_0416_002,{},v2.2.0-healthy
evt_002601,u_0589,session_abandoned,2026-06-05T21:02:00Z,u_0589_s01,ins_u_0589_002,{},v2.2.0-healthy
evt_002602,u_0791,onboarding_step_viewed,2026-06-05T21:03:00Z,u_0791_s01,ins_u_0791_004,{},v2.2.0-healthy
evt_002603,u_0102,onboarding_completed,2026-06-05T21:04:00Z,u_0102_s01,ins_u_0102_006,"{""completed_at"": ""2026-06-05T20:56:00Z""}",v2.2.0-healthy
evt_002604,u_0277,profile_saved,2026-06-05T21:04:00Z,u_0277_s01,ins_u_0277_003,{},v2.2.0-healthy
evt_002605,u_0139,signup_completed,2026-06-05T21:05:00Z,u_0139_s01,ins_u_0139_002,{},v2.2.0-healthy
evt_002606,u_0416,session_abandoned,2026-06-05T21:05:00Z,u_0416_s01,ins_u_0416_003,{},v2.2.0-healthy
evt_002607,u_0277,onboarding_step_viewed,2026-06-05T21:09:00Z,u_0277_s01,ins_u_0277_004,{},v2.2.0-healthy
evt_002608,u_0139,profile_saved,2026-06-05T21:10:00Z,u_0139_s01,ins_u_0139_003,{},v2.2.0-healthy
evt_002609,u_0139,onboarding_step_viewed,2026-06-05T21:12:00Z,u_0139_s01,ins_u_0139_004,{},v2.2.0-healthy
evt_002610,u_0277,feature_used,2026-06-05T21:16:00Z,u_0277_s01,ins_u_0277_005,"{""feature"": ""insights""}",v2.2.0-healthy
evt_002611,u_0277,onboarding_completed,2026-06-05T21:40:00Z,u_0277_s01,ins_u_0277_006,"{""completed_at"": ""2026-06-05T21:39:00Z""}",v2.2.0-healthy
evt_002612,u_0791,onboarding_completed,2026-06-05T21:40:00Z,u_0791_s01,ins_u_0791_005,"{""completed_at"": ""2026-06-05T21:36:00Z""}",v2.2.0-healthy
evt_002613,u_0139,onboarding_completed,2026-06-05T21:41:00Z,u_0139_s01,ins_u_0139_005,"{""completed_at"": ""2026-06-05T21:49:00Z""}",v2.2.0-healthy
evt_002614,u_0791,activation_completed,2026-06-05T22:13:00Z,u_0791_s01,ins_u_0791_006,{},v2.2.0-healthy
evt_002615,u_0605,return_visit,2026-06-06T01:12:00Z,u_0605_s02,ins_u_0605_008,{},v2.2.0-healthy
evt_002616,u_0605,feature_used,2026-06-06T01:17:00Z,u_0605_s02,ins_u_0605_009,"{""feature"": ""insights""}",v2.2.0-healthy
evt_002617,u_0538,return_visit,2026-06-06T02:18:00Z,u_0538_s02,ins_u_0538_008,{},v2.2.0-healthy
evt_002618,u_0538,feature_used,2026-06-06T02:23:00Z,u_0538_s02,ins_u_0538_009,"{""feature"": ""insights""}",v2.2.0-healthy
evt_002619,u_0202,return_visit,2026-06-06T02:42:00Z,u_0202_s02,ins_u_0202_006,{},v2.2.0-healthy
evt_002620,u_0540,return_visit,2026-06-06T05:02:00Z,u_0540_s02,ins_u_0540_006,{},v2.2.0-healthy
evt_002621,u_0540,feature_used,2026-06-06T05:07:00Z,u_0540_s02,ins_u_0540_007,"{""feature"": ""insights""}",v2.2.0-healthy
evt_002622,u_0237,return_visit,2026-06-06T05:20:00Z,u_0237_s02,ins_u_0237_007,{},v2.2.0-healthy
evt_002623,u_0237,feature_used,2026-06-06T05:25:00Z,u_0237_s02,ins_u_0237_008,"{""feature"": ""insights""}",v2.2.0-healthy
evt_002624,u_0395,return_visit,2026-06-06T07:00:00Z,u_0395_s02,ins_u_0395_008,{},v2.2.0-healthy
evt_002625,u_0395,feature_used,2026-06-06T07:05:00Z,u_0395_s02,ins_u_0395_009,"{""feature"": ""insights""}",v2.2.0-healthy
evt_002626,u_0323,return_visit,2026-06-06T07:37:00Z,u_0323_s02,ins_u_0323_006,{},v2.2.0-healthy
evt_002627,u_0199,return_visit,2026-06-06T07:58:00Z,u_0199_s02,ins_u_0199_007,{},v2.2.0-healthy
evt_002628,u_0223,signup_started,2026-06-06T08:02:00Z,u_0223_s01,ins_u_0223_001,{},v2.2.0-healthy
evt_002629,u_0223,signup_completed,2026-06-06T08:06:00Z,u_0223_s01,ins_u_0223_002,{},v2.2.0-healthy
evt_002630,u_0693,signup_started,2026-06-06T08:09:00Z,u_0693_s01,ins_u_0693_001,{},v2.2.0-healthy
evt_002631,u_0331,signup_started,2026-06-06T08:10:00Z,u_0331_s01,ins_u_0331_001,{},v2.2.0-healthy
evt_002632,u_0693,signup_completed,2026-06-06T08:10:00Z,u_0693_s01,ins_u_0693_002,{},v2.2.0-healthy
evt_002633,u_0331,signup_completed,2026-06-06T08:12:00Z,u_0331_s01,ins_u_0331_002,{},v2.2.0-healthy
evt_002634,u_0223,session_abandoned,2026-06-06T08:13:00Z,u_0223_s01,ins_u_0223_003,{},v2.2.0-healthy
evt_002635,u_0693,profile_saved,2026-06-06T08:13:00Z,u_0693_s01,ins_u_0693_003,{},v2.2.0-healthy
evt_002636,u_0440,signup_started,2026-06-06T08:14:00Z,u_0440_s01,ins_u_0440_001,{},v2.2.0-healthy
evt_002637,u_0331,profile_saved,2026-06-06T08:17:00Z,u_0331_s01,ins_u_0331_003,{},v2.2.0-healthy
evt_002638,u_0440,signup_completed,2026-06-06T08:17:00Z,u_0440_s01,ins_u_0440_002,{},v2.2.0-healthy
evt_002639,u_0693,onboarding_step_viewed,2026-06-06T08:17:00Z,u_0693_s01,ins_u_0693_004,{},v2.2.0-healthy
evt_002640,u_0440,profile_saved,2026-06-06T08:21:00Z,u_0440_s01,ins_u_0440_003,{},v2.2.0-healthy
evt_002641,u_0331,onboarding_step_viewed,2026-06-06T08:22:00Z,u_0331_s01,ins_u_0331_004,{},v2.2.0-healthy
evt_002642,u_0440,onboarding_step_viewed,2026-06-06T08:26:00Z,u_0440_s01,ins_u_0440_004,{},v2.2.0-healthy
evt_002643,u_0693,feature_used,2026-06-06T08:27:00Z,u_0693_s01,ins_u_0693_005,"{""feature"": ""insights""}",v2.2.0-healthy
evt_002644,u_0683,signup_started,2026-06-06T08:30:00Z,u_0683_s01,ins_u_0683_001,{},v2.2.0-healthy
evt_002645,u_0012,signup_started,2026-06-06T08:33:00Z,u_0012_s01,ins_u_0012_001,{},v2.2.0-healthy
evt_002646,u_0333,signup_started,2026-06-06T08:33:00Z,u_0333_s01,ins_u_0333_001,{},v2.2.0-healthy
evt_002647,u_0012,signup_completed,2026-06-06T08:35:00Z,u_0012_s01,ins_u_0012_002,{},v2.2.0-healthy
evt_002648,u_0683,signup_completed,2026-06-06T08:36:00Z,u_0683_s01,ins_u_0683_002,{},v2.2.0-healthy
evt_002649,u_0333,signup_completed,2026-06-06T08:40:00Z,u_0333_s01,ins_u_0333_002,{},v2.2.0-healthy
evt_002650,u_0204,signup_started,2026-06-06T08:41:00Z,u_0204_s01,ins_u_0204_001,{},v2.2.0-healthy
evt_002651,u_0012,profile_saved,2026-06-06T08:42:00Z,u_0012_s01,ins_u_0012_003,{},v2.2.0-healthy
evt_002652,u_0012,onboarding_step_viewed,2026-06-06T08:45:00Z,u_0012_s01,ins_u_0012_004,{},v2.2.0-healthy
evt_002653,u_0683,profile_saved,2026-06-06T08:45:00Z,u_0683_s01,ins_u_0683_003,{},v2.2.0-healthy
evt_002654,u_0333,profile_saved,2026-06-06T08:46:00Z,u_0333_s01,ins_u_0333_003,{},v2.2.0-healthy
evt_002655,u_0204,signup_completed,2026-06-06T08:47:00Z,u_0204_s01,ins_u_0204_002,{},v2.2.0-healthy
evt_002656,u_0683,onboarding_step_viewed,2026-06-06T08:50:00Z,u_0683_s01,ins_u_0683_004,{},v2.2.0-healthy
evt_002657,u_0333,onboarding_step_viewed,2026-06-06T08:51:00Z,u_0333_s01,ins_u_0333_004,{},v2.2.0-healthy
evt_002658,u_0693,onboarding_completed,2026-06-06T08:51:00Z,u_0693_s01,ins_u_0693_006,"{""completed_at"": ""2026-06-06T08:48:00Z""}",v2.2.0-healthy
evt_002659,u_0331,onboarding_completed,2026-06-06T08:52:00Z,u_0331_s01,ins_u_0331_005,"{""completed_at"": ""2026-06-06T08:46:00Z""}",v2.2.0-healthy
evt_002660,u_0683,feature_used,2026-06-06T08:52:00Z,u_0683_s01,ins_u_0683_005,"{""feature"": ""insights""}",v2.2.0-healthy
evt_002661,u_0275,signup_started,2026-06-06T08:53:00Z,u_0275_s01,ins_u_0275_001,{},v2.2.0-healthy
evt_002662,u_0440,onboarding_completed,2026-06-06T08:54:00Z,u_0440_s01,ins_u_0440_005,"{""completed_at"": ""2026-06-06T08:48:00Z""}",v2.2.0-healthy
evt_002663,u_0204,profile_saved,2026-06-06T08:55:00Z,u_0204_s01,ins_u_0204_003,{},v2.2.0-healthy
evt_002664,u_0275,signup_completed,2026-06-06T08:56:00Z,u_0275_s01,ins_u_0275_002,{},v2.2.0-healthy
evt_002665,u_0012,feature_used,2026-06-06T08:57:00Z,u_0012_s01,ins_u_0012_005,"{""feature"": ""board""}",v2.2.0-healthy
evt_002666,u_0204,onboarding_step_viewed,2026-06-06T08:57:00Z,u_0204_s01,ins_u_0204_004,{},v2.2.0-healthy
evt_002667,u_0494,return_visit,2026-06-06T08:57:00Z,u_0494_s02,ins_u_0494_008,{},v2.2.0-healthy
evt_002668,u_0738,signup_started,2026-06-06T08:58:00Z,u_0738_s01,ins_u_0738_001,{},v2.2.0-healthy
evt_002669,u_0379,signup_started,2026-06-06T08:59:00Z,u_0379_s01,ins_u_0379_001,{},v2.2.0-healthy
evt_002670,u_0116,signup_started,2026-06-06T09:00:00Z,u_0116_s01,ins_u_0116_001,{},v2.2.0-healthy
evt_002671,u_0379,signup_completed,2026-06-06T09:01:00Z,u_0379_s01,ins_u_0379_002,{},v2.2.0-healthy
evt_002672,u_0494,feature_used,2026-06-06T09:02:00Z,u_0494_s02,ins_u_0494_009,"{""feature"": ""insights""}",v2.2.0-healthy
evt_002673,u_0116,signup_completed,2026-06-06T09:04:00Z,u_0116_s01,ins_u_0116_002,{},v2.2.0-healthy
evt_002674,u_0275,profile_saved,2026-06-06T09:04:00Z,u_0275_s01,ins_u_0275_003,{},v2.2.0-healthy
evt_002675,u_0738,signup_completed,2026-06-06T09:04:00Z,u_0738_s01,ins_u_0738_002,{},v2.2.0-healthy
evt_002676,u_0750,signup_started,2026-06-06T09:04:00Z,u_0750_s01,ins_u_0750_001,{},v2.2.0-healthy
evt_002677,u_0739,signup_started,2026-06-06T09:06:00Z,u_0739_s01,ins_u_0739_001,{},v2.2.0-healthy
evt_002678,u_0275,onboarding_step_viewed,2026-06-06T09:08:00Z,u_0275_s01,ins_u_0275_004,{},v2.2.0-healthy
evt_002679,u_0333,feature_used,2026-06-06T09:08:00Z,u_0333_s01,ins_u_0333_005,"{""feature"": ""insights""}",v2.2.0-healthy
evt_002680,u_0750,signup_completed,2026-06-06T09:08:00Z,u_0750_s01,ins_u_0750_002,{},v2.2.0-healthy
evt_002681,u_0379,profile_saved,2026-06-06T09:10:00Z,u_0379_s01,ins_u_0379_003,{},v2.2.0-healthy
evt_002682,u_0739,signup_completed,2026-06-06T09:10:00Z,u_0739_s01,ins_u_0739_002,{},v2.2.0-healthy
evt_002683,u_0116,profile_saved,2026-06-06T09:12:00Z,u_0116_s01,ins_u_0116_003,{},v2.2.0-healthy
evt_002684,u_0333,onboarding_completed,2026-06-06T09:12:00Z,u_0333_s01,ins_u_0333_006,"{""completed_at"": ""2026-06-06T09:14:00Z""}",v2.2.0-healthy
evt_002685,u_0066,signup_started,2026-06-06T09:13:00Z,u_0066_s01,ins_u_0066_001,{},v2.2.0-healthy
evt_002686,u_0738,profile_saved,2026-06-06T09:13:00Z,u_0738_s01,ins_u_0738_003,{},v2.2.0-healthy
evt_002687,u_0012,onboarding_completed,2026-06-06T09:14:00Z,u_0012_s01,ins_u_0012_006,"{""completed_at"": ""2026-06-06T09:12:00Z""}",v2.2.0-healthy
evt_002688,u_0379,onboarding_step_viewed,2026-06-06T09:16:00Z,u_0379_s01,ins_u_0379_004,{},v2.2.0-healthy
evt_002689,u_0116,onboarding_step_viewed,2026-06-06T09:17:00Z,u_0116_s01,ins_u_0116_004,{},v2.2.0-healthy
evt_002690,u_0739,profile_saved,2026-06-06T09:17:00Z,u_0739_s01,ins_u_0739_003,{},v2.2.0-healthy
evt_002691,u_0066,signup_completed,2026-06-06T09:18:00Z,u_0066_s01,ins_u_0066_002,{},v2.2.0-healthy
evt_002692,u_0750,profile_saved,2026-06-06T09:18:00Z,u_0750_s01,ins_u_0750_003,{},v2.2.0-healthy
evt_002693,u_0738,onboarding_step_viewed,2026-06-06T09:19:00Z,u_0738_s01,ins_u_0738_004,{},v2.2.0-healthy
evt_002694,u_0275,feature_used,2026-06-06T09:21:00Z,u_0275_s01,ins_u_0275_005,"{""feature"": ""insights""}",v2.2.0-healthy
evt_002695,u_0498,signup_started,2026-06-06T09:24:00Z,u_0498_s01,ins_u_0498_001,{},v2.2.0-healthy
evt_002696,u_0750,onboarding_step_viewed,2026-06-06T09:24:00Z,u_0750_s01,ins_u_0750_004,{},v2.2.0-healthy
evt_002697,u_0379,feature_used,2026-06-06T09:25:00Z,u_0379_s01,ins_u_0379_005,"{""feature"": ""insights""}",v2.2.0-healthy
evt_002698,u_0750,feature_used,2026-06-06T09:25:00Z,u_0750_s01,ins_u_0750_005,"{""feature"": ""board""}",v2.2.0-healthy
evt_002699,u_0066,session_abandoned,2026-06-06T09:26:00Z,u_0066_s01,ins_u_0066_003,{},v2.2.0-healthy
evt_002700,u_0204,onboarding_completed,2026-06-06T09:30:00Z,u_0204_s01,ins_u_0204_005,"{""completed_at"": ""2026-06-06T09:32:00Z""}",v2.2.0-healthy
evt_002701,u_0498,signup_completed,2026-06-06T09:30:00Z,u_0498_s01,ins_u_0498_002,{},v2.2.0-healthy
evt_002702,u_0331,activation_completed,2026-06-06T09:32:00Z,u_0331_s01,ins_u_0331_006,{},v2.2.0-healthy
evt_002703,u_0012,activation_completed,2026-06-06T09:34:00Z,u_0012_s01,ins_u_0012_007,{},v2.2.0-healthy
evt_002704,u_0275,onboarding_completed,2026-06-06T09:37:00Z,u_0275_s01,ins_u_0275_006,"{""completed_at"": ""2026-06-06T09:33:00Z""}",v2.2.0-healthy
evt_002705,u_0498,session_abandoned,2026-06-06T09:37:00Z,u_0498_s01,ins_u_0498_003,{},v2.2.0-healthy
evt_002706,u_0333,activation_completed,2026-06-06T09:38:00Z,u_0333_s01,ins_u_0333_007,{},v2.2.0-healthy
evt_002707,u_0797,signup_started,2026-06-06T09:44:00Z,u_0797_s01,ins_u_0797_001,{},v2.2.0-healthy
evt_002708,u_0683,activation_completed,2026-06-06T09:46:00Z,u_0683_s01,ins_u_0683_006,{},v2.2.0-healthy
evt_002709,u_0624,signup_started,2026-06-06T09:47:00Z,u_0624_s01,ins_u_0624_001,{},v2.2.0-healthy
evt_002710,u_0531,signup_started,2026-06-06T09:49:00Z,u_0531_s01,ins_u_0531_001,{},v2.2.0-healthy
evt_002711,u_0797,session_abandoned,2026-06-06T09:50:00Z,u_0797_s01,ins_u_0797_002,{},v2.2.0-healthy
evt_002712,u_0738,onboarding_completed,2026-06-06T09:51:00Z,u_0738_s01,ins_u_0738_005,"{""completed_at"": ""2026-06-06T09:51:00Z""}",v2.2.0-healthy
evt_002713,u_0531,session_abandoned,2026-06-06T09:52:00Z,u_0531_s01,ins_u_0531_002,{},v2.2.0-healthy
evt_002714,u_0116,onboarding_completed,2026-06-06T09:53:00Z,u_0116_s01,ins_u_0116_005,"{""completed_at"": ""2026-06-06T09:38:00Z""}",v2.2.0-healthy
evt_002715,u_0624,signup_completed,2026-06-06T09:53:00Z,u_0624_s01,ins_u_0624_002,{},v2.2.0-healthy
evt_002716,u_0671,signup_started,2026-06-06T09:54:00Z,u_0671_s01,ins_u_0671_001,{},v2.2.0-healthy
evt_002717,u_0750,onboarding_completed,2026-06-06T09:56:00Z,u_0750_s01,ins_u_0750_006,"{""completed_at"": ""2026-06-06T09:54:00Z""}",v2.2.0-healthy
evt_002718,u_0624,profile_saved,2026-06-06T09:57:00Z,u_0624_s01,ins_u_0624_003,{},v2.2.0-healthy
evt_002719,u_0671,signup_completed,2026-06-06T09:58:00Z,u_0671_s01,ins_u_0671_002,{},v2.2.0-healthy
evt_002720,u_0739,onboarding_completed,2026-06-06T09:59:00Z,u_0739_s01,ins_u_0739_004,"{""completed_at"": ""2026-06-06T09:54:00Z""}",v2.2.0-healthy
evt_002721,u_0624,onboarding_step_viewed,2026-06-06T10:01:00Z,u_0624_s01,ins_u_0624_004,{},v2.2.0-healthy
evt_002722,u_0385,signup_started,2026-06-06T10:03:00Z,u_0385_s01,ins_u_0385_001,{},v2.2.0-healthy
evt_002723,u_0671,profile_saved,2026-06-06T10:03:00Z,u_0671_s01,ins_u_0671_003,{},v2.2.0-healthy
evt_002724,u_0784,signup_started,2026-06-06T10:04:00Z,u_0784_s01,ins_u_0784_001,{},v2.2.0-healthy
evt_002725,u_0385,signup_completed,2026-06-06T10:05:00Z,u_0385_s01,ins_u_0385_002,{},v2.2.0-healthy
evt_002726,u_0671,onboarding_step_viewed,2026-06-06T10:07:00Z,u_0671_s01,ins_u_0671_004,{},v2.2.0-healthy
evt_002727,u_0784,session_abandoned,2026-06-06T10:09:00Z,u_0784_s01,ins_u_0784_002,{},v2.2.0-healthy
evt_002728,u_0624,feature_used,2026-06-06T10:10:00Z,u_0624_s01,ins_u_0624_005,"{""feature"": ""board""}",v2.2.0-healthy
evt_002729,u_0385,session_abandoned,2026-06-06T10:11:00Z,u_0385_s01,ins_u_0385_003,{},v2.2.0-healthy
evt_002730,u_0116,activation_completed,2026-06-06T10:24:00Z,u_0116_s01,ins_u_0116_006,{},v2.2.0-healthy
evt_002731,u_0397,signup_started,2026-06-06T10:28:00Z,u_0397_s01,ins_u_0397_001,{},v2.2.0-healthy
evt_002732,u_0750,activation_completed,2026-06-06T10:30:00Z,u_0750_s01,ins_u_0750_007,{},v2.2.0-healthy
evt_002733,u_0327,signup_started,2026-06-06T10:31:00Z,u_0327_s01,ins_u_0327_001,{},v2.2.0-healthy
evt_002734,u_0397,session_abandoned,2026-06-06T10:31:00Z,u_0397_s01,ins_u_0397_002,{},v2.2.0-healthy
evt_002735,u_0482,signup_started,2026-06-06T10:31:00Z,u_0482_s01,ins_u_0482_001,{},v2.2.0-healthy
evt_002736,u_0327,session_abandoned,2026-06-06T10:33:00Z,u_0327_s01,ins_u_0327_002,{},v2.2.0-healthy
evt_002737,u_0482,session_abandoned,2026-06-06T10:36:00Z,u_0482_s01,ins_u_0482_002,{},v2.2.0-healthy
evt_002738,u_0624,onboarding_completed,2026-06-06T10:37:00Z,u_0624_s01,ins_u_0624_006,"{""completed_at"": ""2026-06-06T10:23:00Z""}",v2.2.0-healthy
evt_002739,u_0519,signup_started,2026-06-06T10:42:00Z,u_0519_s01,ins_u_0519_001,{},v2.2.0-healthy
evt_002740,u_0671,onboarding_completed,2026-06-06T10:44:00Z,u_0671_s01,ins_u_0671_005,"{""completed_at"": ""2026-06-06T10:39:00Z""}",v2.2.0-healthy
evt_002741,u_0519,signup_completed,2026-06-06T10:49:00Z,u_0519_s01,ins_u_0519_002,{},v2.2.0-healthy
evt_002742,u_0092,signup_started,2026-06-06T10:54:00Z,u_0092_s01,ins_u_0092_001,{},v2.2.0-healthy
evt_002743,u_0519,session_abandoned,2026-06-06T10:58:00Z,u_0519_s01,ins_u_0519_003,{},v2.2.0-healthy
evt_002744,u_0092,signup_completed,2026-06-06T11:00:00Z,u_0092_s01,ins_u_0092_002,{},v2.2.0-healthy
evt_002745,u_0092,session_abandoned,2026-06-06T11:08:00Z,u_0092_s01,ins_u_0092_003,{},v2.2.0-healthy
evt_002746,u_0671,activation_completed,2026-06-06T11:15:00Z,u_0671_s01,ins_u_0671_006,{},v2.2.0-healthy
evt_002747,u_0624,activation_completed,2026-06-06T11:17:00Z,u_0624_s01,ins_u_0624_007,{},v2.2.0-healthy
evt_002748,u_0146,signup_started,2026-06-06T11:27:00Z,u_0146_s01,ins_u_0146_001,{},v2.2.0-healthy
evt_002749,u_0146,signup_completed,2026-06-06T11:33:00Z,u_0146_s01,ins_u_0146_002,{},v2.2.0-healthy
evt_002750,u_0146,profile_saved,2026-06-06T11:36:00Z,u_0146_s01,ins_u_0146_003,{},v2.2.0-healthy
evt_002751,u_0146,onboarding_step_viewed,2026-06-06T11:39:00Z,u_0146_s01,ins_u_0146_004,{},v2.2.0-healthy
evt_002752,u_0082,signup_started,2026-06-06T11:46:00Z,u_0082_s01,ins_u_0082_001,{},v2.2.0-healthy
evt_002753,u_0765,signup_started,2026-06-06T11:50:00Z,u_0765_s01,ins_u_0765_001,{},v2.2.0-healthy
evt_002754,u_0082,session_abandoned,2026-06-06T11:51:00Z,u_0082_s01,ins_u_0082_002,{},v2.2.0-healthy
evt_002755,u_0654,signup_started,2026-06-06T11:55:00Z,u_0654_s01,ins_u_0654_001,{},v2.2.0-healthy
evt_002756,u_0742,signup_started,2026-06-06T11:55:00Z,u_0742_s01,ins_u_0742_001,{},v2.2.0-healthy
evt_002757,u_0777,signup_started,2026-06-06T11:55:00Z,u_0777_s01,ins_u_0777_001,{},v2.2.0-healthy
evt_002758,u_0146,feature_used,2026-06-06T11:57:00Z,u_0146_s01,ins_u_0146_005,"{""feature"": ""board""}",v2.2.0-healthy
evt_002759,u_0655,signup_started,2026-06-06T11:57:00Z,u_0655_s01,ins_u_0655_001,{},v2.2.0-healthy
evt_002760,u_0742,signup_completed,2026-06-06T11:57:00Z,u_0742_s01,ins_u_0742_002,{},v2.2.0-healthy
evt_002761,u_0765,signup_completed,2026-06-06T11:58:00Z,u_0765_s01,ins_u_0765_002,{},v2.2.0-healthy
evt_002762,u_0655,session_abandoned,2026-06-06T12:00:00Z,u_0655_s01,ins_u_0655_002,{},v2.2.0-healthy
evt_002763,u_0777,signup_completed,2026-06-06T12:00:00Z,u_0777_s01,ins_u_0777_002,{},v2.2.0-healthy
evt_002764,u_0654,signup_completed,2026-06-06T12:03:00Z,u_0654_s01,ins_u_0654_002,{},v2.2.0-healthy
evt_002765,u_0742,profile_saved,2026-06-06T12:03:00Z,u_0742_s01,ins_u_0742_003,{},v2.2.0-healthy
evt_002766,u_0516,signup_started,2026-06-06T12:04:00Z,u_0516_s01,ins_u_0516_001,{},v2.2.0-healthy
evt_002767,u_0742,error_shown,2026-06-06T12:04:00Z,u_0742_s01,ins_u_0742_004,"{""code"": ""onboarding_timeout""}",v2.2.0-healthy
evt_002768,u_0146,onboarding_completed,2026-06-06T12:05:00Z,u_0146_s01,ins_u_0146_006,"{""completed_at"": ""2026-06-06T12:05:00Z""}",v2.2.0-healthy
evt_002769,u_0742,onboarding_step_viewed,2026-06-06T12:06:00Z,u_0742_s01,ins_u_0742_005,{},v2.2.0-healthy
evt_002770,u_0765,session_abandoned,2026-06-06T12:06:00Z,u_0765_s01,ins_u_0765_003,{},v2.2.0-healthy
evt_002771,u_0777,profile_saved,2026-06-06T12:07:00Z,u_0777_s01,ins_u_0777_003,{},v2.2.0-healthy
evt_002772,u_0654,profile_saved,2026-06-06T12:08:00Z,u_0654_s01,ins_u_0654_003,{},v2.2.0-healthy
evt_002773,u_0777,onboarding_step_viewed,2026-06-06T12:09:00Z,u_0777_s01,ins_u_0777_004,{},v2.2.0-healthy
evt_002774,u_0516,signup_completed,2026-06-06T12:11:00Z,u_0516_s01,ins_u_0516_002,{},v2.2.0-healthy
evt_002775,u_0654,onboarding_step_viewed,2026-06-06T12:11:00Z,u_0654_s01,ins_u_0654_004,{},v2.2.0-healthy
evt_002776,u_0516,session_abandoned,2026-06-06T12:19:00Z,u_0516_s01,ins_u_0516_003,{},v2.2.0-healthy
evt_002777,u_0324,signup_started,2026-06-06T12:28:00Z,u_0324_s01,ins_u_0324_001,{},v2.2.0-healthy
evt_002778,u_0324,signup_completed,2026-06-06T12:29:00Z,u_0324_s01,ins_u_0324_002,{},v2.2.0-healthy
evt_002779,u_0654,onboarding_completed,2026-06-06T12:34:00Z,u_0654_s01,ins_u_0654_005,"{""completed_at"": ""2026-06-06T12:35:00Z""}",v2.2.0-healthy
evt_002780,u_0324,session_abandoned,2026-06-06T12:35:00Z,u_0324_s01,ins_u_0324_003,{},v2.2.0-healthy
evt_002781,u_0742,onboarding_completed,2026-06-06T12:36:00Z,u_0742_s01,ins_u_0742_006,"{""completed_at"": ""2026-06-06T12:40:00Z""}",v2.2.0-healthy
evt_002782,u_0146,activation_completed,2026-06-06T12:37:00Z,u_0146_s01,ins_u_0146_007,{},v2.2.0-healthy
evt_002783,u_0777,onboarding_completed,2026-06-06T12:47:00Z,u_0777_s01,ins_u_0777_005,"{""completed_at"": ""2026-06-06T12:35:00Z""}",v2.2.0-healthy
evt_002784,u_0558,signup_started,2026-06-06T12:49:00Z,u_0558_s01,ins_u_0558_001,{},v2.2.0-healthy
evt_002785,u_0558,signup_completed,2026-06-06T12:52:00Z,u_0558_s01,ins_u_0558_002,{},v2.2.0-healthy
evt_002786,u_0510,signup_started,2026-06-06T12:53:00Z,u_0510_s01,ins_u_0510_001,{},v2.2.0-healthy
evt_002787,u_0240,signup_started,2026-06-06T12:55:00Z,u_0240_s01,ins_u_0240_001,{},v2.2.0-healthy
evt_002788,u_0742,activation_completed,2026-06-06T12:57:00Z,u_0742_s01,ins_u_0742_007,{},v2.2.0-healthy
evt_002789,u_0558,profile_saved,2026-06-06T12:59:00Z,u_0558_s01,ins_u_0558_003,{},v2.2.0-healthy
evt_002790,u_0510,signup_completed,2026-06-06T13:00:00Z,u_0510_s01,ins_u_0510_002,{},v2.2.0-healthy
evt_002791,u_0240,signup_completed,2026-06-06T13:01:00Z,u_0240_s01,ins_u_0240_002,{},v2.2.0-healthy
evt_002792,u_0558,onboarding_step_viewed,2026-06-06T13:02:00Z,u_0558_s01,ins_u_0558_004,{},v2.2.0-healthy
evt_002793,u_0656,signup_started,2026-06-06T13:02:00Z,u_0656_s01,ins_u_0656_001,{},v2.2.0-healthy
evt_002794,u_0510,profile_saved,2026-06-06T13:03:00Z,u_0510_s01,ins_u_0510_003,{},v2.2.0-healthy
evt_002795,u_0656,signup_completed,2026-06-06T13:03:00Z,u_0656_s01,ins_u_0656_002,{},v2.2.0-healthy
evt_002796,u_0510,error_shown,2026-06-06T13:04:00Z,u_0510_s01,ins_u_0510_004,"{""code"": ""onboarding_timeout""}",v2.2.0-healthy
evt_002797,u_0656,profile_saved,2026-06-06T13:05:00Z,u_0656_s01,ins_u_0656_003,{},v2.2.0-healthy
evt_002798,u_0127,signup_started,2026-06-06T13:06:00Z,u_0127_s01,ins_u_0127_001,{},v2.2.0-healthy
evt_002799,u_0654,activation_completed,2026-06-06T13:07:00Z,u_0654_s01,ins_u_0654_006,{},v2.2.0-healthy
evt_002800,u_0240,session_abandoned,2026-06-06T13:08:00Z,u_0240_s01,ins_u_0240_003,{},v2.2.0-healthy
evt_002801,u_0656,onboarding_step_viewed,2026-06-06T13:11:00Z,u_0656_s01,ins_u_0656_004,{},v2.2.0-healthy
evt_002802,u_0127,signup_completed,2026-06-06T13:12:00Z,u_0127_s01,ins_u_0127_002,{},v2.2.0-healthy
evt_002803,u_0558,feature_used,2026-06-06T13:15:00Z,u_0558_s01,ins_u_0558_005,"{""feature"": ""board""}",v2.2.0-healthy
evt_002804,u_0222,signup_started,2026-06-06T13:16:00Z,u_0222_s01,ins_u_0222_001,{},v2.2.0-healthy
evt_002805,u_0314,signup_started,2026-06-06T13:17:00Z,u_0314_s01,ins_u_0314_001,{},v2.2.0-healthy
evt_002806,u_0127,profile_saved,2026-06-06T13:19:00Z,u_0127_s01,ins_u_0127_003,{},v2.2.0-healthy
evt_002807,u_0222,signup_completed,2026-06-06T13:21:00Z,u_0222_s01,ins_u_0222_002,{},v2.2.0-healthy
evt_002808,u_0745,signup_started,2026-06-06T13:21:00Z,u_0745_s01,ins_u_0745_001,{},v2.2.0-healthy
evt_002809,u_0314,signup_completed,2026-06-06T13:23:00Z,u_0314_s01,ins_u_0314_002,{},v2.2.0-healthy
evt_002810,u_0222,profile_saved,2026-06-06T13:28:00Z,u_0222_s01,ins_u_0222_003,{},v2.2.0-healthy
evt_002811,u_0381,signup_started,2026-06-06T13:28:00Z,u_0381_s01,ins_u_0381_001,{},v2.2.0-healthy
evt_002812,u_0222,error_shown,2026-06-06T13:29:00Z,u_0222_s01,ins_u_0222_004,"{""code"": ""onboarding_timeout""}",v2.2.0-healthy
evt_002813,u_0656,feature_used,2026-06-06T13:29:00Z,u_0656_s01,ins_u_0656_005,"{""feature"": ""board""}",v2.2.0-healthy
evt_002814,u_0745,signup_completed,2026-06-06T13:29:00Z,u_0745_s01,ins_u_0745_002,{},v2.2.0-healthy
evt_002815,u_0314,profile_saved,2026-06-06T13:33:00Z,u_0314_s01,ins_u_0314_003,{},v2.2.0-healthy
evt_002816,u_0381,session_abandoned,2026-06-06T13:33:00Z,u_0381_s01,ins_u_0381_002,{},v2.2.0-healthy
evt_002817,u_0314,onboarding_step_viewed,2026-06-06T13:35:00Z,u_0314_s01,ins_u_0314_004,{},v2.2.0-healthy
evt_002818,u_0745,profile_saved,2026-06-06T13:35:00Z,u_0745_s01,ins_u_0745_003,{},v2.2.0-healthy
evt_002819,u_0127,feature_used,2026-06-06T13:36:00Z,u_0127_s01,ins_u_0127_004,"{""feature"": ""insights""}",v2.2.0-healthy
evt_002820,u_0558,onboarding_completed,2026-06-06T13:38:00Z,u_0558_s01,ins_u_0558_006,"{""completed_at"": ""2026-06-06T13:35:00Z""}",v2.2.0-healthy
evt_002821,u_0441,signup_started,2026-06-06T13:39:00Z,u_0441_s01,ins_u_0441_001,{},v2.2.0-healthy
evt_002822,u_0441,signup_completed,2026-06-06T13:41:00Z,u_0441_s01,ins_u_0441_002,{},v2.2.0-healthy
evt_002823,u_0745,onboarding_step_viewed,2026-06-06T13:41:00Z,u_0745_s01,ins_u_0745_004,{},v2.2.0-healthy
evt_002824,u_0210,signup_started,2026-06-06T13:42:00Z,u_0210_s01,ins_u_0210_001,{},v2.2.0-healthy
evt_002825,u_0210,signup_completed,2026-06-06T13:43:00Z,u_0210_s01,ins_u_0210_002,{},v2.2.0-healthy
evt_002826,u_0510,onboarding_completed,2026-06-06T13:45:00Z,u_0510_s01,ins_u_0510_005,"{""completed_at"": ""2026-06-06T13:32:00Z""}",v2.2.0-healthy
evt_002827,u_0127,onboarding_completed,2026-06-06T13:46:00Z,u_0127_s01,ins_u_0127_005,"{""completed_at"": ""2026-06-06T13:56:00Z""}",v2.2.0-healthy
evt_002828,u_0283,signup_started,2026-06-06T13:48:00Z,u_0283_s01,ins_u_0283_001,{},v2.2.0-healthy
evt_002829,u_0222,feature_used,2026-06-06T13:49:00Z,u_0222_s01,ins_u_0222_005,"{""feature"": ""board""}",v2.2.0-healthy
evt_002830,u_0283,session_abandoned,2026-06-06T13:49:00Z,u_0283_s01,ins_u_0283_002,{},v2.2.0-healthy
evt_002831,u_0210,session_abandoned,2026-06-06T13:50:00Z,u_0210_s01,ins_u_0210_003,{},v2.2.0-healthy
evt_002832,u_0441,session_abandoned,2026-06-06T13:50:00Z,u_0441_s01,ins_u_0441_003,{},v2.2.0-healthy
evt_002833,u_0524,signup_started,2026-06-06T13:55:00Z,u_0524_s01,ins_u_0524_001,{},v2.2.0-healthy
evt_002834,u_0524,signup_completed,2026-06-06T13:56:00Z,u_0524_s01,ins_u_0524_002,{},v2.2.0-healthy
evt_002835,u_0745,feature_used,2026-06-06T13:59:00Z,u_0745_s01,ins_u_0745_005,"{""feature"": ""insights""}",v2.2.0-healthy
evt_002836,u_0524,profile_saved,2026-06-06T14:00:00Z,u_0524_s01,ins_u_0524_003,{},v2.2.0-healthy
evt_002837,u_0558,activation_completed,2026-06-06T14:00:00Z,u_0558_s01,ins_u_0558_007,{},v2.2.0-healthy
evt_002838,u_0656,activation_completed,2026-06-06T14:01:00Z,u_0656_s01,ins_u_0656_006,{},v2.2.0-healthy
evt_002839,u_0222,onboarding_completed,2026-06-06T14:02:00Z,u_0222_s01,ins_u_0222_006,"{""completed_at"": ""2026-06-06T14:02:00Z""}",v2.2.0-healthy
evt_002840,u_0186,signup_started,2026-06-06T14:04:00Z,u_0186_s01,ins_u_0186_001,{},v2.2.0-healthy
evt_002841,u_0524,onboarding_step_viewed,2026-06-06T14:06:00Z,u_0524_s01,ins_u_0524_004,{},v2.2.0-healthy
evt_002842,u_0362,signup_started,2026-06-06T14:08:00Z,u_0362_s01,ins_u_0362_001,{},v2.2.0-healthy
evt_002843,u_0186,signup_completed,2026-06-06T14:09:00Z,u_0186_s01,ins_u_0186_002,{},v2.2.0-healthy
evt_002844,u_0256,signup_started,2026-06-06T14:10:00Z,u_0256_s01,ins_u_0256_001,{},v2.2.0-healthy
evt_002845,u_0745,onboarding_completed,2026-06-06T14:10:00Z,u_0745_s01,ins_u_0745_006,"{""completed_at"": ""2026-06-06T14:10:00Z""}",v2.2.0-healthy
evt_002846,u_0314,onboarding_completed,2026-06-06T14:13:00Z,u_0314_s01,ins_u_0314_005,"{""completed_at"": ""2026-06-06T14:10:00Z""}",v2.2.0-healthy
evt_002847,u_0362,signup_completed,2026-06-06T14:14:00Z,u_0362_s01,ins_u_0362_002,{},v2.2.0-healthy
evt_002848,u_0362,profile_saved,2026-06-06T14:17:00Z,u_0362_s01,ins_u_0362_003,{},v2.2.0-healthy
evt_002849,u_0513,signup_started,2026-06-06T14:17:00Z,u_0513_s01,ins_u_0513_001,{},v2.2.0-healthy
evt_002850,u_0186,profile_saved,2026-06-06T14:18:00Z,u_0186_s01,ins_u_0186_003,{},v2.2.0-healthy
evt_002851,u_0256,signup_completed,2026-06-06T14:18:00Z,u_0256_s01,ins_u_0256_002,{},v2.2.0-healthy
evt_002852,u_0362,onboarding_step_viewed,2026-06-06T14:19:00Z,u_0362_s01,ins_u_0362_004,{},v2.2.0-healthy
evt_002853,u_0524,feature_used,2026-06-06T14:20:00Z,u_0524_s01,ins_u_0524_005,"{""feature"": ""board""}",v2.2.0-healthy
evt_002854,u_0513,signup_completed,2026-06-06T14:22:00Z,u_0513_s01,ins_u_0513_002,{},v2.2.0-healthy
evt_002855,u_0186,onboarding_step_viewed,2026-06-06T14:24:00Z,u_0186_s01,ins_u_0186_004,{},v2.2.0-healthy
evt_002856,u_0256,profile_saved,2026-06-06T14:25:00Z,u_0256_s01,ins_u_0256_003,{},v2.2.0-healthy
evt_002857,u_0798,signup_started,2026-06-06T14:25:00Z,u_0798_s01,ins_u_0798_001,{},v2.2.0-healthy
evt_002858,u_0798,signup_completed,2026-06-06T14:26:00Z,u_0798_s01,ins_u_0798_002,{},v2.2.0-healthy
evt_002859,u_0524,onboarding_completed,2026-06-06T14:27:00Z,u_0524_s01,ins_u_0524_006,"{""completed_at"": ""2026-06-06T14:38:00Z""}",v2.2.0-healthy
evt_002860,u_0513,profile_saved,2026-06-06T14:28:00Z,u_0513_s01,ins_u_0513_003,{},v2.2.0-healthy
evt_002861,u_0256,onboarding_step_viewed,2026-06-06T14:29:00Z,u_0256_s01,ins_u_0256_004,{},v2.2.0-healthy
evt_002862,u_0798,profile_saved,2026-06-06T14:31:00Z,u_0798_s01,ins_u_0798_003,{},v2.2.0-healthy
evt_002863,u_0746,signup_started,2026-06-06T14:33:00Z,u_0746_s01,ins_u_0746_001,{},v2.2.0-healthy
evt_002864,u_0256,feature_used,2026-06-06T14:35:00Z,u_0256_s01,ins_u_0256_005,"{""feature"": ""board""}",v2.2.0-healthy
evt_002865,u_0232,signup_started,2026-06-06T14:36:00Z,u_0232_s01,ins_u_0232_001,{},v2.2.0-healthy
evt_002866,u_0186,feature_used,2026-06-06T14:37:00Z,u_0186_s01,ins_u_0186_005,"{""feature"": ""board""}",v2.2.0-healthy
evt_002867,u_0648,signup_started,2026-06-06T14:37:00Z,u_0648_s01,ins_u_0648_001,{},v2.2.0-healthy
evt_002868,u_0798,onboarding_step_viewed,2026-06-06T14:37:00Z,u_0798_s01,ins_u_0798_004,{},v2.2.0-healthy
evt_002869,u_0038,signup_started,2026-06-06T14:39:00Z,u_0038_s01,ins_u_0038_001,{},v2.2.0-healthy
evt_002870,u_0232,session_abandoned,2026-06-06T14:39:00Z,u_0232_s01,ins_u_0232_002,{},v2.2.0-healthy
evt_002871,u_0222,activation_completed,2026-06-06T14:40:00Z,u_0222_s01,ins_u_0222_007,{},v2.2.0-healthy
evt_002872,u_0746,signup_completed,2026-06-06T14:41:00Z,u_0746_s01,ins_u_0746_002,{},v2.2.0-healthy
evt_002873,u_0418,signup_started,2026-06-06T14:42:00Z,u_0418_s01,ins_u_0418_001,{},v2.2.0-healthy
evt_002874,u_0418,signup_completed,2026-06-06T14:43:00Z,u_0418_s01,ins_u_0418_002,{},v2.2.0-healthy
evt_002875,u_0450,signup_started,2026-06-06T14:44:00Z,u_0450_s01,ins_u_0450_001,{},v2.2.0-healthy
evt_002876,u_0038,signup_completed,2026-06-06T14:45:00Z,u_0038_s01,ins_u_0038_002,{},v2.2.0-healthy
evt_002877,u_0648,signup_completed,2026-06-06T14:45:00Z,u_0648_s01,ins_u_0648_002,{},v2.2.0-healthy
evt_002878,u_0186,onboarding_completed,2026-06-06T14:47:00Z,u_0186_s01,ins_u_0186_006,"{""completed_at"": ""2026-06-06T14:58:00Z""}",v2.2.0-healthy
evt_002879,u_0513,feature_used,2026-06-06T14:47:00Z,u_0513_s01,ins_u_0513_004,"{""feature"": ""insights""}",v2.2.0-healthy
evt_002880,u_0169,signup_started,2026-06-06T14:48:00Z,u_0169_s01,ins_u_0169_001,{},v2.2.0-healthy
evt_002881,u_0746,profile_saved,2026-06-06T14:48:00Z,u_0746_s01,ins_u_0746_003,{},v2.2.0-healthy
evt_002882,u_0038,profile_saved,2026-06-06T14:49:00Z,u_0038_s01,ins_u_0038_003,{},v2.2.0-healthy
evt_002883,u_0038,error_shown,2026-06-06T14:50:00Z,u_0038_s01,ins_u_0038_004,"{""code"": ""onboarding_timeout""}",v2.2.0-healthy
evt_002884,u_0418,profile_saved,2026-06-06T14:51:00Z,u_0418_s01,ins_u_0418_003,{},v2.2.0-healthy
evt_002885,u_0137,signup_started,2026-06-06T14:52:00Z,u_0137_s01,ins_u_0137_001,{},v2.2.0-healthy
evt_002886,u_0418,error_shown,2026-06-06T14:52:00Z,u_0418_s01,ins_u_0418_004,"{""code"": ""onboarding_timeout""}",v2.2.0-healthy
evt_002887,u_0450,signup_completed,2026-06-06T14:52:00Z,u_0450_s01,ins_u_0450_002,{},v2.2.0-healthy
evt_002888,u_0746,onboarding_step_viewed,2026-06-06T14:52:00Z,u_0746_s01,ins_u_0746_004,{},v2.2.0-healthy
evt_002889,u_0169,signup_completed,2026-06-06T14:54:00Z,u_0169_s01,ins_u_0169_002,{},v2.2.0-healthy
evt_002890,u_0450,profile_saved,2026-06-06T14:54:00Z,u_0450_s01,ins_u_0450_003,{},v2.2.0-healthy
evt_002891,u_0523,signup_started,2026-06-06T14:54:00Z,u_0523_s01,ins_u_0523_001,{},v2.2.0-healthy
evt_002892,u_0648,profile_saved,2026-06-06T14:54:00Z,u_0648_s01,ins_u_0648_003,{},v2.2.0-healthy
evt_002893,u_0450,error_shown,2026-06-06T14:55:00Z,u_0450_s01,ins_u_0450_004,"{""code"": ""onboarding_timeout""}",v2.2.0-healthy
evt_002894,u_0746,feature_used,2026-06-06T14:56:00Z,u_0746_s01,ins_u_0746_005,"{""feature"": ""board""}",v2.2.0-healthy
evt_002895,u_0137,signup_completed,2026-06-06T14:57:00Z,u_0137_s01,ins_u_0137_002,{},v2.2.0-healthy
evt_002896,u_0169,profile_saved,2026-06-06T14:58:00Z,u_0169_s01,ins_u_0169_003,{},v2.2.0-healthy
evt_002897,u_0523,signup_completed,2026-06-06T14:58:00Z,u_0523_s01,ins_u_0523_002,{},v2.2.0-healthy
evt_002898,u_0648,onboarding_step_viewed,2026-06-06T14:59:00Z,u_0648_s01,ins_u_0648_004,{},v2.2.0-healthy
evt_002899,u_0450,onboarding_step_viewed,2026-06-06T15:00:00Z,u_0450_s01,ins_u_0450_005,{},v2.2.0-healthy
evt_002900,u_0169,onboarding_step_viewed,2026-06-06T15:01:00Z,u_0169_s01,ins_u_0169_004,{},v2.2.0-healthy
evt_002901,u_0254,signup_started,2026-06-06T15:01:00Z,u_0254_s01,ins_u_0254_001,{},v2.2.0-healthy
evt_002902,u_0362,onboarding_completed,2026-06-06T15:01:00Z,u_0362_s01,ins_u_0362_005,"{""completed_at"": ""2026-06-06T14:56:00Z""}",v2.2.0-healthy
evt_002903,u_0525,signup_started,2026-06-06T15:01:00Z,u_0525_s01,ins_u_0525_001,{},v2.2.0-healthy
evt_002904,u_0362,activation_completed,2026-06-06T15:03:00Z,u_0362_s01,ins_u_0362_006,{},v2.2.0-healthy
evt_002905,u_0744,signup_started,2026-06-06T15:03:00Z,u_0744_s01,ins_u_0744_001,{},v2.2.0-healthy
evt_002906,u_0137,profile_saved,2026-06-06T15:04:00Z,u_0137_s01,ins_u_0137_003,{},v2.2.0-healthy
evt_002907,u_0137,error_shown,2026-06-06T15:05:00Z,u_0137_s01,ins_u_0137_004,"{""code"": ""onboarding_timeout""}",v2.2.0-healthy
evt_002908,u_0254,signup_completed,2026-06-06T15:05:00Z,u_0254_s01,ins_u_0254_002,{},v2.2.0-healthy
evt_002909,u_0256,onboarding_completed,2026-06-06T15:06:00Z,u_0256_s01,ins_u_0256_006,"{""completed_at"": ""2026-06-06T14:52:00Z""}",v2.2.0-healthy
evt_002910,u_0744,signup_completed,2026-06-06T15:06:00Z,u_0744_s01,ins_u_0744_002,{},v2.2.0-healthy
evt_002911,u_0525,signup_completed,2026-06-06T15:07:00Z,u_0525_s01,ins_u_0525_002,{},v2.2.0-healthy
evt_002912,u_0523,profile_saved,2026-06-06T15:08:00Z,u_0523_s01,ins_u_0523_003,{},v2.2.0-healthy
evt_002913,u_0648,feature_used,2026-06-06T15:08:00Z,u_0648_s01,ins_u_0648_005,"{""feature"": ""board""}",v2.2.0-healthy
evt_002914,u_0137,onboarding_step_viewed,2026-06-06T15:09:00Z,u_0137_s01,ins_u_0137_005,{},v2.2.0-healthy
evt_002915,u_0169,feature_used,2026-06-06T15:09:00Z,u_0169_s01,ins_u_0169_005,"{""feature"": ""insights""}",v2.2.0-healthy
evt_002916,u_0254,session_abandoned,2026-06-06T15:09:00Z,u_0254_s01,ins_u_0254_003,{},v2.2.0-healthy
evt_002917,u_0513,onboarding_completed,2026-06-06T15:11:00Z,u_0513_s01,ins_u_0513_005,"{""completed_at"": ""2026-06-06T14:55:00Z""}",v2.2.0-healthy
evt_002918,u_0744,session_abandoned,2026-06-06T15:12:00Z,u_0744_s01,ins_u_0744_003,{},v2.2.0-healthy
evt_002919,u_0038,feature_used,2026-06-06T15:14:00Z,u_0038_s01,ins_u_0038_005,"{""feature"": ""board""}",v2.2.0-healthy
evt_002920,u_0450,feature_used,2026-06-06T15:14:00Z,u_0450_s01,ins_u_0450_006,"{""feature"": ""board""}",v2.2.0-healthy
evt_002921,u_0523,onboarding_step_viewed,2026-06-06T15:14:00Z,u_0523_s01,ins_u_0523_004,{},v2.2.0-healthy
evt_002922,u_0798,onboarding_completed,2026-06-06T15:15:00Z,u_0798_s01,ins_u_0798_005,"{""completed_at"": ""2026-06-06T14:57:00Z""}",v2.2.0-healthy
evt_002923,u_0525,profile_saved,2026-06-06T15:16:00Z,u_0525_s01,ins_u_0525_003,{},v2.2.0-healthy
evt_002924,u_0798,activation_completed,2026-06-06T15:20:00Z,u_0798_s01,ins_u_0798_006,{},v2.2.0-healthy
evt_002925,u_0038,onboarding_completed,2026-06-06T15:21:00Z,u_0038_s01,ins_u_0038_006,"{""completed_at"": ""2026-06-06T15:29:00Z""}",v2.2.0-healthy
evt_002926,u_0525,onboarding_step_viewed,2026-06-06T15:21:00Z,u_0525_s01,ins_u_0525_004,{},v2.2.0-healthy
evt_002927,u_0523,feature_used,2026-06-06T15:22:00Z,u_0523_s01,ins_u_0523_005,"{""feature"": ""insights""}",v2.2.0-healthy
evt_002928,u_0163,signup_started,2026-06-06T15:24:00Z,u_0163_s01,ins_u_0163_001,{},v2.2.0-healthy
evt_002929,u_0648,onboarding_completed,2026-06-06T15:24:00Z,u_0648_s01,ins_u_0648_006,"{""completed_at"": ""2026-06-06T15:26:00Z""}",v2.2.0-healthy
evt_002930,u_0163,session_abandoned,2026-06-06T15:25:00Z,u_0163_s01,ins_u_0163_002,{},v2.2.0-healthy
evt_002931,u_0525,feature_used,2026-06-06T15:28:00Z,u_0525_s01,ins_u_0525_005,"{""feature"": ""insights""}",v2.2.0-healthy
evt_002932,u_0418,onboarding_completed,2026-06-06T15:29:00Z,u_0418_s01,ins_u_0418_005,"{""completed_at"": ""2026-06-06T15:24:00Z""}",v2.2.0-healthy
evt_002933,u_0169,onboarding_completed,2026-06-06T15:31:00Z,u_0169_s01,ins_u_0169_006,"{""completed_at"": ""2026-06-06T15:34:00Z""}",v2.2.0-healthy
evt_002934,u_0724,signup_started,2026-06-06T15:36:00Z,u_0724_s01,ins_u_0724_001,{},v2.2.0-healthy
evt_002935,u_0450,onboarding_completed,2026-06-06T15:37:00Z,u_0450_s01,ins_u_0450_007,"{""completed_at"": ""2026-06-06T15:23:00Z""}",v2.2.0-healthy
evt_002936,u_0513,activation_completed,2026-06-06T15:37:00Z,u_0513_s01,ins_u_0513_006,{},v2.2.0-healthy
evt_002937,u_0724,signup_completed,2026-06-06T15:41:00Z,u_0724_s01,ins_u_0724_002,{},v2.2.0-healthy
evt_002938,u_0137,onboarding_completed,2026-06-06T15:44:00Z,u_0137_s01,ins_u_0137_006,"{""completed_at"": ""2026-06-06T15:41:00Z""}",v2.2.0-healthy
evt_002939,u_0724,session_abandoned,2026-06-06T15:47:00Z,u_0724_s01,ins_u_0724_003,{},v2.2.0-healthy
evt_002940,u_0525,onboarding_completed,2026-06-06T15:48:00Z,u_0525_s01,ins_u_0525_006,"{""completed_at"": ""2026-06-06T15:43:00Z""}",v2.2.0-healthy
evt_002941,u_0178,signup_started,2026-06-06T15:49:00Z,u_0178_s01,ins_u_0178_001,{},v2.2.0-healthy
evt_002942,u_0248,signup_started,2026-06-06T15:49:00Z,u_0248_s01,ins_u_0248_001,{},v2.2.0-healthy
evt_002943,u_0248,signup_completed,2026-06-06T15:51:00Z,u_0248_s01,ins_u_0248_002,{},v2.2.0-healthy
evt_002944,u_0523,onboarding_completed,2026-06-06T15:51:00Z,u_0523_s01,ins_u_0523_006,"{""completed_at"": ""2026-06-06T15:35:00Z""}",v2.2.0-healthy
evt_002945,u_0696,signup_started,2026-06-06T15:53:00Z,u_0696_s01,ins_u_0696_001,{},v2.2.0-healthy
evt_002946,u_0137,activation_completed,2026-06-06T15:54:00Z,u_0137_s01,ins_u_0137_007,{},v2.2.0-healthy
evt_002947,u_0375,signup_started,2026-06-06T15:54:00Z,u_0375_s01,ins_u_0375_001,{},v2.2.0-healthy
evt_002948,u_0178,signup_completed,2026-06-06T15:55:00Z,u_0178_s01,ins_u_0178_002,{},v2.2.0-healthy
evt_002949,u_0248,profile_saved,2026-06-06T15:55:00Z,u_0248_s01,ins_u_0248_003,{},v2.2.0-healthy
evt_002950,u_0248,error_shown,2026-06-06T15:56:00Z,u_0248_s01,ins_u_0248_004,"{""code"": ""onboarding_timeout""}",v2.2.0-healthy
evt_002951,u_0418,activation_completed,2026-06-06T15:57:00Z,u_0418_s01,ins_u_0418_006,{},v2.2.0-healthy
evt_002952,u_0696,signup_completed,2026-06-06T15:57:00Z,u_0696_s01,ins_u_0696_002,{},v2.2.0-healthy
evt_002953,u_0248,onboarding_step_viewed,2026-06-06T15:58:00Z,u_0248_s01,ins_u_0248_005,{},v2.2.0-healthy
evt_002954,u_0178,session_abandoned,2026-06-06T16:01:00Z,u_0178_s01,ins_u_0178_003,{},v2.2.0-healthy
evt_002955,u_0567,signup_started,2026-06-06T16:01:00Z,u_0567_s01,ins_u_0567_001,{},v2.2.0-healthy
evt_002956,u_0375,session_abandoned,2026-06-06T16:02:00Z,u_0375_s01,ins_u_0375_002,{},v2.2.0-healthy
evt_002957,u_0567,signup_completed,2026-06-06T16:03:00Z,u_0567_s01,ins_u_0567_002,{},v2.2.0-healthy
evt_002958,u_0696,profile_saved,2026-06-06T16:05:00Z,u_0696_s01,ins_u_0696_003,{},v2.2.0-healthy
evt_002959,u_0567,session_abandoned,2026-06-06T16:07:00Z,u_0567_s01,ins_u_0567_003,{},v2.2.0-healthy
evt_002960,u_0378,signup_started,2026-06-06T16:10:00Z,u_0378_s01,ins_u_0378_001,{},v2.2.0-healthy
evt_002961,u_0696,onboarding_step_viewed,2026-06-06T16:10:00Z,u_0696_s01,ins_u_0696_004,{},v2.2.0-healthy
evt_002962,u_0525,activation_completed,2026-06-06T16:11:00Z,u_0525_s01,ins_u_0525_007,{},v2.2.0-healthy
evt_002963,u_0225,signup_started,2026-06-06T16:16:00Z,u_0225_s01,ins_u_0225_001,{},v2.2.0-healthy
evt_002964,u_0225,signup_completed,2026-06-06T16:17:00Z,u_0225_s01,ins_u_0225_002,{},v2.2.0-healthy
evt_002965,u_0378,session_abandoned,2026-06-06T16:18:00Z,u_0378_s01,ins_u_0378_002,{},v2.2.0-healthy
evt_002966,u_0225,profile_saved,2026-06-06T16:19:00Z,u_0225_s01,ins_u_0225_003,{},v2.2.0-healthy
evt_002967,u_0225,onboarding_step_viewed,2026-06-06T16:24:00Z,u_0225_s01,ins_u_0225_004,{},v2.2.0-healthy
evt_002968,u_0580,signup_started,2026-06-06T16:24:00Z,u_0580_s01,ins_u_0580_001,{},v2.2.0-healthy
evt_002969,u_0373,signup_started,2026-06-06T16:27:00Z,u_0373_s01,ins_u_0373_001,{},v2.2.0-healthy
evt_002970,u_0580,signup_completed,2026-06-06T16:27:00Z,u_0580_s01,ins_u_0580_002,{},v2.2.0-healthy
evt_002971,u_0225,feature_used,2026-06-06T16:29:00Z,u_0225_s01,ins_u_0225_005,"{""feature"": ""insights""}",v2.2.0-healthy
evt_002972,u_0566,signup_started,2026-06-06T16:33:00Z,u_0566_s01,ins_u_0566_001,{},v2.2.0-healthy
evt_002973,u_0580,session_abandoned,2026-06-06T16:33:00Z,u_0580_s01,ins_u_0580_003,{},v2.2.0-healthy
evt_002974,u_0067,signup_started,2026-06-06T16:34:00Z,u_0067_s01,ins_u_0067_001,{},v2.2.0-healthy
evt_002975,u_0373,signup_completed,2026-06-06T16:34:00Z,u_0373_s01,ins_u_0373_002,{},v2.2.0-healthy
evt_002976,u_0583,signup_started,2026-06-06T16:34:00Z,u_0583_s01,ins_u_0583_001,{},v2.2.0-healthy
evt_002977,u_0583,signup_completed,2026-06-06T16:35:00Z,u_0583_s01,ins_u_0583_002,{},v2.2.0-healthy
evt_002978,u_0320,signup_started,2026-06-06T16:39:00Z,u_0320_s01,ins_u_0320_001,{},v2.2.0-healthy
evt_002979,u_0566,signup_completed,2026-06-06T16:39:00Z,u_0566_s01,ins_u_0566_002,{},v2.2.0-healthy
evt_002980,u_0373,profile_saved,2026-06-06T16:40:00Z,u_0373_s01,ins_u_0373_003,{},v2.2.0-healthy
evt_002981,u_0373,error_shown,2026-06-06T16:41:00Z,u_0373_s01,ins_u_0373_004,"{""code"": ""onboarding_timeout""}",v2.2.0-healthy
evt_002982,u_0067,signup_completed,2026-06-06T16:42:00Z,u_0067_s01,ins_u_0067_002,{},v2.2.0-healthy
evt_002983,u_0320,signup_completed,2026-06-06T16:42:00Z,u_0320_s01,ins_u_0320_002,{},v2.2.0-healthy
evt_002984,u_0566,profile_saved,2026-06-06T16:42:00Z,u_0566_s01,ins_u_0566_003,{},v2.2.0-healthy
evt_002985,u_0373,onboarding_step_viewed,2026-06-06T16:43:00Z,u_0373_s01,ins_u_0373_005,{},v2.2.0-healthy
evt_002986,u_0583,session_abandoned,2026-06-06T16:44:00Z,u_0583_s01,ins_u_0583_003,{},v2.2.0-healthy
evt_002987,u_0566,onboarding_step_viewed,2026-06-06T16:45:00Z,u_0566_s01,ins_u_0566_004,{},v2.2.0-healthy
evt_002988,u_0696,onboarding_completed,2026-06-06T16:45:00Z,u_0696_s01,ins_u_0696_005,"{""completed_at"": ""2026-06-06T16:45:00Z""}",v2.2.0-healthy
evt_002989,u_0067,profile_saved,2026-06-06T16:48:00Z,u_0067_s01,ins_u_0067_003,{},v2.2.0-healthy
evt_002990,u_0320,profile_saved,2026-06-06T16:49:00Z,u_0320_s01,ins_u_0320_003,{},v2.2.0-healthy
evt_002991,u_0304,signup_started,2026-06-06T16:51:00Z,u_0304_s01,ins_u_0304_001,{},v2.2.0-healthy
evt_002992,u_0067,onboarding_step_viewed,2026-06-06T16:52:00Z,u_0067_s01,ins_u_0067_004,{},v2.2.0-healthy
evt_002993,u_0320,onboarding_step_viewed,2026-06-06T16:53:00Z,u_0320_s01,ins_u_0320_004,{},v2.2.0-healthy
evt_002994,u_0602,signup_started,2026-06-06T16:55:00Z,u_0602_s01,ins_u_0602_001,{},v2.2.0-healthy
evt_002995,u_0093,signup_started,2026-06-06T16:58:00Z,u_0093_s01,ins_u_0093_001,{},v2.2.0-healthy
evt_002996,u_0067,feature_used,2026-06-06T16:59:00Z,u_0067_s01,ins_u_0067_005,"{""feature"": ""insights""}",v2.2.0-healthy
evt_002997,u_0304,session_abandoned,2026-06-06T16:59:00Z,u_0304_s01,ins_u_0304_002,{},v2.2.0-healthy
evt_002998,u_0602,signup_completed,2026-06-06T17:00:00Z,u_0602_s01,ins_u_0602_002,{},v2.2.0-healthy
evt_002999,u_0093,signup_completed,2026-06-06T17:01:00Z,u_0093_s01,ins_u_0093_002,{},v2.2.0-healthy
evt_003000,u_0197,signup_started,2026-06-06T17:03:00Z,u_0197_s01,ins_u_0197_001,{},v2.2.0-healthy
evt_003001,u_0602,profile_saved,2026-06-06T17:05:00Z,u_0602_s01,ins_u_0602_003,{},v2.2.0-healthy
evt_003002,u_0518,signup_started,2026-06-06T17:06:00Z,u_0518_s01,ins_u_0518_001,{},v2.2.0-healthy
evt_003003,u_0566,feature_used,2026-06-06T17:06:00Z,u_0566_s01,ins_u_0566_005,"{""feature"": ""board""}",v2.2.0-healthy
evt_003004,u_0771,signup_started,2026-06-06T17:08:00Z,u_0771_s01,ins_u_0771_001,{},v2.2.0-healthy
evt_003005,u_0197,signup_completed,2026-06-06T17:09:00Z,u_0197_s01,ins_u_0197_002,{},v2.2.0-healthy
evt_003006,u_0093,profile_saved,2026-06-06T17:10:00Z,u_0093_s01,ins_u_0093_003,{},v2.2.0-healthy
evt_003007,u_0518,signup_completed,2026-06-06T17:10:00Z,u_0518_s01,ins_u_0518_002,{},v2.2.0-healthy
evt_003008,u_0602,onboarding_step_viewed,2026-06-06T17:10:00Z,u_0602_s01,ins_u_0602_004,{},v2.2.0-healthy
evt_003009,u_0771,signup_completed,2026-06-06T17:10:00Z,u_0771_s01,ins_u_0771_002,{},v2.2.0-healthy
evt_003010,u_0093,onboarding_step_viewed,2026-06-06T17:13:00Z,u_0093_s01,ins_u_0093_004,{},v2.2.0-healthy
evt_003011,u_0771,session_abandoned,2026-06-06T17:15:00Z,u_0771_s01,ins_u_0771_003,{},v2.2.0-healthy
evt_003012,u_0518,profile_saved,2026-06-06T17:17:00Z,u_0518_s01,ins_u_0518_003,{},v2.2.0-healthy
evt_003013,u_0534,signup_started,2026-06-06T17:17:00Z,u_0534_s01,ins_u_0534_001,{},v2.2.0-healthy
evt_003014,u_0197,session_abandoned,2026-06-06T17:18:00Z,u_0197_s01,ins_u_0197_003,{},v2.2.0-healthy
evt_003015,u_0534,session_abandoned,2026-06-06T17:18:00Z,u_0534_s01,ins_u_0534_002,{},v2.2.0-healthy
evt_003016,u_0518,onboarding_step_viewed,2026-06-06T17:20:00Z,u_0518_s01,ins_u_0518_004,{},v2.2.0-healthy
evt_003017,u_0373,onboarding_completed,2026-06-06T17:21:00Z,u_0373_s01,ins_u_0373_006,"{""completed_at"": ""2026-06-06T17:13:00Z""}",v2.2.0-healthy
evt_003018,u_0696,activation_completed,2026-06-06T17:23:00Z,u_0696_s01,ins_u_0696_006,{},v2.2.0-healthy
evt_003019,u_0225,activation_completed,2026-06-06T17:24:00Z,u_0225_s01,ins_u_0225_006,{},v2.2.0-healthy
evt_003020,u_0566,onboarding_completed,2026-06-06T17:24:00Z,u_0566_s01,ins_u_0566_006,"{""completed_at"": ""2026-06-06T17:19:00Z""}",v2.2.0-healthy
evt_003021,u_0067,onboarding_completed,2026-06-06T17:25:00Z,u_0067_s01,ins_u_0067_006,"{""completed_at"": ""2026-06-06T17:22:00Z""}",v2.2.0-healthy
evt_003022,u_0621,signup_started,2026-06-06T17:27:00Z,u_0621_s01,ins_u_0621_001,{},v2.2.0-healthy
evt_003023,u_0566,activation_completed,2026-06-06T17:33:00Z,u_0566_s01,ins_u_0566_007,{},v2.2.0-healthy
evt_003024,u_0621,signup_completed,2026-06-06T17:33:00Z,u_0621_s01,ins_u_0621_002,{},v2.2.0-healthy
evt_003025,u_0621,profile_saved,2026-06-06T17:40:00Z,u_0621_s01,ins_u_0621_003,{},v2.2.0-healthy
evt_003026,u_0434,signup_started,2026-06-06T17:42:00Z,u_0434_s01,ins_u_0434_001,{},v2.2.0-healthy
evt_003027,u_0621,onboarding_step_viewed,2026-06-06T17:45:00Z,u_0621_s01,ins_u_0621_004,{},v2.2.0-healthy
evt_003028,u_0434,signup_completed,2026-06-06T17:49:00Z,u_0434_s01,ins_u_0434_002,{},v2.2.0-healthy
evt_003029,u_0602,onboarding_completed,2026-06-06T17:49:00Z,u_0602_s01,ins_u_0602_005,"{""completed_at"": ""2026-06-06T17:41:00Z""}",v2.2.0-healthy
evt_003030,u_0518,onboarding_completed,2026-06-06T17:50:00Z,u_0518_s01,ins_u_0518_005,"{""completed_at"": ""2026-06-06T17:48:00Z""}",v2.2.0-healthy
evt_003031,u_0234,signup_started,2026-06-06T17:51:00Z,u_0234_s01,ins_u_0234_001,{},v2.2.0-healthy
evt_003032,u_0093,onboarding_completed,2026-06-06T17:53:00Z,u_0093_s01,ins_u_0093_005,"{""completed_at"": ""2026-06-06T17:50:00Z""}",v2.2.0-healthy
evt_003033,u_0703,signup_started,2026-06-06T17:55:00Z,u_0703_s01,ins_u_0703_001,{},v2.2.0-healthy
evt_003034,u_0234,session_abandoned,2026-06-06T17:58:00Z,u_0234_s01,ins_u_0234_002,{},v2.2.0-healthy
evt_003035,u_0434,session_abandoned,2026-06-06T17:58:00Z,u_0434_s01,ins_u_0434_003,{},v2.2.0-healthy
evt_003036,u_0618,signup_started,2026-06-06T17:59:00Z,u_0618_s01,ins_u_0618_001,{},v2.2.0-healthy
evt_003037,u_0703,signup_completed,2026-06-06T18:01:00Z,u_0703_s01,ins_u_0703_002,{},v2.2.0-healthy
evt_003038,u_0320,activation_completed,2026-06-06T18:02:00Z,u_0320_s01,ins_u_0320_005,{},v2.2.0-healthy
evt_003039,u_0499,signup_started,2026-06-06T18:03:00Z,u_0499_s01,ins_u_0499_001,{},v2.2.0-healthy
evt_003040,u_0602,activation_completed,2026-06-06T18:03:00Z,u_0602_s01,ins_u_0602_006,{},v2.2.0-healthy
evt_003041,u_0499,signup_completed,2026-06-06T18:05:00Z,u_0499_s01,ins_u_0499_002,{},v2.2.0-healthy
evt_003042,u_0618,signup_completed,2026-06-06T18:05:00Z,u_0618_s01,ins_u_0618_002,{},v2.2.0-healthy
evt_003043,u_0336,signup_started,2026-06-06T18:08:00Z,u_0336_s01,ins_u_0336_001,{},v2.2.0-healthy
evt_003044,u_0312,signup_started,2026-06-06T18:11:00Z,u_0312_s01,ins_u_0312_001,{},v2.2.0-healthy
evt_003045,u_0614,signup_started,2026-06-06T18:11:00Z,u_0614_s01,ins_u_0614_001,{},v2.2.0-healthy
evt_003046,u_0618,profile_saved,2026-06-06T18:11:00Z,u_0618_s01,ins_u_0618_003,{},v2.2.0-healthy
evt_003047,u_0703,profile_saved,2026-06-06T18:11:00Z,u_0703_s01,ins_u_0703_003,{},v2.2.0-healthy
evt_003048,u_0073,signup_started,2026-06-06T18:13:00Z,u_0073_s01,ins_u_0073_001,{},v2.2.0-healthy
evt_003049,u_0336,signup_completed,2026-06-06T18:13:00Z,u_0336_s01,ins_u_0336_002,{},v2.2.0-healthy
evt_003050,u_0614,signup_completed,2026-06-06T18:13:00Z,u_0614_s01,ins_u_0614_002,{},v2.2.0-healthy
evt_003051,u_0312,signup_completed,2026-06-06T18:14:00Z,u_0312_s01,ins_u_0312_002,{},v2.2.0-healthy
evt_003052,u_0377,signup_started,2026-06-06T18:14:00Z,u_0377_s01,ins_u_0377_001,{},v2.2.0-healthy
evt_003053,u_0073,signup_completed,2026-06-06T18:15:00Z,u_0073_s01,ins_u_0073_002,{},v2.2.0-healthy
evt_003054,u_0245,signup_started,2026-06-06T18:15:00Z,u_0245_s01,ins_u_0245_001,{},v2.2.0-healthy
evt_003055,u_0499,profile_saved,2026-06-06T18:15:00Z,u_0499_s01,ins_u_0499_003,{},v2.2.0-healthy
evt_003056,u_0621,onboarding_completed,2026-06-06T18:15:00Z,u_0621_s01,ins_u_0621_005,"{""completed_at"": ""2026-06-06T18:13:00Z""}",v2.2.0-healthy
evt_003057,u_0295,signup_started,2026-06-06T18:16:00Z,u_0295_s01,ins_u_0295_001,{},v2.2.0-healthy
evt_003058,u_0618,onboarding_step_viewed,2026-06-06T18:16:00Z,u_0618_s01,ins_u_0618_004,{},v2.2.0-healthy
evt_003059,u_0703,onboarding_step_viewed,2026-06-06T18:16:00Z,u_0703_s01,ins_u_0703_004,{},v2.2.0-healthy
evt_003060,u_0245,session_abandoned,2026-06-06T18:17:00Z,u_0245_s01,ins_u_0245_002,{},v2.2.0-healthy
evt_003061,u_0312,profile_saved,2026-06-06T18:17:00Z,u_0312_s01,ins_u_0312_003,{},v2.2.0-healthy
evt_003062,u_0377,signup_completed,2026-06-06T18:19:00Z,u_0377_s01,ins_u_0377_002,{},v2.2.0-healthy
evt_003063,u_0336,session_abandoned,2026-06-06T18:20:00Z,u_0336_s01,ins_u_0336_003,{},v2.2.0-healthy
evt_003064,u_0614,profile_saved,2026-06-06T18:20:00Z,u_0614_s01,ins_u_0614_003,{},v2.2.0-healthy
evt_003065,u_0021,signup_started,2026-06-06T18:22:00Z,u_0021_s01,ins_u_0021_001,{},v2.2.0-healthy
evt_003066,u_0073,profile_saved,2026-06-06T18:22:00Z,u_0073_s01,ins_u_0073_003,{},v2.2.0-healthy
evt_003067,u_0295,signup_completed,2026-06-06T18:23:00Z,u_0295_s01,ins_u_0295_002,{},v2.2.0-healthy
evt_003068,u_0377,profile_saved,2026-06-06T18:24:00Z,u_0377_s01,ins_u_0377_003,{},v2.2.0-healthy
evt_003069,u_0073,onboarding_step_viewed,2026-06-06T18:25:00Z,u_0073_s01,ins_u_0073_004,{},v2.2.0-healthy
evt_003070,u_0021,signup_completed,2026-06-06T18:26:00Z,u_0021_s01,ins_u_0021_002,{},v2.2.0-healthy
evt_003071,u_0502,signup_started,2026-06-06T18:26:00Z,u_0502_s01,ins_u_0502_001,{},v2.2.0-healthy
evt_003072,u_0043,signup_started,2026-06-06T18:27:00Z,u_0043_s01,ins_u_0043_001,{},v2.2.0-healthy
evt_003073,u_0377,onboarding_step_viewed,2026-06-06T18:29:00Z,u_0377_s01,ins_u_0377_004,{},v2.2.0-healthy
evt_003074,u_0295,profile_saved,2026-06-06T18:30:00Z,u_0295_s01,ins_u_0295_003,{},v2.2.0-healthy
evt_003075,u_0329,signup_started,2026-06-06T18:30:00Z,u_0329_s01,ins_u_0329_001,{},v2.2.0-healthy
evt_003076,u_0502,signup_completed,2026-06-06T18:31:00Z,u_0502_s01,ins_u_0502_002,{},v2.2.0-healthy
evt_003077,u_0043,signup_completed,2026-06-06T18:34:00Z,u_0043_s01,ins_u_0043_002,{},v2.2.0-healthy
evt_003078,u_0295,onboarding_step_viewed,2026-06-06T18:34:00Z,u_0295_s01,ins_u_0295_004,{},v2.2.0-healthy
evt_003079,u_0021,profile_saved,2026-06-06T18:35:00Z,u_0021_s01,ins_u_0021_003,{},v2.2.0-healthy
evt_003080,u_0329,signup_completed,2026-06-06T18:35:00Z,u_0329_s01,ins_u_0329_002,{},v2.2.0-healthy
evt_003081,u_0508,signup_started,2026-06-06T18:36:00Z,u_0508_s01,ins_u_0508_001,{},v2.2.0-healthy
evt_003082,u_0645,signup_started,2026-06-06T18:36:00Z,u_0645_s01,ins_u_0645_001,{},v2.2.0-healthy
evt_003083,u_0043,profile_saved,2026-06-06T18:38:00Z,u_0043_s01,ins_u_0043_003,{},v2.2.0-healthy
evt_003084,u_0508,session_abandoned,2026-06-06T18:38:00Z,u_0508_s01,ins_u_0508_002,{},v2.2.0-healthy
evt_003085,u_0021,onboarding_step_viewed,2026-06-06T18:39:00Z,u_0021_s01,ins_u_0021_004,{},v2.2.0-healthy
evt_003086,u_0645,signup_completed,2026-06-06T18:39:00Z,u_0645_s01,ins_u_0645_002,{},v2.2.0-healthy
evt_003087,u_0329,session_abandoned,2026-06-06T18:40:00Z,u_0329_s01,ins_u_0329_003,{},v2.2.0-healthy
evt_003088,u_0502,profile_saved,2026-06-06T18:41:00Z,u_0502_s01,ins_u_0502_003,{},v2.2.0-healthy
evt_003089,u_0043,onboarding_step_viewed,2026-06-06T18:43:00Z,u_0043_s01,ins_u_0043_004,{},v2.2.0-healthy
evt_003090,u_0073,feature_used,2026-06-06T18:44:00Z,u_0073_s01,ins_u_0073_005,"{""feature"": ""insights""}",v2.2.0-healthy
evt_003091,u_0312,onboarding_completed,2026-06-06T18:44:00Z,u_0312_s01,ins_u_0312_004,"{""completed_at"": ""2026-06-06T18:51:00Z""}",v2.2.0-healthy
evt_003092,u_0645,profile_saved,2026-06-06T18:45:00Z,u_0645_s01,ins_u_0645_003,{},v2.2.0-healthy
evt_003093,u_0502,onboarding_step_viewed,2026-06-06T18:46:00Z,u_0502_s01,ins_u_0502_004,{},v2.2.0-healthy
evt_003094,u_0621,activation_completed,2026-06-06T18:47:00Z,u_0621_s01,ins_u_0621_006,{},v2.2.0-healthy
evt_003095,u_0295,feature_used,2026-06-06T18:49:00Z,u_0295_s01,ins_u_0295_005,"{""feature"": ""insights""}",v2.2.0-healthy
evt_003096,u_0021,feature_used,2026-06-06T18:50:00Z,u_0021_s01,ins_u_0021_005,"{""feature"": ""insights""}",v2.2.0-healthy
evt_003097,u_0377,onboarding_completed,2026-06-06T18:52:00Z,u_0377_s01,ins_u_0377_005,"{""completed_at"": ""2026-06-06T18:59:00Z""}",v2.2.0-healthy
evt_003098,u_0703,onboarding_completed,2026-06-06T18:52:00Z,u_0703_s01,ins_u_0703_005,"{""completed_at"": ""2026-06-06T18:49:00Z""}",v2.2.0-healthy
evt_003099,u_0342,signup_started,2026-06-06T18:55:00Z,u_0342_s01,ins_u_0342_001,{},v2.2.0-healthy
evt_003100,u_0073,onboarding_completed,2026-06-06T19:00:00Z,u_0073_s01,ins_u_0073_006,"{""completed_at"": ""2026-06-06T19:02:00Z""}",v2.2.0-healthy
evt_003101,u_0342,signup_completed,2026-06-06T19:01:00Z,u_0342_s01,ins_u_0342_002,{},v2.2.0-healthy
evt_003102,u_0614,onboarding_completed,2026-06-06T19:05:00Z,u_0614_s01,ins_u_0614_004,"{""completed_at"": ""2026-06-06T18:50:00Z""}",v2.2.0-healthy
evt_003103,u_0342,profile_saved,2026-06-06T19:09:00Z,u_0342_s01,ins_u_0342_003,{},v2.2.0-healthy
evt_003104,u_0021,onboarding_completed,2026-06-06T19:10:00Z,u_0021_s01,ins_u_0021_006,"{""completed_at"": ""2026-06-06T19:07:00Z""}",v2.2.0-healthy
evt_003105,u_0502,onboarding_completed,2026-06-06T19:10:00Z,u_0502_s01,ins_u_0502_005,"{""completed_at"": ""2026-06-06T19:11:00Z""}",v2.2.0-healthy
evt_003106,u_0300,signup_started,2026-06-06T19:11:00Z,u_0300_s01,ins_u_0300_001,{},v2.2.0-healthy
evt_003107,u_0043,onboarding_completed,2026-06-06T19:14:00Z,u_0043_s01,ins_u_0043_005,"{""completed_at"": ""2026-06-06T19:10:00Z""}",v2.2.0-healthy
evt_003108,u_0645,onboarding_completed,2026-06-06T19:14:00Z,u_0645_s01,ins_u_0645_004,"{""completed_at"": ""2026-06-06T19:11:00Z""}",v2.2.0-healthy
evt_003109,u_0300,session_abandoned,2026-06-06T19:15:00Z,u_0300_s01,ins_u_0300_002,{},v2.2.0-healthy
evt_003110,u_0342,onboarding_step_viewed,2026-06-06T19:15:00Z,u_0342_s01,ins_u_0342_004,{},v2.2.0-healthy
evt_003111,u_0729,signup_started,2026-06-06T19:22:00Z,u_0729_s01,ins_u_0729_001,{},v2.2.0-healthy
evt_003112,u_0040,signup_started,2026-06-06T19:25:00Z,u_0040_s01,ins_u_0040_001,{},v2.2.0-healthy
evt_003113,u_0073,activation_completed,2026-06-06T19:27:00Z,u_0073_s01,ins_u_0073_007,{},v2.2.0-healthy
evt_003114,u_0729,session_abandoned,2026-06-06T19:28:00Z,u_0729_s01,ins_u_0729_002,{},v2.2.0-healthy
evt_003115,u_0342,feature_used,2026-06-06T19:29:00Z,u_0342_s01,ins_u_0342_005,"{""feature"": ""board""}",v2.2.0-healthy
evt_003116,u_0040,signup_completed,2026-06-06T19:30:00Z,u_0040_s01,ins_u_0040_002,{},v2.2.0-healthy
evt_003117,u_0130,signup_started,2026-06-06T19:33:00Z,u_0130_s01,ins_u_0130_001,{},v2.2.0-healthy
evt_003118,u_0325,signup_started,2026-06-06T19:34:00Z,u_0325_s01,ins_u_0325_001,{},v2.2.0-healthy
evt_003119,u_0040,profile_saved,2026-06-06T19:38:00Z,u_0040_s01,ins_u_0040_003,{},v2.2.0-healthy
evt_003120,u_0325,signup_completed,2026-06-06T19:39:00Z,u_0325_s01,ins_u_0325_002,{},v2.2.0-healthy
evt_003121,u_0130,session_abandoned,2026-06-06T19:41:00Z,u_0130_s01,ins_u_0130_002,{},v2.2.0-healthy
evt_003122,u_0800,signup_started,2026-06-06T19:41:00Z,u_0800_s01,ins_u_0800_001,{},v2.2.0-healthy
evt_003123,u_0417,signup_started,2026-06-06T19:42:00Z,u_0417_s01,ins_u_0417_001,{},v2.2.0-healthy
evt_003124,u_0645,activation_completed,2026-06-06T19:42:00Z,u_0645_s01,ins_u_0645_005,{},v2.2.0-healthy
evt_003125,u_0021,activation_completed,2026-06-06T19:43:00Z,u_0021_s01,ins_u_0021_007,{},v2.2.0-healthy
evt_003126,u_0126,signup_started,2026-06-06T19:43:00Z,u_0126_s01,ins_u_0126_001,{},v2.2.0-healthy
evt_003127,u_0417,signup_completed,2026-06-06T19:44:00Z,u_0417_s01,ins_u_0417_002,{},v2.2.0-healthy
evt_003128,u_0325,profile_saved,2026-06-06T19:45:00Z,u_0325_s01,ins_u_0325_003,{},v2.2.0-healthy
evt_003129,u_0126,signup_completed,2026-06-06T19:46:00Z,u_0126_s01,ins_u_0126_002,{},v2.2.0-healthy
evt_003130,u_0800,signup_completed,2026-06-06T19:46:00Z,u_0800_s01,ins_u_0800_002,{},v2.2.0-healthy
evt_003131,u_0025,return_visit,2026-06-06T19:47:00Z,u_0025_s02,ins_u_0025_005,{},v2.2.0-healthy
evt_003132,u_0417,profile_saved,2026-06-06T19:48:00Z,u_0417_s01,ins_u_0417_003,{},v2.2.0-healthy
evt_003133,u_0325,onboarding_step_viewed,2026-06-06T19:50:00Z,u_0325_s01,ins_u_0325_004,{},v2.2.0-healthy
evt_003134,u_0126,session_abandoned,2026-06-06T19:51:00Z,u_0126_s01,ins_u_0126_003,{},v2.2.0-healthy
evt_003135,u_0800,profile_saved,2026-06-06T19:52:00Z,u_0800_s01,ins_u_0800_003,{},v2.2.0-healthy
evt_003136,u_0342,onboarding_completed,2026-06-06T19:53:00Z,u_0342_s01,ins_u_0342_006,"{""completed_at"": ""2026-06-06T19:45:00Z""}",v2.2.0-healthy
evt_003137,u_0800,error_shown,2026-06-06T19:53:00Z,u_0800_s01,ins_u_0800_004,"{""code"": ""onboarding_timeout""}",v2.2.0-healthy
evt_003138,u_0040,feature_used,2026-06-06T19:54:00Z,u_0040_s01,ins_u_0040_004,"{""feature"": ""board""}",v2.2.0-healthy
evt_003139,u_0417,onboarding_step_viewed,2026-06-06T19:54:00Z,u_0417_s01,ins_u_0417_004,{},v2.2.0-healthy
evt_003140,u_0502,activation_completed,2026-06-06T19:58:00Z,u_0502_s01,ins_u_0502_006,{},v2.2.0-healthy
evt_003141,u_0800,onboarding_step_viewed,2026-06-06T19:58:00Z,u_0800_s01,ins_u_0800_005,{},v2.2.0-healthy
evt_003142,u_0417,feature_used,2026-06-06T20:02:00Z,u_0417_s01,ins_u_0417_005,"{""feature"": ""insights""}",v2.2.0-healthy
evt_003143,u_0188,signup_started,2026-06-06T20:04:00Z,u_0188_s01,ins_u_0188_001,{},v2.2.0-healthy
evt_003144,u_0040,onboarding_completed,2026-06-06T20:05:00Z,u_0040_s01,ins_u_0040_005,"{""completed_at"": ""2026-06-06T20:07:00Z""}",v2.2.0-healthy
evt_003145,u_0188,signup_completed,2026-06-06T20:10:00Z,u_0188_s01,ins_u_0188_002,{},v2.2.0-healthy
evt_003146,u_0342,activation_completed,2026-06-06T20:16:00Z,u_0342_s01,ins_u_0342_007,{},v2.2.0-healthy
evt_003147,u_0188,profile_saved,2026-06-06T20:20:00Z,u_0188_s01,ins_u_0188_003,{},v2.2.0-healthy
evt_003148,u_0188,onboarding_step_viewed,2026-06-06T20:26:00Z,u_0188_s01,ins_u_0188_004,{},v2.2.0-healthy
evt_003149,u_0417,onboarding_completed,2026-06-06T20:29:00Z,u_0417_s01,ins_u_0417_006,"{""completed_at"": ""2026-06-06T20:22:00Z""}",v2.2.0-healthy
evt_003150,u_0800,onboarding_completed,2026-06-06T20:30:00Z,u_0800_s01,ins_u_0800_006,"{""completed_at"": ""2026-06-06T20:32:00Z""}",v2.2.0-healthy
evt_003151,u_0542,signup_started,2026-06-06T20:32:00Z,u_0542_s01,ins_u_0542_001,{},v2.2.0-healthy
evt_003152,u_0251,signup_started,2026-06-06T20:33:00Z,u_0251_s01,ins_u_0251_001,{},v2.2.0-healthy
evt_003153,u_0267,return_visit,2026-06-06T20:33:00Z,u_0267_s02,ins_u_0267_007,{},v2.2.0-healthy
evt_003154,u_0188,feature_used,2026-06-06T20:35:00Z,u_0188_s01,ins_u_0188_005,"{""feature"": ""board""}",v2.2.0-healthy
evt_003155,u_0527,signup_started,2026-06-06T20:37:00Z,u_0527_s01,ins_u_0527_001,{},v2.2.0-healthy
evt_003156,u_0646,signup_started,2026-06-06T20:37:00Z,u_0646_s01,ins_u_0646_001,{},v2.2.0-healthy
evt_003157,u_0267,feature_used,2026-06-06T20:38:00Z,u_0267_s02,ins_u_0267_008,"{""feature"": ""insights""}",v2.2.0-healthy
evt_003158,u_0542,signup_completed,2026-06-06T20:38:00Z,u_0542_s01,ins_u_0542_002,{},v2.2.0-healthy
evt_003159,u_0646,signup_completed,2026-06-06T20:40:00Z,u_0646_s01,ins_u_0646_002,{},v2.2.0-healthy
evt_003160,u_0251,signup_completed,2026-06-06T20:41:00Z,u_0251_s01,ins_u_0251_002,{},v2.2.0-healthy
evt_003161,u_0527,signup_completed,2026-06-06T20:42:00Z,u_0527_s01,ins_u_0527_002,{},v2.2.0-healthy
evt_003162,u_0251,profile_saved,2026-06-06T20:45:00Z,u_0251_s01,ins_u_0251_003,{},v2.2.0-healthy
evt_003163,u_0542,profile_saved,2026-06-06T20:45:00Z,u_0542_s01,ins_u_0542_003,{},v2.2.0-healthy
evt_003164,u_0646,profile_saved,2026-06-06T20:46:00Z,u_0646_s01,ins_u_0646_003,{},v2.2.0-healthy
evt_003165,u_0251,onboarding_step_viewed,2026-06-06T20:47:00Z,u_0251_s01,ins_u_0251_004,{},v2.2.0-healthy
evt_003166,u_0527,session_abandoned,2026-06-06T20:48:00Z,u_0527_s01,ins_u_0527_003,{},v2.2.0-healthy
evt_003167,u_0542,onboarding_step_viewed,2026-06-06T20:48:00Z,u_0542_s01,ins_u_0542_004,{},v2.2.0-healthy
evt_003168,u_0646,onboarding_step_viewed,2026-06-06T20:50:00Z,u_0646_s01,ins_u_0646_004,{},v2.2.0-healthy
evt_003169,u_0265,signup_started,2026-06-06T20:52:00Z,u_0265_s01,ins_u_0265_001,{},v2.2.0-healthy
evt_003170,u_0355,signup_started,2026-06-06T20:53:00Z,u_0355_s01,ins_u_0355_001,{},v2.2.0-healthy
evt_003171,u_0251,feature_used,2026-06-06T20:54:00Z,u_0251_s01,ins_u_0251_005,"{""feature"": ""insights""}",v2.2.0-healthy
evt_003172,u_0265,signup_completed,2026-06-06T20:55:00Z,u_0265_s01,ins_u_0265_002,{},v2.2.0-healthy
evt_003173,u_0188,onboarding_completed,2026-06-06T20:56:00Z,u_0188_s01,ins_u_0188_006,"{""completed_at"": ""2026-06-06T20:54:00Z""}",v2.2.0-healthy
evt_003174,u_0459,signup_started,2026-06-06T20:57:00Z,u_0459_s01,ins_u_0459_001,{},v2.2.0-healthy
evt_003175,u_0004,signup_started,2026-06-06T20:58:00Z,u_0004_s01,ins_u_0004_001,{},v2.2.0-healthy
evt_003176,u_0355,signup_completed,2026-06-06T20:59:00Z,u_0355_s01,ins_u_0355_002,{},v2.2.0-healthy
evt_003177,u_0459,signup_completed,2026-06-06T21:03:00Z,u_0459_s01,ins_u_0459_002,{},v2.2.0-healthy
evt_003178,u_0800,activation_completed,2026-06-06T21:03:00Z,u_0800_s01,ins_u_0800_007,{},v2.2.0-healthy
evt_003179,u_0004,signup_completed,2026-06-06T21:04:00Z,u_0004_s01,ins_u_0004_002,{},v2.2.0-healthy
evt_003180,u_0265,profile_saved,2026-06-06T21:04:00Z,u_0265_s01,ins_u_0265_003,{},v2.2.0-healthy
evt_003181,u_0355,profile_saved,2026-06-06T21:05:00Z,u_0355_s01,ins_u_0355_003,{},v2.2.0-healthy
evt_003182,u_0542,feature_used,2026-06-06T21:06:00Z,u_0542_s01,ins_u_0542_005,"{""feature"": ""board""}",v2.2.0-healthy
evt_003183,u_0646,feature_used,2026-06-06T21:06:00Z,u_0646_s01,ins_u_0646_005,"{""feature"": ""board""}",v2.2.0-healthy
evt_003184,u_0265,onboarding_step_viewed,2026-06-06T21:08:00Z,u_0265_s01,ins_u_0265_004,{},v2.2.0-healthy
evt_003185,u_0355,onboarding_step_viewed,2026-06-06T21:09:00Z,u_0355_s01,ins_u_0355_004,{},v2.2.0-healthy
evt_003186,u_0459,profile_saved,2026-06-06T21:09:00Z,u_0459_s01,ins_u_0459_003,{},v2.2.0-healthy
evt_003187,u_0459,onboarding_step_viewed,2026-06-06T21:12:00Z,u_0459_s01,ins_u_0459_004,{},v2.2.0-healthy
evt_003188,u_0004,profile_saved,2026-06-06T21:14:00Z,u_0004_s01,ins_u_0004_003,{},v2.2.0-healthy
evt_003189,u_0004,onboarding_step_viewed,2026-06-06T21:16:00Z,u_0004_s01,ins_u_0004_004,{},v2.2.0-healthy
evt_003190,u_0251,onboarding_completed,2026-06-06T21:20:00Z,u_0251_s01,ins_u_0251_006,"{""completed_at"": ""2026-06-06T21:22:00Z""}",v2.2.0-healthy
evt_003191,u_0459,feature_used,2026-06-06T21:21:00Z,u_0459_s01,ins_u_0459_005,"{""feature"": ""insights""}",v2.2.0-healthy
evt_003192,u_0542,onboarding_completed,2026-06-06T21:24:00Z,u_0542_s01,ins_u_0542_006,"{""completed_at"": ""2026-06-06T21:19:00Z""}",v2.2.0-healthy
evt_003193,u_0265,feature_used,2026-06-06T21:25:00Z,u_0265_s01,ins_u_0265_005,"{""feature"": ""insights""}",v2.2.0-healthy
evt_003194,u_0646,onboarding_completed,2026-06-06T21:25:00Z,u_0646_s01,ins_u_0646_006,"{""completed_at"": ""2026-06-06T21:23:00Z""}",v2.2.0-healthy
evt_003195,u_0542,activation_completed,2026-06-06T21:31:00Z,u_0542_s01,ins_u_0542_007,{},v2.2.0-healthy
evt_003196,u_0355,onboarding_completed,2026-06-06T21:32:00Z,u_0355_s01,ins_u_0355_005,"{""completed_at"": ""2026-06-06T21:44:00Z""}",v2.2.0-healthy
evt_003197,u_0459,onboarding_completed,2026-06-06T21:38:00Z,u_0459_s01,ins_u_0459_006,"{""completed_at"": ""2026-06-06T21:41:00Z""}",v2.2.0-healthy
evt_003198,u_0265,onboarding_completed,2026-06-06T21:42:00Z,u_0265_s01,ins_u_0265_006,"{""completed_at"": ""2026-06-06T21:44:00Z""}",v2.2.0-healthy
evt_003199,u_0004,onboarding_completed,2026-06-06T21:50:00Z,u_0004_s01,ins_u_0004_005,"{""completed_at"": ""2026-06-06T21:42:00Z""}",v2.2.0-healthy
evt_003200,u_0353,return_visit,2026-06-06T21:55:00Z,u_0353_s02,ins_u_0353_007,{},v2.2.0-healthy
evt_003201,u_0353,feature_used,2026-06-06T22:00:00Z,u_0353_s02,ins_u_0353_008,"{""feature"": ""insights""}",v2.2.0-healthy
evt_003202,u_0004,activation_completed,2026-06-06T22:13:00Z,u_0004_s01,ins_u_0004_006,{},v2.2.0-healthy
evt_003203,u_0027,return_visit,2026-06-07T00:31:00Z,u_0027_s02,ins_u_0027_007,{},v2.2.0-healthy
evt_003204,u_0027,feature_used,2026-06-07T00:36:00Z,u_0027_s02,ins_u_0027_008,"{""feature"": ""insights""}",v2.2.0-healthy
evt_003205,u_0783,return_visit,2026-06-07T02:14:00Z,u_0783_s02,ins_u_0783_008,{},v2.2.0-healthy
evt_003206,u_0184,return_visit,2026-06-07T02:36:00Z,u_0184_s02,ins_u_0184_008,{},v2.2.0-healthy
evt_003207,u_0630,return_visit,2026-06-07T03:06:00Z,u_0630_s02,ins_u_0630_005,{},v2.2.0-healthy
evt_003208,u_0241,return_visit,2026-06-07T03:08:00Z,u_0241_s02,ins_u_0241_008,{},v2.2.0-healthy
evt_003209,u_0609,return_visit,2026-06-07T03:12:00Z,u_0609_s02,ins_u_0609_008,{},v2.2.0-healthy
evt_003210,u_0019,return_visit,2026-06-07T03:35:00Z,u_0019_s02,ins_u_0019_005,{},v2.2.0-healthy
evt_003211,u_0167,return_visit,2026-06-07T04:24:00Z,u_0167_s02,ins_u_0167_006,{},v2.2.0-healthy
evt_003212,u_0167,feature_used,2026-06-07T04:29:00Z,u_0167_s02,ins_u_0167_007,"{""feature"": ""insights""}",v2.2.0-healthy
evt_003213,u_0501,return_visit,2026-06-07T04:58:00Z,u_0501_s02,ins_u_0501_008,{},v2.2.0-healthy
evt_003214,u_0384,return_visit,2026-06-07T05:13:00Z,u_0384_s02,ins_u_0384_007,{},v2.2.0-healthy
evt_003215,u_0551,return_visit,2026-06-07T06:06:00Z,u_0551_s02,ins_u_0551_008,{},v2.2.0-healthy
evt_003216,u_0712,return_visit,2026-06-07T06:55:00Z,u_0712_s02,ins_u_0712_006,{},v2.2.0-healthy
evt_003217,u_0712,feature_used,2026-06-07T07:00:00Z,u_0712_s02,ins_u_0712_007,"{""feature"": ""insights""}",v2.2.0-healthy
evt_003218,u_0007,signup_started,2026-06-07T08:06:00Z,u_0007_s01,ins_u_0007_001,{},v2.2.0-healthy
evt_003219,u_0007,signup_completed,2026-06-07T08:10:00Z,u_0007_s01,ins_u_0007_002,{},v2.2.0-healthy
evt_003220,u_0007,session_abandoned,2026-06-07T08:17:00Z,u_0007_s01,ins_u_0007_003,{},v2.2.0-healthy
evt_003221,u_0273,signup_started,2026-06-07T08:19:00Z,u_0273_s01,ins_u_0273_001,{},v2.2.0-healthy
evt_003222,u_0301,signup_started,2026-06-07T08:19:00Z,u_0301_s01,ins_u_0301_001,{},v2.2.0-healthy
evt_003223,u_0273,session_abandoned,2026-06-07T08:22:00Z,u_0273_s01,ins_u_0273_002,{},v2.2.0-healthy
evt_003224,u_0301,signup_completed,2026-06-07T08:26:00Z,u_0301_s01,ins_u_0301_002,{},v2.2.0-healthy
evt_003225,u_0301,profile_saved,2026-06-07T08:34:00Z,u_0301_s01,ins_u_0301_003,{},v2.2.0-healthy
evt_003226,u_0034,signup_started,2026-06-07T08:35:00Z,u_0034_s01,ins_u_0034_001,{},v2.2.0-healthy
evt_003227,u_0149,signup_started,2026-06-07T08:36:00Z,u_0149_s01,ins_u_0149_001,{},v2.2.0-healthy
evt_003228,u_0034,signup_completed,2026-06-07T08:37:00Z,u_0034_s01,ins_u_0034_002,{},v2.2.0-healthy
evt_003229,u_0149,signup_completed,2026-06-07T08:38:00Z,u_0149_s01,ins_u_0149_002,{},v2.2.0-healthy
evt_003230,u_0346,signup_started,2026-06-07T08:41:00Z,u_0346_s01,ins_u_0346_001,{},v2.2.0-healthy
evt_003231,u_0034,profile_saved,2026-06-07T08:42:00Z,u_0034_s01,ins_u_0034_003,{},v2.2.0-healthy
evt_003232,u_0341,signup_started,2026-06-07T08:42:00Z,u_0341_s01,ins_u_0341_001,{},v2.2.0-healthy
evt_003233,u_0346,session_abandoned,2026-06-07T08:43:00Z,u_0346_s01,ins_u_0346_002,{},v2.2.0-healthy
evt_003234,u_0341,session_abandoned,2026-06-07T08:44:00Z,u_0341_s01,ins_u_0341_002,{},v2.2.0-healthy
evt_003235,u_0149,profile_saved,2026-06-07T08:46:00Z,u_0149_s01,ins_u_0149_003,{},v2.2.0-healthy
evt_003236,u_0034,onboarding_step_viewed,2026-06-07T08:47:00Z,u_0034_s01,ins_u_0034_004,{},v2.2.0-healthy
evt_003237,u_0149,onboarding_step_viewed,2026-06-07T08:48:00Z,u_0149_s01,ins_u_0149_004,{},v2.2.0-healthy
evt_003238,u_0687,signup_started,2026-06-07T08:49:00Z,u_0687_s01,ins_u_0687_001,{},v2.2.0-healthy
evt_003239,u_0507,signup_started,2026-06-07T08:50:00Z,u_0507_s01,ins_u_0507_001,{},v2.2.0-healthy
evt_003240,u_0687,signup_completed,2026-06-07T08:51:00Z,u_0687_s01,ins_u_0687_002,{},v2.2.0-healthy
evt_003241,u_0301,feature_used,2026-06-07T08:52:00Z,u_0301_s01,ins_u_0301_004,"{""feature"": ""insights""}",v2.2.0-healthy
evt_003242,u_0149,feature_used,2026-06-07T08:53:00Z,u_0149_s01,ins_u_0149_005,"{""feature"": ""insights""}",v2.2.0-healthy
evt_003243,u_0034,feature_used,2026-06-07T08:54:00Z,u_0034_s01,ins_u_0034_005,"{""feature"": ""board""}",v2.2.0-healthy
evt_003244,u_0042,signup_started,2026-06-07T08:54:00Z,u_0042_s01,ins_u_0042_001,{},v2.2.0-healthy
evt_003245,u_0507,signup_completed,2026-06-07T08:54:00Z,u_0507_s01,ins_u_0507_002,{},v2.2.0-healthy
evt_003246,u_0042,signup_completed,2026-06-07T08:57:00Z,u_0042_s01,ins_u_0042_002,{},v2.2.0-healthy
evt_003247,u_0687,session_abandoned,2026-06-07T08:58:00Z,u_0687_s01,ins_u_0687_003,{},v2.2.0-healthy
evt_003248,u_0507,session_abandoned,2026-06-07T08:59:00Z,u_0507_s01,ins_u_0507_003,{},v2.2.0-healthy
evt_003249,u_0042,profile_saved,2026-06-07T09:02:00Z,u_0042_s01,ins_u_0042_003,{},v2.2.0-healthy
evt_003250,u_0041,signup_started,2026-06-07T09:06:00Z,u_0041_s01,ins_u_0041_001,{},v2.2.0-healthy
evt_003251,u_0041,signup_completed,2026-06-07T09:07:00Z,u_0041_s01,ins_u_0041_002,{},v2.2.0-healthy
evt_003252,u_0301,onboarding_completed,2026-06-07T09:14:00Z,u_0301_s01,ins_u_0301_005,"{""completed_at"": ""2026-06-07T09:08:00Z""}",v2.2.0-healthy
evt_003253,u_0005,signup_started,2026-06-07T09:16:00Z,u_0005_s01,ins_u_0005_001,{},v2.2.0-healthy
evt_003254,u_0041,profile_saved,2026-06-07T09:16:00Z,u_0041_s01,ins_u_0041_003,{},v2.2.0-healthy
evt_003255,u_0005,signup_completed,2026-06-07T09:17:00Z,u_0005_s01,ins_u_0005_002,{},v2.2.0-healthy
evt_003256,u_0005,profile_saved,2026-06-07T09:19:00Z,u_0005_s01,ins_u_0005_003,{},v2.2.0-healthy
evt_003257,u_0034,onboarding_completed,2026-06-07T09:19:00Z,u_0034_s01,ins_u_0034_006,"{""completed_at"": ""2026-06-07T09:14:00Z""}",v2.2.0-healthy
evt_003258,u_0041,onboarding_step_viewed,2026-06-07T09:22:00Z,u_0041_s01,ins_u_0041_004,{},v2.2.0-healthy
evt_003259,u_0511,signup_started,2026-06-07T09:22:00Z,u_0511_s01,ins_u_0511_001,{},v2.2.0-healthy
evt_003260,u_0511,signup_completed,2026-06-07T09:24:00Z,u_0511_s01,ins_u_0511_002,{},v2.2.0-healthy
evt_003261,u_0274,signup_started,2026-06-07T09:26:00Z,u_0274_s01,ins_u_0274_001,{},v2.2.0-healthy
evt_003262,u_0274,signup_completed,2026-06-07T09:27:00Z,u_0274_s01,ins_u_0274_002,{},v2.2.0-healthy
evt_003263,u_0301,activation_completed,2026-06-07T09:28:00Z,u_0301_s01,ins_u_0301_006,{},v2.2.0-healthy
evt_003264,u_0511,session_abandoned,2026-06-07T09:28:00Z,u_0511_s01,ins_u_0511_003,{},v2.2.0-healthy
evt_003265,u_0149,onboarding_completed,2026-06-07T09:30:00Z,u_0149_s01,ins_u_0149_006,"{""completed_at"": ""2026-06-07T09:14:00Z""}",v2.2.0-healthy
evt_003266,u_0196,signup_started,2026-06-07T09:31:00Z,u_0196_s01,ins_u_0196_001,{},v2.2.0-healthy
evt_003267,u_0274,profile_saved,2026-06-07T09:35:00Z,u_0274_s01,ins_u_0274_003,{},v2.2.0-healthy
evt_003268,u_0196,signup_completed,2026-06-07T09:36:00Z,u_0196_s01,ins_u_0196_002,{},v2.2.0-healthy
evt_003269,u_0313,signup_started,2026-06-07T09:38:00Z,u_0313_s01,ins_u_0313_001,{},v2.2.0-healthy
evt_003270,u_0042,onboarding_completed,2026-06-07T09:39:00Z,u_0042_s01,ins_u_0042_004,"{""completed_at"": ""2026-06-07T09:38:00Z""}",v2.2.0-healthy
evt_003271,u_0274,onboarding_step_viewed,2026-06-07T09:41:00Z,u_0274_s01,ins_u_0274_004,{},v2.2.0-healthy
evt_003272,u_0196,profile_saved,2026-06-07T09:42:00Z,u_0196_s01,ins_u_0196_003,{},v2.2.0-healthy
evt_003273,u_0313,signup_completed,2026-06-07T09:42:00Z,u_0313_s01,ins_u_0313_002,{},v2.2.0-healthy
evt_003274,u_0177,signup_started,2026-06-07T09:45:00Z,u_0177_s01,ins_u_0177_001,{},v2.2.0-healthy
evt_003275,u_0313,profile_saved,2026-06-07T09:45:00Z,u_0313_s01,ins_u_0313_003,{},v2.2.0-healthy
evt_003276,u_0196,onboarding_step_viewed,2026-06-07T09:46:00Z,u_0196_s01,ins_u_0196_004,{},v2.2.0-healthy
evt_003277,u_0177,session_abandoned,2026-06-07T09:47:00Z,u_0177_s01,ins_u_0177_002,{},v2.2.0-healthy
evt_003278,u_0313,onboarding_step_viewed,2026-06-07T09:49:00Z,u_0313_s01,ins_u_0313_004,{},v2.2.0-healthy
evt_003279,u_0041,onboarding_completed,2026-06-07T09:50:00Z,u_0041_s01,ins_u_0041_005,"{""completed_at"": ""2026-06-07T09:45:00Z""}",v2.2.0-healthy
evt_003280,u_0005,onboarding_completed,2026-06-07T09:52:00Z,u_0005_s01,ins_u_0005_004,"{""completed_at"": ""2026-06-07T09:45:00Z""}",v2.2.0-healthy
evt_003281,u_0149,activation_completed,2026-06-07T09:58:00Z,u_0149_s01,ins_u_0149_007,{},v2.2.0-healthy
evt_003282,u_0274,feature_used,2026-06-07T10:00:00Z,u_0274_s01,ins_u_0274_005,"{""feature"": ""board""}",v2.2.0-healthy
evt_003283,u_0500,signup_started,2026-06-07T10:01:00Z,u_0500_s01,ins_u_0500_001,{},v2.2.0-healthy
evt_003284,u_0790,signup_started,2026-06-07T10:01:00Z,u_0790_s01,ins_u_0790_001,{},v2.2.0-healthy
evt_003285,u_0196,feature_used,2026-06-07T10:06:00Z,u_0196_s01,ins_u_0196_005,"{""feature"": ""board""}",v2.2.0-healthy
evt_003286,u_0500,signup_completed,2026-06-07T10:07:00Z,u_0500_s01,ins_u_0500_002,{},v2.2.0-healthy
evt_003287,u_0790,session_abandoned,2026-06-07T10:07:00Z,u_0790_s01,ins_u_0790_002,{},v2.2.0-healthy
evt_003288,u_0055,signup_started,2026-06-07T10:08:00Z,u_0055_s01,ins_u_0055_001,{},v2.2.0-healthy
evt_003289,u_0060,signup_started,2026-06-07T10:08:00Z,u_0060_s01,ins_u_0060_001,{},v2.2.0-healthy
evt_003290,u_0055,signup_completed,2026-06-07T10:09:00Z,u_0055_s01,ins_u_0055_002,{},v2.2.0-healthy
evt_003291,u_0274,onboarding_completed,2026-06-07T10:09:00Z,u_0274_s01,ins_u_0274_006,"{""completed_at"": ""2026-06-07T10:01:00Z""}",v2.2.0-healthy
evt_003292,u_0313,onboarding_completed,2026-06-07T10:11:00Z,u_0313_s01,ins_u_0313_005,"{""completed_at"": ""2026-06-07T10:15:00Z""}",v2.2.0-healthy
evt_003293,u_0060,signup_completed,2026-06-07T10:13:00Z,u_0060_s01,ins_u_0060_002,{},v2.2.0-healthy
evt_003294,u_0060,profile_saved,2026-06-07T10:15:00Z,u_0060_s01,ins_u_0060_003,{},v2.2.0-healthy
evt_003295,u_0728,signup_started,2026-06-07T10:15:00Z,u_0728_s01,ins_u_0728_001,{},v2.2.0-healthy
evt_003296,u_0493,signup_started,2026-06-07T10:16:00Z,u_0493_s01,ins_u_0493_001,{},v2.2.0-healthy
evt_003297,u_0500,session_abandoned,2026-06-07T10:16:00Z,u_0500_s01,ins_u_0500_003,{},v2.2.0-healthy
evt_003298,u_0042,activation_completed,2026-06-07T10:17:00Z,u_0042_s01,ins_u_0042_005,{},v2.2.0-healthy
evt_003299,u_0493,signup_completed,2026-06-07T10:17:00Z,u_0493_s01,ins_u_0493_002,{},v2.2.0-healthy
evt_003300,u_0060,onboarding_step_viewed,2026-06-07T10:18:00Z,u_0060_s01,ins_u_0060_004,{},v2.2.0-healthy
evt_003301,u_0728,signup_completed,2026-06-07T10:18:00Z,u_0728_s01,ins_u_0728_002,{},v2.2.0-healthy
evt_003302,u_0055,profile_saved,2026-06-07T10:19:00Z,u_0055_s01,ins_u_0055_003,{},v2.2.0-healthy
evt_003303,u_0196,onboarding_completed,2026-06-07T10:19:00Z,u_0196_s01,ins_u_0196_006,"{""completed_at"": ""2026-06-07T10:09:00Z""}",v2.2.0-healthy
evt_003304,u_0055,onboarding_step_viewed,2026-06-07T10:22:00Z,u_0055_s01,ins_u_0055_004,{},v2.2.0-healthy
evt_003305,u_0493,session_abandoned,2026-06-07T10:23:00Z,u_0493_s01,ins_u_0493_003,{},v2.2.0-healthy
evt_003306,u_0728,session_abandoned,2026-06-07T10:23:00Z,u_0728_s01,ins_u_0728_003,{},v2.2.0-healthy
evt_003307,u_0274,activation_completed,2026-06-07T10:25:00Z,u_0274_s01,ins_u_0274_007,{},v2.2.0-healthy
evt_003308,u_0001,signup_started,2026-06-07T10:26:00Z,u_0001_s01,ins_u_0001_001,{},v2.2.0-healthy
evt_003309,u_0001,session_abandoned,2026-06-07T10:29:00Z,u_0001_s01,ins_u_0001_002,{},v2.2.0-healthy
evt_003310,u_0060,feature_used,2026-06-07T10:34:00Z,u_0060_s01,ins_u_0060_005,"{""feature"": ""board""}",v2.2.0-healthy
evt_003311,u_0060,onboarding_completed,2026-06-07T10:42:00Z,u_0060_s01,ins_u_0060_006,"{""completed_at"": ""2026-06-07T10:49:00Z""}",v2.2.0-healthy
evt_003312,u_0299,signup_started,2026-06-07T10:42:00Z,u_0299_s01,ins_u_0299_001,{},v2.2.0-healthy
evt_003313,u_0299,signup_completed,2026-06-07T10:45:00Z,u_0299_s01,ins_u_0299_002,{},v2.2.0-healthy
evt_003314,u_0313,activation_completed,2026-06-07T10:47:00Z,u_0313_s01,ins_u_0313_006,{},v2.2.0-healthy
evt_003315,u_0299,profile_saved,2026-06-07T10:48:00Z,u_0299_s01,ins_u_0299_003,{},v2.2.0-healthy
evt_003316,u_0246,signup_started,2026-06-07T10:50:00Z,u_0246_s01,ins_u_0246_001,{},v2.2.0-healthy
evt_003317,u_0196,activation_completed,2026-06-07T10:51:00Z,u_0196_s01,ins_u_0196_007,{},v2.2.0-healthy
evt_003318,u_0055,onboarding_completed,2026-06-07T10:53:00Z,u_0055_s01,ins_u_0055_005,"{""completed_at"": ""2026-06-07T10:56:00Z""}",v2.2.0-healthy
evt_003319,u_0246,signup_completed,2026-06-07T10:58:00Z,u_0246_s01,ins_u_0246_002,{},v2.2.0-healthy
evt_003320,u_0246,session_abandoned,2026-06-07T11:03:00Z,u_0246_s01,ins_u_0246_003,{},v2.2.0-healthy
evt_003321,u_0299,feature_used,2026-06-07T11:03:00Z,u_0299_s01,ins_u_0299_004,"{""feature"": ""insights""}",v2.2.0-healthy
evt_003322,u_0168,signup_started,2026-06-07T11:17:00Z,u_0168_s01,ins_u_0168_001,{},v2.2.0-healthy
evt_003323,u_0299,onboarding_completed,2026-06-07T11:17:00Z,u_0299_s01,ins_u_0299_005,"{""completed_at"": ""2026-06-07T11:19:00Z""}",v2.2.0-healthy
evt_003324,u_0168,signup_completed,2026-06-07T11:18:00Z,u_0168_s01,ins_u_0168_002,{},v2.2.0-healthy
evt_003325,u_0168,session_abandoned,2026-06-07T11:23:00Z,u_0168_s01,ins_u_0168_003,{},v2.2.0-healthy
evt_003326,u_0672,signup_started,2026-06-07T11:29:00Z,u_0672_s01,ins_u_0672_001,{},v2.2.0-healthy
evt_003327,u_0060,activation_completed,2026-06-07T11:30:00Z,u_0060_s01,ins_u_0060_007,{},v2.2.0-healthy
evt_003328,u_0672,session_abandoned,2026-06-07T11:36:00Z,u_0672_s01,ins_u_0672_002,{},v2.2.0-healthy
evt_003329,u_0023,signup_started,2026-06-07T11:45:00Z,u_0023_s01,ins_u_0023_001,{},v2.2.0-healthy
evt_003330,u_0023,signup_completed,2026-06-07T11:52:00Z,u_0023_s01,ins_u_0023_002,{},v2.2.0-healthy
evt_003331,u_0595,signup_started,2026-06-07T11:57:00Z,u_0595_s01,ins_u_0595_001,{},v2.2.0-healthy
evt_003332,u_0023,profile_saved,2026-06-07T11:59:00Z,u_0023_s01,ins_u_0023_003,{},v2.2.0-healthy
evt_003333,u_0595,signup_completed,2026-06-07T12:01:00Z,u_0595_s01,ins_u_0595_002,{},v2.2.0-healthy
evt_003334,u_0023,onboarding_step_viewed,2026-06-07T12:05:00Z,u_0023_s01,ins_u_0023_004,{},v2.2.0-healthy
evt_003335,u_0595,profile_saved,2026-06-07T12:06:00Z,u_0595_s01,ins_u_0595_003,{},v2.2.0-healthy
evt_003336,u_0595,error_shown,2026-06-07T12:07:00Z,u_0595_s01,ins_u_0595_004,"{""code"": ""onboarding_timeout""}",v2.2.0-healthy
evt_003337,u_0364,signup_started,2026-06-07T12:08:00Z,u_0364_s01,ins_u_0364_001,{},v2.2.0-healthy
evt_003338,u_0595,onboarding_step_viewed,2026-06-07T12:08:00Z,u_0595_s01,ins_u_0595_005,{},v2.2.0-healthy
evt_003339,u_0364,signup_completed,2026-06-07T12:11:00Z,u_0364_s01,ins_u_0364_002,{},v2.2.0-healthy
evt_003340,u_0364,profile_saved,2026-06-07T12:13:00Z,u_0364_s01,ins_u_0364_003,{},v2.2.0-healthy
evt_003341,u_0364,onboarding_step_viewed,2026-06-07T12:19:00Z,u_0364_s01,ins_u_0364_004,{},v2.2.0-healthy
evt_003342,u_0160,signup_started,2026-06-07T12:21:00Z,u_0160_s01,ins_u_0160_001,{},v2.2.0-healthy
evt_003343,u_0364,feature_used,2026-06-07T12:24:00Z,u_0364_s01,ins_u_0364_005,"{""feature"": ""board""}",v2.2.0-healthy
evt_003344,u_0023,onboarding_completed,2026-06-07T12:27:00Z,u_0023_s01,ins_u_0023_005,"{""completed_at"": ""2026-06-07T12:29:00Z""}",v2.2.0-healthy
evt_003345,u_0160,signup_completed,2026-06-07T12:28:00Z,u_0160_s01,ins_u_0160_002,{},v2.2.0-healthy
evt_003346,u_0160,profile_saved,2026-06-07T12:35:00Z,u_0160_s01,ins_u_0160_003,{},v2.2.0-healthy
evt_003347,u_0160,onboarding_step_viewed,2026-06-07T12:37:00Z,u_0160_s01,ins_u_0160_004,{},v2.2.0-healthy
evt_003348,u_0364,onboarding_completed,2026-06-07T12:39:00Z,u_0364_s01,ins_u_0364_006,"{""completed_at"": ""2026-06-07T12:44:00Z""}",v2.2.0-healthy
evt_003349,u_0595,onboarding_completed,2026-06-07T12:48:00Z,u_0595_s01,ins_u_0595_006,"{""completed_at"": ""2026-06-07T12:40:00Z""}",v2.2.0-healthy
evt_003350,u_0348,signup_started,2026-06-07T12:49:00Z,u_0348_s01,ins_u_0348_001,{},v2.2.0-healthy
evt_003351,u_0023,activation_completed,2026-06-07T12:51:00Z,u_0023_s01,ins_u_0023_006,{},v2.2.0-healthy
evt_003352,u_0348,signup_completed,2026-06-07T12:56:00Z,u_0348_s01,ins_u_0348_002,{},v2.2.0-healthy
evt_003353,u_0454,signup_started,2026-06-07T12:59:00Z,u_0454_s01,ins_u_0454_001,{},v2.2.0-healthy
evt_003354,u_0748,return_visit,2026-06-07T12:59:00Z,u_0748_s02,ins_u_0748_006,{},v2.2.0-healthy
evt_003355,u_0348,session_abandoned,2026-06-07T13:00:00Z,u_0348_s01,ins_u_0348_003,{},v2.2.0-healthy
evt_003356,u_0176,signup_started,2026-06-07T13:02:00Z,u_0176_s01,ins_u_0176_001,{},v2.2.0-healthy
evt_003357,u_0454,signup_completed,2026-06-07T13:02:00Z,u_0454_s01,ins_u_0454_002,{},v2.2.0-healthy
evt_003358,u_0748,feature_used,2026-06-07T13:04:00Z,u_0748_s02,ins_u_0748_007,"{""feature"": ""insights""}",v2.2.0-healthy
evt_003359,u_0433,signup_started,2026-06-07T13:05:00Z,u_0433_s01,ins_u_0433_001,{},v2.2.0-healthy
evt_003360,u_0013,signup_started,2026-06-07T13:06:00Z,u_0013_s01,ins_u_0013_001,{},v2.2.0-healthy
evt_003361,u_0176,signup_completed,2026-06-07T13:06:00Z,u_0176_s01,ins_u_0176_002,{},v2.2.0-healthy
evt_003362,u_0633,signup_started,2026-06-07T13:06:00Z,u_0633_s01,ins_u_0633_001,{},v2.2.0-healthy
evt_003363,u_0454,session_abandoned,2026-06-07T13:07:00Z,u_0454_s01,ins_u_0454_003,{},v2.2.0-healthy
evt_003364,u_0633,signup_completed,2026-06-07T13:09:00Z,u_0633_s01,ins_u_0633_002,{},v2.2.0-healthy
evt_003365,u_0433,signup_completed,2026-06-07T13:12:00Z,u_0433_s01,ins_u_0433_002,{},v2.2.0-healthy
evt_003366,u_0176,profile_saved,2026-06-07T13:13:00Z,u_0176_s01,ins_u_0176_003,{},v2.2.0-healthy
evt_003367,u_0013,signup_completed,2026-06-07T13:14:00Z,u_0013_s01,ins_u_0013_002,{},v2.2.0-healthy
evt_003368,u_0160,onboarding_completed,2026-06-07T13:14:00Z,u_0160_s01,ins_u_0160_005,"{""completed_at"": ""2026-06-07T13:03:00Z""}",v2.2.0-healthy
evt_003369,u_0475,signup_started,2026-06-07T13:15:00Z,u_0475_s01,ins_u_0475_001,{},v2.2.0-healthy
evt_003370,u_0633,session_abandoned,2026-06-07T13:16:00Z,u_0633_s01,ins_u_0633_003,{},v2.2.0-healthy
evt_003371,u_0774,signup_started,2026-06-07T13:16:00Z,u_0774_s01,ins_u_0774_001,{},v2.2.0-healthy
evt_003372,u_0176,onboarding_step_viewed,2026-06-07T13:17:00Z,u_0176_s01,ins_u_0176_004,{},v2.2.0-healthy
evt_003373,u_0013,profile_saved,2026-06-07T13:19:00Z,u_0013_s01,ins_u_0013_003,{},v2.2.0-healthy
evt_003374,u_0475,session_abandoned,2026-06-07T13:20:00Z,u_0475_s01,ins_u_0475_002,{},v2.2.0-healthy
evt_003375,u_0774,signup_completed,2026-06-07T13:20:00Z,u_0774_s01,ins_u_0774_002,{},v2.2.0-healthy
evt_003376,u_0433,profile_saved,2026-06-07T13:22:00Z,u_0433_s01,ins_u_0433_003,{},v2.2.0-healthy
evt_003377,u_0013,onboarding_step_viewed,2026-06-07T13:23:00Z,u_0013_s01,ins_u_0013_004,{},v2.2.0-healthy
evt_003378,u_0433,error_shown,2026-06-07T13:23:00Z,u_0433_s01,ins_u_0433_004,"{""code"": ""onboarding_timeout""}",v2.2.0-healthy
evt_003379,u_0364,activation_completed,2026-06-07T13:26:00Z,u_0364_s01,ins_u_0364_007,{},v2.2.0-healthy
evt_003380,u_0433,onboarding_step_viewed,2026-06-07T13:26:00Z,u_0433_s01,ins_u_0433_005,{},v2.2.0-healthy
evt_003381,u_0629,signup_started,2026-06-07T13:29:00Z,u_0629_s01,ins_u_0629_001,{},v2.2.0-healthy
evt_003382,u_0629,signup_completed,2026-06-07T13:30:00Z,u_0629_s01,ins_u_0629_002,{},v2.2.0-healthy
evt_003383,u_0774,profile_saved,2026-06-07T13:30:00Z,u_0774_s01,ins_u_0774_003,{},v2.2.0-healthy
evt_003384,u_0176,feature_used,2026-06-07T13:32:00Z,u_0176_s01,ins_u_0176_005,"{""feature"": ""board""}",v2.2.0-healthy
evt_003385,u_0774,onboarding_step_viewed,2026-06-07T13:32:00Z,u_0774_s01,ins_u_0774_004,{},v2.2.0-healthy
evt_003386,u_0700,signup_started,2026-06-07T13:34:00Z,u_0700_s01,ins_u_0700_001,{},v2.2.0-healthy
evt_003387,u_0629,profile_saved,2026-06-07T13:37:00Z,u_0629_s01,ins_u_0629_003,{},v2.2.0-healthy
evt_003388,u_0629,error_shown,2026-06-07T13:38:00Z,u_0629_s01,ins_u_0629_004,"{""code"": ""onboarding_timeout""}",v2.2.0-healthy
evt_003389,u_0600,signup_started,2026-06-07T13:41:00Z,u_0600_s01,ins_u_0600_001,{},v2.2.0-healthy
evt_003390,u_0700,signup_completed,2026-06-07T13:41:00Z,u_0700_s01,ins_u_0700_002,{},v2.2.0-healthy
evt_003391,u_0176,onboarding_completed,2026-06-07T13:42:00Z,u_0176_s01,ins_u_0176_006,"{""completed_at"": ""2026-06-07T13:39:00Z""}",v2.2.0-healthy
evt_003392,u_0629,onboarding_step_viewed,2026-06-07T13:42:00Z,u_0629_s01,ins_u_0629_005,{},v2.2.0-healthy
evt_003393,u_0600,signup_completed,2026-06-07T13:45:00Z,u_0600_s01,ins_u_0600_002,{},v2.2.0-healthy
evt_003394,u_0629,feature_used,2026-06-07T13:45:00Z,u_0629_s01,ins_u_0629_006,"{""feature"": ""insights""}",v2.2.0-healthy
evt_003395,u_0215,signup_started,2026-06-07T13:48:00Z,u_0215_s01,ins_u_0215_001,{},v2.2.0-healthy
evt_003396,u_0013,onboarding_completed,2026-06-07T13:51:00Z,u_0013_s01,ins_u_0013_005,"{""completed_at"": ""2026-06-07T13:50:00Z""}",v2.2.0-healthy
evt_003397,u_0700,profile_saved,2026-06-07T13:51:00Z,u_0700_s01,ins_u_0700_003,{},v2.2.0-healthy
evt_003398,u_0700,error_shown,2026-06-07T13:52:00Z,u_0700_s01,ins_u_0700_004,"{""code"": ""onboarding_timeout""}",v2.2.0-healthy
evt_003399,u_0600,session_abandoned,2026-06-07T13:53:00Z,u_0600_s01,ins_u_0600_003,{},v2.2.0-healthy
evt_003400,u_0215,signup_completed,2026-06-07T13:55:00Z,u_0215_s01,ins_u_0215_002,{},v2.2.0-healthy
evt_003401,u_0215,profile_saved,2026-06-07T13:58:00Z,u_0215_s01,ins_u_0215_003,{},v2.2.0-healthy
evt_003402,u_0215,error_shown,2026-06-07T13:59:00Z,u_0215_s01,ins_u_0215_004,"{""code"": ""onboarding_timeout""}",v2.2.0-healthy
evt_003403,u_0215,onboarding_step_viewed,2026-06-07T14:02:00Z,u_0215_s01,ins_u_0215_005,{},v2.2.0-healthy
evt_003404,u_0662,signup_started,2026-06-07T14:07:00Z,u_0662_s01,ins_u_0662_001,{},v2.2.0-healthy
evt_003405,u_0076,signup_started,2026-06-07T14:08:00Z,u_0076_s01,ins_u_0076_001,{},v2.2.0-healthy
evt_003406,u_0732,signup_started,2026-06-07T14:08:00Z,u_0732_s01,ins_u_0732_001,{},v2.2.0-healthy
evt_003407,u_0732,signup_completed,2026-06-07T14:10:00Z,u_0732_s01,ins_u_0732_002,{},v2.2.0-healthy
evt_003408,u_0629,onboarding_completed,2026-06-07T14:11:00Z,u_0629_s01,ins_u_0629_007,"{""completed_at"": ""2026-06-07T14:04:00Z""}",v2.2.0-healthy
evt_003409,u_0662,signup_completed,2026-06-07T14:12:00Z,u_0662_s01,ins_u_0662_002,{},v2.2.0-healthy
evt_003410,u_0076,signup_completed,2026-06-07T14:13:00Z,u_0076_s01,ins_u_0076_002,{},v2.2.0-healthy
evt_003411,u_0433,activation_completed,2026-06-07T14:16:00Z,u_0433_s01,ins_u_0433_006,{},v2.2.0-healthy
evt_003412,u_0564,signup_started,2026-06-07T14:16:00Z,u_0564_s01,ins_u_0564_001,{},v2.2.0-healthy
evt_003413,u_0536,signup_started,2026-06-07T14:17:00Z,u_0536_s01,ins_u_0536_001,{},v2.2.0-healthy
evt_003414,u_0732,session_abandoned,2026-06-07T14:17:00Z,u_0732_s01,ins_u_0732_003,{},v2.2.0-healthy
evt_003415,u_0536,signup_completed,2026-06-07T14:18:00Z,u_0536_s01,ins_u_0536_002,{},v2.2.0-healthy
evt_003416,u_0076,session_abandoned,2026-06-07T14:19:00Z,u_0076_s01,ins_u_0076_003,{},v2.2.0-healthy
evt_003417,u_0013,activation_completed,2026-06-07T14:20:00Z,u_0013_s01,ins_u_0013_006,{},v2.2.0-healthy
evt_003418,u_0564,signup_completed,2026-06-07T14:21:00Z,u_0564_s01,ins_u_0564_002,{},v2.2.0-healthy
evt_003419,u_0574,signup_started,2026-06-07T14:21:00Z,u_0574_s01,ins_u_0574_001,{},v2.2.0-healthy
evt_003420,u_0536,session_abandoned,2026-06-07T14:22:00Z,u_0536_s01,ins_u_0536_003,{},v2.2.0-healthy
evt_003421,u_0662,profile_saved,2026-06-07T14:22:00Z,u_0662_s01,ins_u_0662_003,{},v2.2.0-healthy
evt_003422,u_0564,session_abandoned,2026-06-07T14:27:00Z,u_0564_s01,ins_u_0564_003,{},v2.2.0-healthy
evt_003423,u_0574,signup_completed,2026-06-07T14:27:00Z,u_0574_s01,ins_u_0574_002,{},v2.2.0-healthy
evt_003424,u_0662,onboarding_step_viewed,2026-06-07T14:27:00Z,u_0662_s01,ins_u_0662_004,{},v2.2.0-healthy
evt_003425,u_0611,signup_started,2026-06-07T14:28:00Z,u_0611_s01,ins_u_0611_001,{},v2.2.0-healthy
evt_003426,u_0592,signup_started,2026-06-07T14:29:00Z,u_0592_s01,ins_u_0592_001,{},v2.2.0-healthy
evt_003427,u_0611,session_abandoned,2026-06-07T14:29:00Z,u_0611_s01,ins_u_0611_002,{},v2.2.0-healthy
evt_003428,u_0592,signup_completed,2026-06-07T14:30:00Z,u_0592_s01,ins_u_0592_002,{},v2.2.0-healthy
evt_003429,u_0574,profile_saved,2026-06-07T14:31:00Z,u_0574_s01,ins_u_0574_003,{},v2.2.0-healthy
evt_003430,u_0056,signup_started,2026-06-07T14:32:00Z,u_0056_s01,ins_u_0056_001,{},v2.2.0-healthy
evt_003431,u_0574,onboarding_step_viewed,2026-06-07T14:34:00Z,u_0574_s01,ins_u_0574_004,{},v2.2.0-healthy
evt_003432,u_0774,activation_completed,2026-06-07T14:34:00Z,u_0774_s01,ins_u_0774_005,{},v2.2.0-healthy
evt_003433,u_0592,session_abandoned,2026-06-07T14:36:00Z,u_0592_s01,ins_u_0592_003,{},v2.2.0-healthy
evt_003434,u_0700,onboarding_completed,2026-06-07T14:36:00Z,u_0700_s01,ins_u_0700_005,"{""completed_at"": ""2026-06-07T14:17:00Z""}",v2.2.0-healthy
evt_003435,u_0215,onboarding_completed,2026-06-07T14:38:00Z,u_0215_s01,ins_u_0215_006,"{""completed_at"": ""2026-06-07T14:26:00Z""}",v2.2.0-healthy
evt_003436,u_0056,signup_completed,2026-06-07T14:40:00Z,u_0056_s01,ins_u_0056_002,{},v2.2.0-healthy
evt_003437,u_0619,signup_started,2026-06-07T14:41:00Z,u_0619_s01,ins_u_0619_001,{},v2.2.0-healthy
evt_003438,u_0619,session_abandoned,2026-06-07T14:44:00Z,u_0619_s01,ins_u_0619_002,{},v2.2.0-healthy
evt_003439,u_0662,feature_used,2026-06-07T14:46:00Z,u_0662_s01,ins_u_0662_005,"{""feature"": ""board""}",v2.2.0-healthy
evt_003440,u_0056,session_abandoned,2026-06-07T14:48:00Z,u_0056_s01,ins_u_0056_003,{},v2.2.0-healthy
evt_003441,u_0662,onboarding_completed,2026-06-07T14:52:00Z,u_0662_s01,ins_u_0662_006,"{""completed_at"": ""2026-06-07T14:52:00Z""}",v2.2.0-healthy
evt_003442,u_0574,feature_used,2026-06-07T14:53:00Z,u_0574_s01,ins_u_0574_005,"{""feature"": ""board""}",v2.2.0-healthy
evt_003443,u_0629,activation_completed,2026-06-07T14:55:00Z,u_0629_s01,ins_u_0629_008,{},v2.2.0-healthy
evt_003444,u_0796,signup_started,2026-06-07T14:57:00Z,u_0796_s01,ins_u_0796_001,{},v2.2.0-healthy
evt_003445,u_0700,activation_completed,2026-06-07T14:59:00Z,u_0700_s01,ins_u_0700_006,{},v2.2.0-healthy
evt_003446,u_0796,signup_completed,2026-06-07T14:59:00Z,u_0796_s01,ins_u_0796_002,{},v2.2.0-healthy
evt_003447,u_0140,signup_started,2026-06-07T15:01:00Z,u_0140_s01,ins_u_0140_001,{},v2.2.0-healthy
evt_003448,u_0615,signup_started,2026-06-07T15:02:00Z,u_0615_s01,ins_u_0615_001,{},v2.2.0-healthy
evt_003449,u_0140,signup_completed,2026-06-07T15:04:00Z,u_0140_s01,ins_u_0140_002,{},v2.2.0-healthy
evt_003450,u_0796,profile_saved,2026-06-07T15:04:00Z,u_0796_s01,ins_u_0796_003,{},v2.2.0-healthy
evt_003451,u_0615,signup_completed,2026-06-07T15:05:00Z,u_0615_s01,ins_u_0615_002,{},v2.2.0-healthy
evt_003452,u_0796,onboarding_step_viewed,2026-06-07T15:06:00Z,u_0796_s01,ins_u_0796_004,{},v2.2.0-healthy
evt_003453,u_0140,profile_saved,2026-06-07T15:10:00Z,u_0140_s01,ins_u_0140_003,{},v2.2.0-healthy
evt_003454,u_0224,signup_started,2026-06-07T15:12:00Z,u_0224_s01,ins_u_0224_001,{},v2.2.0-healthy
evt_003455,u_0574,onboarding_completed,2026-06-07T15:13:00Z,u_0574_s01,ins_u_0574_006,"{""completed_at"": ""2026-06-07T15:11:00Z""}",v2.2.0-healthy
evt_003456,u_0456,signup_started,2026-06-07T15:14:00Z,u_0456_s01,ins_u_0456_001,{},v2.2.0-healthy
evt_003457,u_0615,profile_saved,2026-06-07T15:14:00Z,u_0615_s01,ins_u_0615_003,{},v2.2.0-healthy
evt_003458,u_0117,signup_started,2026-06-07T15:16:00Z,u_0117_s01,ins_u_0117_001,{},v2.2.0-healthy
evt_003459,u_0140,onboarding_step_viewed,2026-06-07T15:16:00Z,u_0140_s01,ins_u_0140_004,{},v2.2.0-healthy
evt_003460,u_0756,signup_started,2026-06-07T15:17:00Z,u_0756_s01,ins_u_0756_001,{},v2.2.0-healthy
evt_003461,u_0191,signup_started,2026-06-07T15:18:00Z,u_0191_s01,ins_u_0191_001,{},v2.2.0-healthy
evt_003462,u_0456,session_abandoned,2026-06-07T15:18:00Z,u_0456_s01,ins_u_0456_002,{},v2.2.0-healthy
evt_003463,u_0224,signup_completed,2026-06-07T15:19:00Z,u_0224_s01,ins_u_0224_002,{},v2.2.0-healthy
evt_003464,u_0117,session_abandoned,2026-06-07T15:21:00Z,u_0117_s01,ins_u_0117_002,{},v2.2.0-healthy
evt_003465,u_0615,feature_used,2026-06-07T15:21:00Z,u_0615_s01,ins_u_0615_004,"{""feature"": ""insights""}",v2.2.0-healthy
evt_003466,u_0224,profile_saved,2026-06-07T15:23:00Z,u_0224_s01,ins_u_0224_003,{},v2.2.0-healthy
evt_003467,u_0756,signup_completed,2026-06-07T15:23:00Z,u_0756_s01,ins_u_0756_002,{},v2.2.0-healthy
evt_003468,u_0796,feature_used,2026-06-07T15:24:00Z,u_0796_s01,ins_u_0796_005,"{""feature"": ""board""}",v2.2.0-healthy
evt_003469,u_0296,signup_started,2026-06-07T15:25:00Z,u_0296_s01,ins_u_0296_001,{},v2.2.0-healthy
evt_003470,u_0191,signup_completed,2026-06-07T15:26:00Z,u_0191_s01,ins_u_0191_002,{},v2.2.0-healthy
evt_003471,u_0224,onboarding_step_viewed,2026-06-07T15:27:00Z,u_0224_s01,ins_u_0224_004,{},v2.2.0-healthy
evt_003472,u_0296,signup_completed,2026-06-07T15:30:00Z,u_0296_s01,ins_u_0296_002,{},v2.2.0-healthy
evt_003473,u_0756,profile_saved,2026-06-07T15:30:00Z,u_0756_s01,ins_u_0756_003,{},v2.2.0-healthy
evt_003474,u_0122,signup_started,2026-06-07T15:31:00Z,u_0122_s01,ins_u_0122_001,{},v2.2.0-healthy
evt_003475,u_0191,session_abandoned,2026-06-07T15:31:00Z,u_0191_s01,ins_u_0191_003,{},v2.2.0-healthy
evt_003476,u_0756,onboarding_step_viewed,2026-06-07T15:36:00Z,u_0756_s01,ins_u_0756_004,{},v2.2.0-healthy
evt_003477,u_0122,signup_completed,2026-06-07T15:37:00Z,u_0122_s01,ins_u_0122_002,{},v2.2.0-healthy
evt_003478,u_0296,profile_saved,2026-06-07T15:37:00Z,u_0296_s01,ins_u_0296_003,{},v2.2.0-healthy
evt_003479,u_0122,profile_saved,2026-06-07T15:41:00Z,u_0122_s01,ins_u_0122_003,{},v2.2.0-healthy
evt_003480,u_0756,feature_used,2026-06-07T15:46:00Z,u_0756_s01,ins_u_0756_005,"{""feature"": ""board""}",v2.2.0-healthy
evt_003481,u_0796,onboarding_completed,2026-06-07T15:46:00Z,u_0796_s01,ins_u_0796_006,"{""completed_at"": ""2026-06-07T15:41:00Z""}",v2.2.0-healthy
evt_003482,u_0122,onboarding_step_viewed,2026-06-07T15:47:00Z,u_0122_s01,ins_u_0122_004,{},v2.2.0-healthy
evt_003483,u_0140,onboarding_completed,2026-06-07T15:52:00Z,u_0140_s01,ins_u_0140_005,"{""completed_at"": ""2026-06-07T15:49:00Z""}",v2.2.0-healthy
evt_003484,u_0615,onboarding_completed,2026-06-07T15:53:00Z,u_0615_s01,ins_u_0615_005,"{""completed_at"": ""2026-06-07T15:50:00Z""}",v2.2.0-healthy
evt_003485,u_0483,signup_started,2026-06-07T16:00:00Z,u_0483_s01,ins_u_0483_001,{},v2.2.0-healthy
evt_003486,u_0483,signup_completed,2026-06-07T16:01:00Z,u_0483_s01,ins_u_0483_002,{},v2.2.0-healthy
evt_003487,u_0296,feature_used,2026-06-07T16:02:00Z,u_0296_s01,ins_u_0296_004,"{""feature"": ""board""}",v2.2.0-healthy
evt_003488,u_0399,signup_started,2026-06-07T16:02:00Z,u_0399_s01,ins_u_0399_001,{},v2.2.0-healthy
evt_003489,u_0122,feature_used,2026-06-07T16:03:00Z,u_0122_s01,ins_u_0122_005,"{""feature"": ""board""}",v2.2.0-healthy
evt_003490,u_0705,signup_started,2026-06-07T16:04:00Z,u_0705_s01,ins_u_0705_001,{},v2.2.0-healthy
evt_003491,u_0705,signup_completed,2026-06-07T16:05:00Z,u_0705_s01,ins_u_0705_002,{},v2.2.0-healthy
evt_003492,u_0296,onboarding_completed,2026-06-07T16:06:00Z,u_0296_s01,ins_u_0296_005,"{""completed_at"": ""2026-06-07T16:13:00Z""}",v2.2.0-healthy
evt_003493,u_0399,signup_completed,2026-06-07T16:07:00Z,u_0399_s01,ins_u_0399_002,{},v2.2.0-healthy
evt_003494,u_0483,session_abandoned,2026-06-07T16:08:00Z,u_0483_s01,ins_u_0483_003,{},v2.2.0-healthy
evt_003495,u_0399,profile_saved,2026-06-07T16:09:00Z,u_0399_s01,ins_u_0399_003,{},v2.2.0-healthy
evt_003496,u_0701,signup_started,2026-06-07T16:11:00Z,u_0701_s01,ins_u_0701_001,{},v2.2.0-healthy
evt_003497,u_0140,activation_completed,2026-06-07T16:13:00Z,u_0140_s01,ins_u_0140_006,{},v2.2.0-healthy
evt_003498,u_0705,profile_saved,2026-06-07T16:14:00Z,u_0705_s01,ins_u_0705_003,{},v2.2.0-healthy
evt_003499,u_0279,signup_started,2026-06-07T16:15:00Z,u_0279_s01,ins_u_0279_001,{},v2.2.0-healthy
evt_003500,u_0705,onboarding_step_viewed,2026-06-07T16:16:00Z,u_0705_s01,ins_u_0705_004,{},v2.2.0-healthy
evt_003501,u_0457,signup_started,2026-06-07T16:17:00Z,u_0457_s01,ins_u_0457_001,{},v2.2.0-healthy
evt_003502,u_0615,activation_completed,2026-06-07T16:17:00Z,u_0615_s01,ins_u_0615_006,{},v2.2.0-healthy
evt_003503,u_0757,signup_started,2026-06-07T16:17:00Z,u_0757_s01,ins_u_0757_001,{},v2.2.0-healthy
evt_003504,u_0279,signup_completed,2026-06-07T16:18:00Z,u_0279_s01,ins_u_0279_002,{},v2.2.0-healthy
evt_003505,u_0399,feature_used,2026-06-07T16:18:00Z,u_0399_s01,ins_u_0399_004,"{""feature"": ""insights""}",v2.2.0-healthy
evt_003506,u_0457,signup_completed,2026-06-07T16:18:00Z,u_0457_s01,ins_u_0457_002,{},v2.2.0-healthy
evt_003507,u_0701,session_abandoned,2026-06-07T16:18:00Z,u_0701_s01,ins_u_0701_002,{},v2.2.0-healthy
evt_003508,u_0410,signup_started,2026-06-07T16:20:00Z,u_0410_s01,ins_u_0410_001,{},v2.2.0-healthy
evt_003509,u_0757,signup_completed,2026-06-07T16:21:00Z,u_0757_s01,ins_u_0757_002,{},v2.2.0-healthy
evt_003510,u_0598,signup_started,2026-06-07T16:23:00Z,u_0598_s01,ins_u_0598_001,{},v2.2.0-healthy
evt_003511,u_0122,onboarding_completed,2026-06-07T16:24:00Z,u_0122_s01,ins_u_0122_006,"{""completed_at"": ""2026-06-07T16:19:00Z""}",v2.2.0-healthy
evt_003512,u_0279,profile_saved,2026-06-07T16:24:00Z,u_0279_s01,ins_u_0279_003,{},v2.2.0-healthy
evt_003513,u_0641,signup_started,2026-06-07T16:24:00Z,u_0641_s01,ins_u_0641_001,{},v2.2.0-healthy
evt_003514,u_0598,signup_completed,2026-06-07T16:25:00Z,u_0598_s01,ins_u_0598_002,{},v2.2.0-healthy
evt_003515,u_0410,signup_completed,2026-06-07T16:26:00Z,u_0410_s01,ins_u_0410_002,{},v2.2.0-healthy
evt_003516,u_0457,profile_saved,2026-06-07T16:28:00Z,u_0457_s01,ins_u_0457_003,{},v2.2.0-healthy
evt_003517,u_0641,signup_completed,2026-06-07T16:28:00Z,u_0641_s01,ins_u_0641_002,{},v2.2.0-healthy
evt_003518,u_0757,session_abandoned,2026-06-07T16:28:00Z,u_0757_s01,ins_u_0757_003,{},v2.2.0-healthy
evt_003519,u_0763,signup_started,2026-06-07T16:29:00Z,u_0763_s01,ins_u_0763_001,{},v2.2.0-healthy
evt_003520,u_0279,onboarding_step_viewed,2026-06-07T16:30:00Z,u_0279_s01,ins_u_0279_004,{},v2.2.0-healthy
evt_003521,u_0598,session_abandoned,2026-06-07T16:31:00Z,u_0598_s01,ins_u_0598_003,{},v2.2.0-healthy
evt_003522,u_0641,profile_saved,2026-06-07T16:32:00Z,u_0641_s01,ins_u_0641_003,{},v2.2.0-healthy
evt_003523,u_0763,signup_completed,2026-06-07T16:32:00Z,u_0763_s01,ins_u_0763_002,{},v2.2.0-healthy
evt_003524,u_0410,session_abandoned,2026-06-07T16:33:00Z,u_0410_s01,ins_u_0410_003,{},v2.2.0-healthy
evt_003525,u_0457,onboarding_step_viewed,2026-06-07T16:34:00Z,u_0457_s01,ins_u_0457_004,{},v2.2.0-healthy
evt_003526,u_0694,signup_started,2026-06-07T16:35:00Z,u_0694_s01,ins_u_0694_001,{},v2.2.0-healthy
evt_003527,u_0641,onboarding_step_viewed,2026-06-07T16:36:00Z,u_0641_s01,ins_u_0641_004,{},v2.2.0-healthy
evt_003528,u_0457,feature_used,2026-06-07T16:40:00Z,u_0457_s01,ins_u_0457_005,"{""feature"": ""insights""}",v2.2.0-healthy
evt_003529,u_0705,onboarding_completed,2026-06-07T16:40:00Z,u_0705_s01,ins_u_0705_005,"{""completed_at"": ""2026-06-07T16:49:00Z""}",v2.2.0-healthy
evt_003530,u_0652,signup_started,2026-06-07T16:41:00Z,u_0652_s01,ins_u_0652_001,{},v2.2.0-healthy
evt_003531,u_0763,session_abandoned,2026-06-07T16:41:00Z,u_0763_s01,ins_u_0763_003,{},v2.2.0-healthy
evt_003532,u_0652,session_abandoned,2026-06-07T16:42:00Z,u_0652_s01,ins_u_0652_002,{},v2.2.0-healthy
evt_003533,u_0694,signup_completed,2026-06-07T16:43:00Z,u_0694_s01,ins_u_0694_002,{},v2.2.0-healthy
evt_003534,u_0361,signup_started,2026-06-07T16:44:00Z,u_0361_s01,ins_u_0361_001,{},v2.2.0-healthy
evt_003535,u_0641,feature_used,2026-06-07T16:45:00Z,u_0641_s01,ins_u_0641_005,"{""feature"": ""insights""}",v2.2.0-healthy
evt_003536,u_0279,feature_used,2026-06-07T16:48:00Z,u_0279_s01,ins_u_0279_005,"{""feature"": ""insights""}",v2.2.0-healthy
evt_003537,u_0399,onboarding_completed,2026-06-07T16:48:00Z,u_0399_s01,ins_u_0399_005,"{""completed_at"": ""2026-06-07T16:41:00Z""}",v2.2.0-healthy
evt_003538,u_0694,session_abandoned,2026-06-07T16:48:00Z,u_0694_s01,ins_u_0694_003,{},v2.2.0-healthy
evt_003539,u_0340,signup_started,2026-06-07T16:50:00Z,u_0340_s01,ins_u_0340_001,{},v2.2.0-healthy
evt_003540,u_0361,signup_completed,2026-06-07T16:50:00Z,u_0361_s01,ins_u_0361_002,{},v2.2.0-healthy
evt_003541,u_0361,profile_saved,2026-06-07T16:52:00Z,u_0361_s01,ins_u_0361_003,{},v2.2.0-healthy
evt_003542,u_0340,signup_completed,2026-06-07T16:54:00Z,u_0340_s01,ins_u_0340_002,{},v2.2.0-healthy
evt_003543,u_0361,onboarding_step_viewed,2026-06-07T16:57:00Z,u_0361_s01,ins_u_0361_004,{},v2.2.0-healthy
evt_003544,u_0340,profile_saved,2026-06-07T17:01:00Z,u_0340_s01,ins_u_0340_003,{},v2.2.0-healthy
evt_003545,u_0340,error_shown,2026-06-07T17:02:00Z,u_0340_s01,ins_u_0340_004,"{""code"": ""onboarding_timeout""}",v2.2.0-healthy
evt_003546,u_0173,signup_started,2026-06-07T17:04:00Z,u_0173_s01,ins_u_0173_001,{},v2.2.0-healthy
evt_003547,u_0641,onboarding_completed,2026-06-07T17:04:00Z,u_0641_s01,ins_u_0641_006,"{""completed_at"": ""2026-06-07T17:00:00Z""}",v2.2.0-healthy
evt_003548,u_0279,onboarding_completed,2026-06-07T17:05:00Z,u_0279_s01,ins_u_0279_006,"{""completed_at"": ""2026-06-07T16:53:00Z""}",v2.2.0-healthy
evt_003549,u_0361,feature_used,2026-06-07T17:05:00Z,u_0361_s01,ins_u_0361_005,"{""feature"": ""insights""}",v2.2.0-healthy
evt_003550,u_0173,signup_completed,2026-06-07T17:07:00Z,u_0173_s01,ins_u_0173_002,{},v2.2.0-healthy
evt_003551,u_0457,onboarding_completed,2026-06-07T17:11:00Z,u_0457_s01,ins_u_0457_006,"{""completed_at"": ""2026-06-07T17:08:00Z""}",v2.2.0-healthy
evt_003552,u_0057,signup_started,2026-06-07T17:12:00Z,u_0057_s01,ins_u_0057_001,{},v2.2.0-healthy
evt_003553,u_0173,profile_saved,2026-06-07T17:15:00Z,u_0173_s01,ins_u_0173_003,{},v2.2.0-healthy
evt_003554,u_0679,signup_started,2026-06-07T17:15:00Z,u_0679_s01,ins_u_0679_001,{},v2.2.0-healthy
evt_003555,u_0430,signup_started,2026-06-07T17:16:00Z,u_0430_s01,ins_u_0430_001,{},v2.2.0-healthy
evt_003556,u_0173,onboarding_step_viewed,2026-06-07T17:17:00Z,u_0173_s01,ins_u_0173_004,{},v2.2.0-healthy
evt_003557,u_0430,session_abandoned,2026-06-07T17:19:00Z,u_0430_s01,ins_u_0430_002,{},v2.2.0-healthy
evt_003558,u_0057,signup_completed,2026-06-07T17:20:00Z,u_0057_s01,ins_u_0057_002,{},v2.2.0-healthy
evt_003559,u_0173,feature_used,2026-06-07T17:22:00Z,u_0173_s01,ins_u_0173_005,"{""feature"": ""insights""}",v2.2.0-healthy
evt_003560,u_0340,feature_used,2026-06-07T17:23:00Z,u_0340_s01,ins_u_0340_005,"{""feature"": ""board""}",v2.2.0-healthy
evt_003561,u_0679,signup_completed,2026-06-07T17:23:00Z,u_0679_s01,ins_u_0679_002,{},v2.2.0-healthy
evt_003562,u_0679,profile_saved,2026-06-07T17:25:00Z,u_0679_s01,ins_u_0679_003,{},v2.2.0-healthy
evt_003563,u_0057,session_abandoned,2026-06-07T17:29:00Z,u_0057_s01,ins_u_0057_003,{},v2.2.0-healthy
evt_003564,u_0207,signup_started,2026-06-07T17:30:00Z,u_0207_s01,ins_u_0207_001,{},v2.2.0-healthy
evt_003565,u_0679,onboarding_step_viewed,2026-06-07T17:30:00Z,u_0679_s01,ins_u_0679_004,{},v2.2.0-healthy
evt_003566,u_0679,feature_used,2026-06-07T17:32:00Z,u_0679_s01,ins_u_0679_005,"{""feature"": ""insights""}",v2.2.0-healthy
evt_003567,u_0689,signup_started,2026-06-07T17:32:00Z,u_0689_s01,ins_u_0689_001,{},v2.2.0-healthy
evt_003568,u_0207,signup_completed,2026-06-07T17:34:00Z,u_0207_s01,ins_u_0207_002,{},v2.2.0-healthy
evt_003569,u_0144,signup_started,2026-06-07T17:36:00Z,u_0144_s01,ins_u_0144_001,{},v2.2.0-healthy
evt_003570,u_0361,onboarding_completed,2026-06-07T17:36:00Z,u_0361_s01,ins_u_0361_006,"{""completed_at"": ""2026-06-07T17:29:00Z""}",v2.2.0-healthy
evt_003571,u_0689,signup_completed,2026-06-07T17:37:00Z,u_0689_s01,ins_u_0689_002,{},v2.2.0-healthy
evt_003572,u_0340,onboarding_completed,2026-06-07T17:39:00Z,u_0340_s01,ins_u_0340_006,"{""completed_at"": ""2026-06-07T17:41:00Z""}",v2.2.0-healthy
evt_003573,u_0435,signup_started,2026-06-07T17:41:00Z,u_0435_s01,ins_u_0435_001,{},v2.2.0-healthy
evt_003574,u_0144,signup_completed,2026-06-07T17:42:00Z,u_0144_s01,ins_u_0144_002,{},v2.2.0-healthy
evt_003575,u_0641,activation_completed,2026-06-07T17:42:00Z,u_0641_s01,ins_u_0641_007,{},v2.2.0-healthy
evt_003576,u_0689,session_abandoned,2026-06-07T17:42:00Z,u_0689_s01,ins_u_0689_003,{},v2.2.0-healthy
evt_003577,u_0207,profile_saved,2026-06-07T17:44:00Z,u_0207_s01,ins_u_0207_003,{},v2.2.0-healthy
evt_003578,u_0435,signup_completed,2026-06-07T17:49:00Z,u_0435_s01,ins_u_0435_002,{},v2.2.0-healthy
evt_003579,u_0144,profile_saved,2026-06-07T17:51:00Z,u_0144_s01,ins_u_0144_003,{},v2.2.0-healthy
evt_003580,u_0144,error_shown,2026-06-07T17:52:00Z,u_0144_s01,ins_u_0144_004,"{""code"": ""onboarding_timeout""}",v2.2.0-healthy
evt_003581,u_0435,profile_saved,2026-06-07T17:52:00Z,u_0435_s01,ins_u_0435_003,{},v2.2.0-healthy
evt_003582,u_0173,onboarding_completed,2026-06-07T17:56:00Z,u_0173_s01,ins_u_0173_006,"{""completed_at"": ""2026-06-07T17:53:00Z""}",v2.2.0-healthy
evt_003583,u_0435,onboarding_step_viewed,2026-06-07T17:56:00Z,u_0435_s01,ins_u_0435_004,{},v2.2.0-healthy
evt_003584,u_0207,feature_used,2026-06-07T18:02:00Z,u_0207_s01,ins_u_0207_004,"{""feature"": ""insights""}",v2.2.0-healthy
evt_003585,u_0144,feature_used,2026-06-07T18:06:00Z,u_0144_s01,ins_u_0144_005,"{""feature"": ""board""}",v2.2.0-healthy
evt_003586,u_0173,activation_completed,2026-06-07T18:07:00Z,u_0173_s01,ins_u_0173_007,{},v2.2.0-healthy
evt_003587,u_0390,signup_started,2026-06-07T18:07:00Z,u_0390_s01,ins_u_0390_001,{},v2.2.0-healthy
evt_003588,u_0679,onboarding_completed,2026-06-07T18:07:00Z,u_0679_s01,ins_u_0679_006,"{""completed_at"": ""2026-06-07T17:57:00Z""}",v2.2.0-healthy
evt_003589,u_0297,signup_started,2026-06-07T18:12:00Z,u_0297_s01,ins_u_0297_001,{},v2.2.0-healthy
evt_003590,u_0361,activation_completed,2026-06-07T18:12:00Z,u_0361_s01,ins_u_0361_007,{},v2.2.0-healthy
evt_003591,u_0390,signup_completed,2026-06-07T18:12:00Z,u_0390_s01,ins_u_0390_002,{},v2.2.0-healthy
evt_003592,u_0297,signup_completed,2026-06-07T18:14:00Z,u_0297_s01,ins_u_0297_002,{},v2.2.0-healthy
evt_003593,u_0207,onboarding_completed,2026-06-07T18:16:00Z,u_0207_s01,ins_u_0207_005,"{""completed_at"": ""2026-06-07T18:15:00Z""}",v2.2.0-healthy
evt_003594,u_0390,session_abandoned,2026-06-07T18:16:00Z,u_0390_s01,ins_u_0390_003,{},v2.2.0-healthy
evt_003595,u_0141,signup_started,2026-06-07T18:18:00Z,u_0141_s01,ins_u_0141_001,{},v2.2.0-healthy
evt_003596,u_0297,profile_saved,2026-06-07T18:18:00Z,u_0297_s01,ins_u_0297_003,{},v2.2.0-healthy
evt_003597,u_0340,activation_completed,2026-06-07T18:20:00Z,u_0340_s01,ins_u_0340_007,{},v2.2.0-healthy
evt_003598,u_0435,onboarding_completed,2026-06-07T18:21:00Z,u_0435_s01,ins_u_0435_005,"{""completed_at"": ""2026-06-07T18:20:00Z""}",v2.2.0-healthy
evt_003599,u_0141,session_abandoned,2026-06-07T18:22:00Z,u_0141_s01,ins_u_0141_002,{},v2.2.0-healthy
evt_003600,u_0144,onboarding_completed,2026-06-07T18:22:00Z,u_0144_s01,ins_u_0144_006,"{""completed_at"": ""2026-06-07T18:24:00Z""}",v2.2.0-healthy
evt_003601,u_0297,onboarding_step_viewed,2026-06-07T18:22:00Z,u_0297_s01,ins_u_0297_004,{},v2.2.0-healthy
evt_003602,u_0679,activation_completed,2026-06-07T18:23:00Z,u_0679_s01,ins_u_0679_007,{},v2.2.0-healthy
evt_003603,u_0477,signup_started,2026-06-07T18:27:00Z,u_0477_s01,ins_u_0477_001,{},v2.2.0-healthy
evt_003604,u_0405,signup_started,2026-06-07T18:29:00Z,u_0405_s01,ins_u_0405_001,{},v2.2.0-healthy
evt_003605,u_0297,feature_used,2026-06-07T18:34:00Z,u_0297_s01,ins_u_0297_005,"{""feature"": ""insights""}",v2.2.0-healthy
evt_003606,u_0405,signup_completed,2026-06-07T18:35:00Z,u_0405_s01,ins_u_0405_002,{},v2.2.0-healthy
evt_003607,u_0477,signup_completed,2026-06-07T18:35:00Z,u_0477_s01,ins_u_0477_002,{},v2.2.0-healthy
evt_003608,u_0080,signup_started,2026-06-07T18:37:00Z,u_0080_s01,ins_u_0080_001,{},v2.2.0-healthy
evt_003609,u_0405,session_abandoned,2026-06-07T18:39:00Z,u_0405_s01,ins_u_0405_003,{},v2.2.0-healthy
evt_003610,u_0435,activation_completed,2026-06-07T18:39:00Z,u_0435_s01,ins_u_0435_006,{},v2.2.0-healthy
evt_003611,u_0207,activation_completed,2026-06-07T18:41:00Z,u_0207_s01,ins_u_0207_006,{},v2.2.0-healthy
evt_003612,u_0575,signup_started,2026-06-07T18:41:00Z,u_0575_s01,ins_u_0575_001,{},v2.2.0-healthy
evt_003613,u_0477,session_abandoned,2026-06-07T18:42:00Z,u_0477_s01,ins_u_0477_003,{},v2.2.0-healthy
evt_003614,u_0080,signup_completed,2026-06-07T18:44:00Z,u_0080_s01,ins_u_0080_002,{},v2.2.0-healthy
evt_003615,u_0575,signup_completed,2026-06-07T18:45:00Z,u_0575_s01,ins_u_0575_002,{},v2.2.0-healthy
evt_003616,u_0297,onboarding_completed,2026-06-07T18:48:00Z,u_0297_s01,ins_u_0297_006,"{""completed_at"": ""2026-06-07T18:44:00Z""}",v2.2.0-healthy
evt_003617,u_0338,signup_started,2026-06-07T18:52:00Z,u_0338_s01,ins_u_0338_001,{},v2.2.0-healthy
evt_003618,u_0575,session_abandoned,2026-06-07T18:52:00Z,u_0575_s01,ins_u_0575_003,{},v2.2.0-healthy
evt_003619,u_0080,profile_saved,2026-06-07T18:54:00Z,u_0080_s01,ins_u_0080_003,{},v2.2.0-healthy
evt_003620,u_0338,session_abandoned,2026-06-07T18:56:00Z,u_0338_s01,ins_u_0338_002,{},v2.2.0-healthy
evt_003621,u_0546,signup_started,2026-06-07T18:56:00Z,u_0546_s01,ins_u_0546_001,{},v2.2.0-healthy
evt_003622,u_0546,signup_completed,2026-06-07T18:57:00Z,u_0546_s01,ins_u_0546_002,{},v2.2.0-healthy
evt_003623,u_0080,onboarding_step_viewed,2026-06-07T18:58:00Z,u_0080_s01,ins_u_0080_004,{},v2.2.0-healthy
evt_003624,u_0276,signup_started,2026-06-07T19:01:00Z,u_0276_s01,ins_u_0276_001,{},v2.2.0-healthy
evt_003625,u_0080,feature_used,2026-06-07T19:03:00Z,u_0080_s01,ins_u_0080_005,"{""feature"": ""board""}",v2.2.0-healthy
evt_003626,u_0276,signup_completed,2026-06-07T19:04:00Z,u_0276_s01,ins_u_0276_002,{},v2.2.0-healthy
evt_003627,u_0546,profile_saved,2026-06-07T19:04:00Z,u_0546_s01,ins_u_0546_003,{},v2.2.0-healthy
evt_003628,u_0221,signup_started,2026-06-07T19:06:00Z,u_0221_s01,ins_u_0221_001,{},v2.2.0-healthy
evt_003629,u_0424,signup_started,2026-06-07T19:06:00Z,u_0424_s01,ins_u_0424_001,{},v2.2.0-healthy
evt_003630,u_0276,profile_saved,2026-06-07T19:07:00Z,u_0276_s01,ins_u_0276_003,{},v2.2.0-healthy
evt_003631,u_0424,session_abandoned,2026-06-07T19:08:00Z,u_0424_s01,ins_u_0424_002,{},v2.2.0-healthy
evt_003632,u_0221,signup_completed,2026-06-07T19:10:00Z,u_0221_s01,ins_u_0221_002,{},v2.2.0-healthy
evt_003633,u_0276,onboarding_step_viewed,2026-06-07T19:10:00Z,u_0276_s01,ins_u_0276_004,{},v2.2.0-healthy
evt_003634,u_0535,signup_started,2026-06-07T19:11:00Z,u_0535_s01,ins_u_0535_001,{},v2.2.0-healthy
evt_003635,u_0221,profile_saved,2026-06-07T19:12:00Z,u_0221_s01,ins_u_0221_003,{},v2.2.0-healthy
evt_003636,u_0221,error_shown,2026-06-07T19:13:00Z,u_0221_s01,ins_u_0221_004,"{""code"": ""onboarding_timeout""}",v2.2.0-healthy
evt_003637,u_0221,onboarding_step_viewed,2026-06-07T19:14:00Z,u_0221_s01,ins_u_0221_005,{},v2.2.0-healthy
evt_003638,u_0766,signup_started,2026-06-07T19:14:00Z,u_0766_s01,ins_u_0766_001,{},v2.2.0-healthy
evt_003639,u_0535,signup_completed,2026-06-07T19:15:00Z,u_0535_s01,ins_u_0535_002,{},v2.2.0-healthy
evt_003640,u_0722,signup_started,2026-06-07T19:17:00Z,u_0722_s01,ins_u_0722_001,{},v2.2.0-healthy
evt_003641,u_0766,signup_completed,2026-06-07T19:20:00Z,u_0766_s01,ins_u_0766_002,{},v2.2.0-healthy
evt_003642,u_0107,signup_started,2026-06-07T19:22:00Z,u_0107_s01,ins_u_0107_001,{},v2.2.0-healthy
evt_003643,u_0535,profile_saved,2026-06-07T19:22:00Z,u_0535_s01,ins_u_0535_003,{},v2.2.0-healthy
evt_003644,u_0722,signup_completed,2026-06-07T19:23:00Z,u_0722_s01,ins_u_0722_002,{},v2.2.0-healthy
evt_003645,u_0766,profile_saved,2026-06-07T19:23:00Z,u_0766_s01,ins_u_0766_003,{},v2.2.0-healthy
evt_003646,u_0535,onboarding_step_viewed,2026-06-07T19:24:00Z,u_0535_s01,ins_u_0535_004,{},v2.2.0-healthy
evt_003647,u_0281,signup_started,2026-06-07T19:27:00Z,u_0281_s01,ins_u_0281_001,{},v2.2.0-healthy
evt_003648,u_0722,profile_saved,2026-06-07T19:27:00Z,u_0722_s01,ins_u_0722_003,{},v2.2.0-healthy
evt_003649,u_0221,feature_used,2026-06-07T19:29:00Z,u_0221_s01,ins_u_0221_006,"{""feature"": ""insights""}",v2.2.0-healthy
evt_003650,u_0281,session_abandoned,2026-06-07T19:29:00Z,u_0281_s01,ins_u_0281_002,{},v2.2.0-healthy
evt_003651,u_0107,signup_completed,2026-06-07T19:30:00Z,u_0107_s01,ins_u_0107_002,{},v2.2.0-healthy
evt_003652,u_0107,profile_saved,2026-06-07T19:32:00Z,u_0107_s01,ins_u_0107_003,{},v2.2.0-healthy
evt_003653,u_0107,onboarding_step_viewed,2026-06-07T19:38:00Z,u_0107_s01,ins_u_0107_004,{},v2.2.0-healthy
evt_003654,u_0766,feature_used,2026-06-07T19:44:00Z,u_0766_s01,ins_u_0766_004,"{""feature"": ""board""}",v2.2.0-healthy
evt_003655,u_0657,signup_started,2026-06-07T19:46:00Z,u_0657_s01,ins_u_0657_001,{},v2.2.0-healthy
evt_003656,u_0276,onboarding_completed,2026-06-07T19:47:00Z,u_0276_s01,ins_u_0276_005,"{""completed_at"": ""2026-06-07T19:38:00Z""}",v2.2.0-healthy
evt_003657,u_0657,signup_completed,2026-06-07T19:47:00Z,u_0657_s01,ins_u_0657_002,{},v2.2.0-healthy
evt_003658,u_0221,onboarding_completed,2026-06-07T19:49:00Z,u_0221_s01,ins_u_0221_007,"{""completed_at"": ""2026-06-07T19:48:00Z""}",v2.2.0-healthy
evt_003659,u_0535,onboarding_completed,2026-06-07T19:49:00Z,u_0535_s01,ins_u_0535_005,"{""completed_at"": ""2026-06-07T19:51:00Z""}",v2.2.0-healthy
evt_003660,u_0546,onboarding_completed,2026-06-07T19:49:00Z,u_0546_s01,ins_u_0546_004,"{""completed_at"": ""2026-06-07T19:37:00Z""}",v2.2.0-healthy
evt_003661,u_0546,activation_completed,2026-06-07T19:50:00Z,u_0546_s01,ins_u_0546_005,{},v2.2.0-healthy
evt_003662,u_0050,signup_started,2026-06-07T19:51:00Z,u_0050_s01,ins_u_0050_001,{},v2.2.0-healthy
evt_003663,u_0050,signup_completed,2026-06-07T19:54:00Z,u_0050_s01,ins_u_0050_002,{},v2.2.0-healthy
evt_003664,u_0497,signup_started,2026-06-07T19:54:00Z,u_0497_s01,ins_u_0497_001,{},v2.2.0-healthy
evt_003665,u_0657,session_abandoned,2026-06-07T19:54:00Z,u_0657_s01,ins_u_0657_003,{},v2.2.0-healthy
evt_003666,u_0722,onboarding_completed,2026-06-07T19:55:00Z,u_0722_s01,ins_u_0722_004,"{""completed_at"": ""2026-06-07T19:57:00Z""}",v2.2.0-healthy
evt_003667,u_0020,signup_started,2026-06-07T19:56:00Z,u_0020_s01,ins_u_0020_001,{},v2.2.0-healthy
evt_003668,u_0506,signup_started,2026-06-07T19:56:00Z,u_0506_s01,ins_u_0506_001,{},v2.2.0-healthy
evt_003669,u_0766,onboarding_completed,2026-06-07T19:57:00Z,u_0766_s01,ins_u_0766_005,"{""completed_at"": ""2026-06-07T20:01:00Z""}",v2.2.0-healthy
evt_003670,u_0050,session_abandoned,2026-06-07T19:59:00Z,u_0050_s01,ins_u_0050_003,{},v2.2.0-healthy
evt_003671,u_0497,signup_completed,2026-06-07T19:59:00Z,u_0497_s01,ins_u_0497_002,{},v2.2.0-healthy
evt_003672,u_0506,signup_completed,2026-06-07T19:59:00Z,u_0506_s01,ins_u_0506_002,{},v2.2.0-healthy
evt_003673,u_0020,signup_completed,2026-06-07T20:01:00Z,u_0020_s01,ins_u_0020_002,{},v2.2.0-healthy
evt_003674,u_0658,signup_started,2026-06-07T20:02:00Z,u_0658_s01,ins_u_0658_001,{},v2.2.0-healthy
evt_003675,u_0107,onboarding_completed,2026-06-07T20:03:00Z,u_0107_s01,ins_u_0107_005,"{""completed_at"": ""2026-06-07T20:09:00Z""}",v2.2.0-healthy
evt_003676,u_0506,profile_saved,2026-06-07T20:04:00Z,u_0506_s01,ins_u_0506_003,{},v2.2.0-healthy
evt_003677,u_0506,error_shown,2026-06-07T20:05:00Z,u_0506_s01,ins_u_0506_004,"{""code"": ""onboarding_timeout""}",v2.2.0-healthy
evt_003678,u_0497,profile_saved,2026-06-07T20:06:00Z,u_0497_s01,ins_u_0497_003,{},v2.2.0-healthy
evt_003679,u_0506,onboarding_step_viewed,2026-06-07T20:07:00Z,u_0506_s01,ins_u_0506_005,{},v2.2.0-healthy
evt_003680,u_0658,signup_completed,2026-06-07T20:09:00Z,u_0658_s01,ins_u_0658_002,{},v2.2.0-healthy
evt_003681,u_0020,profile_saved,2026-06-07T20:10:00Z,u_0020_s01,ins_u_0020_003,{},v2.2.0-healthy
evt_003682,u_0497,onboarding_step_viewed,2026-06-07T20:10:00Z,u_0497_s01,ins_u_0497_004,{},v2.2.0-healthy
evt_003683,u_0497,feature_used,2026-06-07T20:13:00Z,u_0497_s01,ins_u_0497_005,"{""feature"": ""insights""}",v2.2.0-healthy
evt_003684,u_0071,signup_started,2026-06-07T20:14:00Z,u_0071_s01,ins_u_0071_001,{},v2.2.0-healthy
evt_003685,u_0276,activation_completed,2026-06-07T20:15:00Z,u_0276_s01,ins_u_0276_006,{},v2.2.0-healthy
evt_003686,u_0020,onboarding_step_viewed,2026-06-07T20:16:00Z,u_0020_s01,ins_u_0020_004,{},v2.2.0-healthy
evt_003687,u_0658,profile_saved,2026-06-07T20:17:00Z,u_0658_s01,ins_u_0658_003,{},v2.2.0-healthy
evt_003688,u_0071,signup_completed,2026-06-07T20:19:00Z,u_0071_s01,ins_u_0071_002,{},v2.2.0-healthy
evt_003689,u_0293,signup_started,2026-06-07T20:19:00Z,u_0293_s01,ins_u_0293_001,{},v2.2.0-healthy
evt_003690,u_0506,feature_used,2026-06-07T20:21:00Z,u_0506_s01,ins_u_0506_006,"{""feature"": ""board""}",v2.2.0-healthy
evt_003691,u_0020,feature_used,2026-06-07T20:22:00Z,u_0020_s01,ins_u_0020_005,"{""feature"": ""board""}",v2.2.0-healthy
evt_003692,u_0658,onboarding_step_viewed,2026-06-07T20:23:00Z,u_0658_s01,ins_u_0658_004,{},v2.2.0-healthy
evt_003693,u_0107,activation_completed,2026-06-07T20:25:00Z,u_0107_s01,ins_u_0107_006,{},v2.2.0-healthy
evt_003694,u_0071,profile_saved,2026-06-07T20:26:00Z,u_0071_s01,ins_u_0071_003,{},v2.2.0-healthy
evt_003695,u_0293,signup_completed,2026-06-07T20:26:00Z,u_0293_s01,ins_u_0293_002,{},v2.2.0-healthy
evt_003696,u_0766,activation_completed,2026-06-07T20:27:00Z,u_0766_s01,ins_u_0766_006,{},v2.2.0-healthy
evt_003697,u_0162,signup_started,2026-06-07T20:29:00Z,u_0162_s01,ins_u_0162_001,{},v2.2.0-healthy
evt_003698,u_0428,return_visit,2026-06-07T20:29:00Z,u_0428_s02,ins_u_0428_007,{},v2.2.0-healthy
evt_003699,u_0071,onboarding_step_viewed,2026-06-07T20:30:00Z,u_0071_s01,ins_u_0071_004,{},v2.2.0-healthy
evt_003700,u_0269,signup_started,2026-06-07T20:30:00Z,u_0269_s01,ins_u_0269_001,{},v2.2.0-healthy
evt_003701,u_0497,onboarding_completed,2026-06-07T20:32:00Z,u_0497_s01,ins_u_0497_006,"{""completed_at"": ""2026-06-07T20:38:00Z""}",v2.2.0-healthy
evt_003702,u_0428,feature_used,2026-06-07T20:34:00Z,u_0428_s02,ins_u_0428_008,"{""feature"": ""insights""}",v2.2.0-healthy
evt_003703,u_0269,signup_completed,2026-06-07T20:35:00Z,u_0269_s01,ins_u_0269_002,{},v2.2.0-healthy
evt_003704,u_0293,profile_saved,2026-06-07T20:36:00Z,u_0293_s01,ins_u_0293_003,{},v2.2.0-healthy
evt_003705,u_0162,signup_completed,2026-06-07T20:37:00Z,u_0162_s01,ins_u_0162_002,{},v2.2.0-healthy
evt_003706,u_0071,feature_used,2026-06-07T20:39:00Z,u_0071_s01,ins_u_0071_005,"{""feature"": ""insights""}",v2.2.0-healthy
evt_003707,u_0293,onboarding_step_viewed,2026-06-07T20:41:00Z,u_0293_s01,ins_u_0293_004,{},v2.2.0-healthy
evt_003708,u_0162,session_abandoned,2026-06-07T20:42:00Z,u_0162_s01,ins_u_0162_003,{},v2.2.0-healthy
evt_003709,u_0269,session_abandoned,2026-06-07T20:43:00Z,u_0269_s01,ins_u_0269_003,{},v2.2.0-healthy
evt_003710,u_0599,signup_started,2026-06-07T20:46:00Z,u_0599_s01,ins_u_0599_001,{},v2.2.0-healthy
evt_003711,u_0020,onboarding_completed,2026-06-07T20:47:00Z,u_0020_s01,ins_u_0020_006,"{""completed_at"": ""2026-06-07T20:40:00Z""}",v2.2.0-healthy
evt_003712,u_0453,return_visit,2026-06-07T20:48:00Z,u_0453_s02,ins_u_0453_007,{},v2.2.0-healthy
evt_003713,u_0599,session_abandoned,2026-06-07T20:48:00Z,u_0599_s01,ins_u_0599_002,{},v2.2.0-healthy
evt_003714,u_0506,onboarding_completed,2026-06-07T20:49:00Z,u_0506_s01,ins_u_0506_007,"{""completed_at"": ""2026-06-07T20:38:00Z""}",v2.2.0-healthy
evt_003715,u_0764,signup_started,2026-06-07T20:59:00Z,u_0764_s01,ins_u_0764_001,{},v2.2.0-healthy
evt_003716,u_0658,onboarding_completed,2026-06-07T21:02:00Z,u_0658_s01,ins_u_0658_005,"{""completed_at"": ""2026-06-07T20:56:00Z""}",v2.2.0-healthy
evt_003717,u_0764,signup_completed,2026-06-07T21:06:00Z,u_0764_s01,ins_u_0764_002,{},v2.2.0-healthy
evt_003718,u_0293,onboarding_completed,2026-06-07T21:09:00Z,u_0293_s01,ins_u_0293_005,"{""completed_at"": ""2026-06-07T21:08:00Z""}",v2.2.0-healthy
evt_003719,u_0497,activation_completed,2026-06-07T21:10:00Z,u_0497_s01,ins_u_0497_007,{},v2.2.0-healthy
evt_003720,u_0764,session_abandoned,2026-06-07T21:11:00Z,u_0764_s01,ins_u_0764_003,{},v2.2.0-healthy
evt_003721,u_0071,activation_completed,2026-06-07T21:17:00Z,u_0071_s01,ins_u_0071_006,{},v2.2.0-healthy
evt_003722,u_0020,activation_completed,2026-06-07T21:26:00Z,u_0020_s01,ins_u_0020_007,{},v2.2.0-healthy
evt_003723,u_0709,return_visit,2026-06-07T23:19:00Z,u_0709_s02,ins_u_0709_006,{},v2.2.0-healthy
evt_003724,u_0112,return_visit,2026-06-08T02:02:00Z,u_0112_s02,ins_u_0112_008,{},v2.2.0-healthy
evt_003725,u_0112,feature_used,2026-06-08T02:07:00Z,u_0112_s02,ins_u_0112_009,"{""feature"": ""insights""}",v2.2.0-healthy
evt_003726,u_0136,return_visit,2026-06-08T02:55:00Z,u_0136_s02,ins_u_0136_008,{},v2.2.0-healthy
evt_003727,u_0136,feature_used,2026-06-08T03:00:00Z,u_0136_s02,ins_u_0136_009,"{""feature"": ""insights""}",v2.2.0-healthy
evt_003728,u_0015,return_visit,2026-06-08T03:02:00Z,u_0015_s02,ins_u_0015_006,{},v2.2.0-healthy
evt_003729,u_0308,return_visit,2026-06-08T03:59:00Z,u_0308_s02,ins_u_0308_009,{},v2.2.0-healthy
evt_003730,u_0707,return_visit,2026-06-08T04:02:00Z,u_0707_s02,ins_u_0707_007,{},v2.2.0-healthy
evt_003731,u_0707,feature_used,2026-06-08T04:07:00Z,u_0707_s02,ins_u_0707_008,"{""feature"": ""insights""}",v2.2.0-healthy
evt_003732,u_0124,return_visit,2026-06-08T06:52:00Z,u_0124_s02,ins_u_0124_007,{},v2.2.0-healthy
evt_003733,u_0083,return_visit,2026-06-08T07:47:00Z,u_0083_s02,ins_u_0083_008,{},v2.2.0-healthy
evt_003734,u_0009,return_visit,2026-06-08T08:34:00Z,u_0009_s02,ins_u_0009_005,{},v2.2.0-healthy
evt_003735,u_0165,return_visit,2026-06-08T09:37:00Z,u_0165_s02,ins_u_0165_007,{},v2.2.0-healthy
evt_003736,u_0414,return_visit,2026-06-08T10:30:00Z,u_0414_s02,ins_u_0414_007,{},v2.2.0-healthy
evt_003737,u_0638,return_visit,2026-06-08T11:47:00Z,u_0638_s02,ins_u_0638_006,{},v2.2.0-healthy
evt_003738,u_0638,feature_used,2026-06-08T11:52:00Z,u_0638_s02,ins_u_0638_007,"{""feature"": ""insights""}",v2.2.0-healthy
evt_003739,u_0212,return_visit,2026-06-08T18:25:00Z,u_0212_s02,ins_u_0212_009,{},v2.2.0-healthy
evt_003740,u_0131,return_visit,2026-06-08T22:07:00Z,u_0131_s02,ins_u_0131_007,{},v2.2.0-healthy
evt_003741,u_0131,feature_used,2026-06-08T22:12:00Z,u_0131_s02,ins_u_0131_008,"{""feature"": ""insights""}",v2.2.0-healthy
evt_003742,u_0529,return_visit,2026-06-08T22:34:00Z,u_0529_s02,ins_u_0529_007,{},v2.2.0-healthy
evt_003743,u_0319,return_visit,2026-06-08T22:38:00Z,u_0319_s02,ins_u_0319_007,{},v2.2.0-healthy
evt_003744,u_0529,feature_used,2026-06-08T22:39:00Z,u_0529_s02,ins_u_0529_008,"{""feature"": ""insights""}",v2.2.0-healthy
evt_003745,u_0264,return_visit,2026-06-08T23:30:00Z,u_0264_s02,ins_u_0264_007,{},v2.2.0-healthy
evt_003746,u_0204,return_visit,2026-06-08T23:41:00Z,u_0204_s02,ins_u_0204_006,{},v2.2.0-healthy
evt_003747,u_0370,return_visit,2026-06-08T23:43:00Z,u_0370_s02,ins_u_0370_006,{},v2.2.0-healthy
evt_003748,u_0370,feature_used,2026-06-08T23:48:00Z,u_0370_s02,ins_u_0370_007,"{""feature"": ""insights""}",v2.2.0-healthy
evt_003749,u_0309,return_visit,2026-06-09T00:16:00Z,u_0309_s02,ins_u_0309_008,{},v2.2.0-healthy
evt_003750,u_0309,feature_used,2026-06-09T00:21:00Z,u_0309_s02,ins_u_0309_009,"{""feature"": ""insights""}",v2.2.0-healthy
evt_003751,u_0684,return_visit,2026-06-09T01:27:00Z,u_0684_s02,ins_u_0684_007,{},v2.2.0-healthy
evt_003752,u_0111,return_visit,2026-06-09T01:37:00Z,u_0111_s02,ins_u_0111_007,{},v2.2.0-healthy
evt_003753,u_0111,feature_used,2026-06-09T01:42:00Z,u_0111_s02,ins_u_0111_008,"{""feature"": ""insights""}",v2.2.0-healthy
evt_003754,u_0505,return_visit,2026-06-09T01:48:00Z,u_0505_s02,ins_u_0505_008,{},v2.2.0-healthy
evt_003755,u_0505,feature_used,2026-06-09T01:53:00Z,u_0505_s02,ins_u_0505_009,"{""feature"": ""insights""}",v2.2.0-healthy
evt_003756,u_0208,return_visit,2026-06-09T03:55:00Z,u_0208_s02,ins_u_0208_008,{},v2.2.0-healthy
evt_003757,u_0208,feature_used,2026-06-09T04:00:00Z,u_0208_s02,ins_u_0208_009,"{""feature"": ""insights""}",v2.2.0-healthy
evt_003758,u_0773,return_visit,2026-06-09T04:04:00Z,u_0773_s02,ins_u_0773_006,{},v2.2.0-healthy
evt_003759,u_0706,return_visit,2026-06-09T04:07:00Z,u_0706_s02,ins_u_0706_007,{},v2.2.0-healthy
evt_003760,u_0773,feature_used,2026-06-09T04:09:00Z,u_0773_s02,ins_u_0773_007,"{""feature"": ""insights""}",v2.2.0-healthy
evt_003761,u_0706,feature_used,2026-06-09T04:12:00Z,u_0706_s02,ins_u_0706_008,"{""feature"": ""insights""}",v2.2.0-healthy
evt_003762,u_0278,return_visit,2026-06-09T04:23:00Z,u_0278_s02,ins_u_0278_007,{},v2.2.0-healthy
evt_003763,u_0278,feature_used,2026-06-09T04:28:00Z,u_0278_s02,ins_u_0278_008,"{""feature"": ""insights""}",v2.2.0-healthy
evt_003764,u_0392,return_visit,2026-06-09T05:57:00Z,u_0392_s02,ins_u_0392_006,{},v2.2.0-healthy
evt_003765,u_0557,return_visit,2026-06-09T07:40:00Z,u_0557_s02,ins_u_0557_008,{},v2.2.0-healthy
evt_003766,u_0558,return_visit,2026-06-09T07:49:00Z,u_0558_s02,ins_u_0558_008,{},v2.2.0-healthy
evt_003767,u_0558,feature_used,2026-06-09T07:54:00Z,u_0558_s02,ins_u_0558_009,"{""feature"": ""insights""}",v2.2.0-healthy
evt_003768,u_0621,return_visit,2026-06-09T08:27:00Z,u_0621_s02,ins_u_0621_007,{},v2.2.0-healthy
evt_003769,u_0621,feature_used,2026-06-09T08:32:00Z,u_0621_s02,ins_u_0621_008,"{""feature"": ""insights""}",v2.2.0-healthy
evt_003770,u_0206,return_visit,2026-06-09T09:12:00Z,u_0206_s02,ins_u_0206_008,{},v2.2.0-healthy
evt_003771,u_0206,feature_used,2026-06-09T09:17:00Z,u_0206_s02,ins_u_0206_009,"{""feature"": ""insights""}",v2.2.0-healthy
evt_003772,u_0539,return_visit,2026-06-09T13:53:00Z,u_0539_s02,ins_u_0539_008,{},v2.2.0-healthy
evt_003773,u_0539,feature_used,2026-06-09T13:58:00Z,u_0539_s02,ins_u_0539_009,"{""feature"": ""insights""}",v2.2.0-healthy
evt_003774,u_0004,return_visit,2026-06-09T14:58:00Z,u_0004_s02,ins_u_0004_007,{},v2.2.0-healthy
evt_003775,u_0004,feature_used,2026-06-09T15:03:00Z,u_0004_s02,ins_u_0004_008,"{""feature"": ""insights""}",v2.2.0-healthy
evt_003776,u_0282,return_visit,2026-06-09T18:45:00Z,u_0282_s02,ins_u_0282_006,{},v2.2.0-healthy
evt_003777,u_0282,feature_used,2026-06-09T18:50:00Z,u_0282_s02,ins_u_0282_007,"{""feature"": ""insights""}",v2.2.0-healthy
evt_003778,u_0175,return_visit,2026-06-09T20:21:00Z,u_0175_s02,ins_u_0175_008,{},v2.2.0-healthy
evt_003779,u_0230,return_visit,2026-06-09T22:09:00Z,u_0230_s02,ins_u_0230_007,{},v2.2.0-healthy
evt_003780,u_0230,feature_used,2026-06-09T22:14:00Z,u_0230_s02,ins_u_0230_008,"{""feature"": ""insights""}",v2.2.0-healthy
evt_003781,u_0547,return_visit,2026-06-09T22:37:00Z,u_0547_s02,ins_u_0547_008,{},v2.2.0-healthy
evt_003782,u_0299,return_visit,2026-06-09T22:42:00Z,u_0299_s02,ins_u_0299_006,{},v2.2.0-healthy
evt_003783,u_0547,feature_used,2026-06-09T22:42:00Z,u_0547_s02,ins_u_0547_009,"{""feature"": ""insights""}",v2.2.0-healthy
evt_003784,u_0623,return_visit,2026-06-09T23:31:00Z,u_0623_s02,ins_u_0623_007,{},v2.2.0-healthy
evt_003785,u_0623,feature_used,2026-06-09T23:36:00Z,u_0623_s02,ins_u_0623_008,"{""feature"": ""insights""}",v2.2.0-healthy
evt_003786,u_0255,return_visit,2026-06-09T23:50:00Z,u_0255_s02,ins_u_0255_005,{},v2.2.0-healthy
evt_003787,u_0635,return_visit,2026-06-10T00:07:00Z,u_0635_s02,ins_u_0635_007,{},v2.2.0-healthy
evt_003788,u_0680,return_visit,2026-06-10T00:27:00Z,u_0680_s02,ins_u_0680_006,{},v2.2.0-healthy
evt_003789,u_0705,return_visit,2026-06-10T01:04:00Z,u_0705_s02,ins_u_0705_006,{},v2.2.0-healthy
evt_003790,u_0372,return_visit,2026-06-10T01:17:00Z,u_0372_s02,ins_u_0372_006,{},v2.2.0-healthy
evt_003791,u_0372,feature_used,2026-06-10T01:22:00Z,u_0372_s02,ins_u_0372_007,"{""feature"": ""insights""}",v2.2.0-healthy
evt_003792,u_0779,return_visit,2026-06-10T01:38:00Z,u_0779_s02,ins_u_0779_007,{},v2.2.0-healthy
evt_003793,u_0069,return_visit,2026-06-10T01:55:00Z,u_0069_s02,ins_u_0069_007,{},v2.2.0-healthy
evt_003794,u_0528,return_visit,2026-06-10T02:11:00Z,u_0528_s02,ins_u_0528_008,{},v2.2.0-healthy
evt_003795,u_0286,return_visit,2026-06-10T02:40:00Z,u_0286_s02,ins_u_0286_006,{},v2.2.0-healthy
evt_003796,u_0286,feature_used,2026-06-10T02:45:00Z,u_0286_s02,ins_u_0286_007,"{""feature"": ""insights""}",v2.2.0-healthy
evt_003797,u_0332,return_visit,2026-06-10T02:46:00Z,u_0332_s02,ins_u_0332_006,{},v2.2.0-healthy
evt_003798,u_0077,return_visit,2026-06-10T03:42:00Z,u_0077_s02,ins_u_0077_007,{},v2.2.0-healthy
evt_003799,u_0077,feature_used,2026-06-10T03:47:00Z,u_0077_s02,ins_u_0077_008,"{""feature"": ""insights""}",v2.2.0-healthy
evt_003800,u_0399,return_visit,2026-06-10T04:02:00Z,u_0399_s02,ins_u_0399_006,{},v2.2.0-healthy
evt_003801,u_0502,return_visit,2026-06-10T05:26:00Z,u_0502_s02,ins_u_0502_007,{},v2.2.0-healthy
evt_003802,u_0502,feature_used,2026-06-10T05:31:00Z,u_0502_s02,ins_u_0502_008,"{""feature"": ""insights""}",v2.2.0-healthy
evt_003803,u_0644,return_visit,2026-06-10T06:10:00Z,u_0644_s02,ins_u_0644_005,{},v2.2.0-healthy
evt_003804,u_0180,return_visit,2026-06-10T06:24:00Z,u_0180_s02,ins_u_0180_007,{},v2.2.0-healthy
evt_003805,u_0211,return_visit,2026-06-10T06:29:00Z,u_0211_s02,ins_u_0211_007,{},v2.2.0-healthy
evt_003806,u_0448,return_visit,2026-06-10T07:48:00Z,u_0448_s02,ins_u_0448_007,{},v2.2.0-healthy
evt_003807,u_0448,feature_used,2026-06-10T07:53:00Z,u_0448_s02,ins_u_0448_008,"{""feature"": ""insights""}",v2.2.0-healthy
evt_003808,u_0758,return_visit,2026-06-10T08:14:00Z,u_0758_s02,ins_u_0758_008,{},v2.2.0-healthy
evt_003809,u_0203,return_visit,2026-06-10T08:17:00Z,u_0203_s02,ins_u_0203_007,{},v2.2.0-healthy
evt_003810,u_0203,feature_used,2026-06-10T08:22:00Z,u_0203_s02,ins_u_0203_008,"{""feature"": ""insights""}",v2.2.0-healthy
evt_003811,u_0685,return_visit,2026-06-10T08:35:00Z,u_0685_s02,ins_u_0685_008,{},v2.2.0-healthy
evt_003812,u_0318,return_visit,2026-06-10T09:28:00Z,u_0318_s02,ins_u_0318_007,{},v2.2.0-healthy
evt_003813,u_0318,feature_used,2026-06-10T09:33:00Z,u_0318_s02,ins_u_0318_008,"{""feature"": ""insights""}",v2.2.0-healthy
evt_003814,u_0016,return_visit,2026-06-10T10:28:00Z,u_0016_s02,ins_u_0016_008,{},v2.2.0-healthy
evt_003815,u_0016,feature_used,2026-06-10T10:33:00Z,u_0016_s02,ins_u_0016_009,"{""feature"": ""insights""}",v2.2.0-healthy
evt_003816,u_0417,return_visit,2026-06-10T10:42:00Z,u_0417_s02,ins_u_0417_007,{},v2.2.0-healthy
evt_003817,u_0277,return_visit,2026-06-10T10:55:00Z,u_0277_s02,ins_u_0277_007,{},v2.2.0-healthy
evt_003818,u_0277,feature_used,2026-06-10T11:00:00Z,u_0277_s02,ins_u_0277_008,"{""feature"": ""insights""}",v2.2.0-healthy
evt_003819,u_0347,return_visit,2026-06-10T11:17:00Z,u_0347_s02,ins_u_0347_006,{},v2.2.0-healthy
evt_003820,u_0080,return_visit,2026-06-10T11:37:00Z,u_0080_s02,ins_u_0080_006,{},v2.2.0-healthy
evt_003821,u_0133,return_visit,2026-06-10T12:15:00Z,u_0133_s02,ins_u_0133_007,{},v2.2.0-healthy
evt_003822,u_0121,return_visit,2026-06-10T12:42:00Z,u_0121_s02,ins_u_0121_007,{},v2.2.0-healthy
evt_003823,u_0471,return_visit,2026-06-10T14:59:00Z,u_0471_s02,ins_u_0471_007,{},v2.2.0-healthy
evt_003824,u_0584,return_visit,2026-06-10T19:36:00Z,u_0584_s02,ins_u_0584_006,{},v2.2.0-healthy
evt_003825,u_0584,feature_used,2026-06-10T19:41:00Z,u_0584_s02,ins_u_0584_007,"{""feature"": ""insights""}",v2.2.0-healthy
evt_003826,u_0157,return_visit,2026-06-10T21:52:00Z,u_0157_s02,ins_u_0157_006,{},v2.2.0-healthy
evt_003827,u_0157,feature_used,2026-06-10T21:57:00Z,u_0157_s02,ins_u_0157_007,"{""feature"": ""insights""}",v2.2.0-healthy
evt_003828,u_0544,return_visit,2026-06-10T22:17:00Z,u_0544_s02,ins_u_0544_007,{},v2.2.0-healthy
evt_003829,u_0544,feature_used,2026-06-10T22:22:00Z,u_0544_s02,ins_u_0544_008,"{""feature"": ""insights""}",v2.2.0-healthy
evt_003830,u_0568,return_visit,2026-06-10T23:00:00Z,u_0568_s02,ins_u_0568_007,{},v2.2.0-healthy
evt_003831,u_0568,feature_used,2026-06-10T23:05:00Z,u_0568_s02,ins_u_0568_008,"{""feature"": ""insights""}",v2.2.0-healthy
evt_003832,u_0041,return_visit,2026-06-11T00:06:00Z,u_0041_s02,ins_u_0041_006,{},v2.2.0-healthy
evt_003833,u_0041,feature_used,2026-06-11T00:11:00Z,u_0041_s02,ins_u_0041_007,"{""feature"": ""insights""}",v2.2.0-healthy
evt_003834,u_0075,return_visit,2026-06-11T00:33:00Z,u_0075_s02,ins_u_0075_007,{},v2.2.0-healthy
evt_003835,u_0185,return_visit,2026-06-11T00:53:00Z,u_0185_s02,ins_u_0185_007,{},v2.2.0-healthy
evt_003836,u_0615,return_visit,2026-06-11T01:02:00Z,u_0615_s02,ins_u_0615_007,{},v2.2.0-healthy
evt_003837,u_0362,return_visit,2026-06-11T01:08:00Z,u_0362_s02,ins_u_0362_007,{},v2.2.0-healthy
evt_003838,u_0716,return_visit,2026-06-11T01:09:00Z,u_0716_s02,ins_u_0716_007,{},v2.2.0-healthy
evt_003839,u_0716,feature_used,2026-06-11T01:14:00Z,u_0716_s02,ins_u_0716_008,"{""feature"": ""insights""}",v2.2.0-healthy
evt_003840,u_0160,return_visit,2026-06-11T01:21:00Z,u_0160_s02,ins_u_0160_006,{},v2.2.0-healthy
evt_003841,u_0048,return_visit,2026-06-11T01:23:00Z,u_0048_s02,ins_u_0048_007,{},v2.2.0-healthy
evt_003842,u_0373,return_visit,2026-06-11T01:27:00Z,u_0373_s02,ins_u_0373_007,{},v2.2.0-healthy
evt_003843,u_0037,return_visit,2026-06-11T02:23:00Z,u_0037_s02,ins_u_0037_005,{},v2.2.0-healthy
evt_003844,u_0086,return_visit,2026-06-11T03:29:00Z,u_0086_s02,ins_u_0086_008,{},v2.2.0-healthy
evt_003845,u_0086,feature_used,2026-06-11T03:34:00Z,u_0086_s02,ins_u_0086_009,"{""feature"": ""insights""}",v2.2.0-healthy
evt_003846,u_0460,return_visit,2026-06-11T05:19:00Z,u_0460_s02,ins_u_0460_006,{},v2.2.0-healthy
evt_003847,u_0460,feature_used,2026-06-11T05:24:00Z,u_0460_s02,ins_u_0460_007,"{""feature"": ""insights""}",v2.2.0-healthy
evt_003848,u_0088,return_visit,2026-06-11T06:50:00Z,u_0088_s02,ins_u_0088_006,{},v2.2.0-healthy
evt_003849,u_0229,return_visit,2026-06-11T07:50:00Z,u_0229_s02,ins_u_0229_008,{},v2.2.0-healthy
evt_003850,u_0229,feature_used,2026-06-11T07:55:00Z,u_0229_s02,ins_u_0229_009,"{""feature"": ""insights""}",v2.2.0-healthy
evt_003851,u_0250,return_visit,2026-06-11T08:16:00Z,u_0250_s02,ins_u_0250_008,{},v2.2.0-healthy
evt_003852,u_0250,feature_used,2026-06-11T08:21:00Z,u_0250_s02,ins_u_0250_009,"{""feature"": ""insights""}",v2.2.0-healthy
evt_003853,u_0100,return_visit,2026-06-11T09:22:00Z,u_0100_s02,ins_u_0100_007,{},v2.2.0-healthy
evt_003854,u_0134,return_visit,2026-06-11T09:28:00Z,u_0134_s02,ins_u_0134_007,{},v2.2.0-healthy
evt_003855,u_0072,return_visit,2026-06-11T09:31:00Z,u_0072_s02,ins_u_0072_007,{},v2.2.0-healthy
evt_003856,u_0134,feature_used,2026-06-11T09:33:00Z,u_0134_s02,ins_u_0134_008,"{""feature"": ""insights""}",v2.2.0-healthy
evt_003857,u_0072,feature_used,2026-06-11T09:36:00Z,u_0072_s02,ins_u_0072_008,"{""feature"": ""insights""}",v2.2.0-healthy
evt_003858,u_0549,return_visit,2026-06-11T11:50:00Z,u_0549_s02,ins_u_0549_007,{},v2.2.0-healthy
evt_003859,u_0068,return_visit,2026-06-11T21:37:00Z,u_0068_s02,ins_u_0068_008,{},v2.2.0-healthy
evt_003860,u_0068,feature_used,2026-06-11T21:42:00Z,u_0068_s02,ins_u_0068_009,"{""feature"": ""insights""}",v2.2.0-healthy
evt_003861,u_0155,return_visit,2026-06-12T02:32:00Z,u_0155_s02,ins_u_0155_008,{},v2.2.0-healthy
evt_003862,u_0155,feature_used,2026-06-12T02:37:00Z,u_0155_s02,ins_u_0155_009,"{""feature"": ""insights""}",v2.2.0-healthy
evt_003863,u_0667,return_visit,2026-06-12T02:48:00Z,u_0667_s02,ins_u_0667_007,{},v2.2.0-healthy
evt_003864,u_0733,return_visit,2026-06-12T02:54:00Z,u_0733_s02,ins_u_0733_007,{},v2.2.0-healthy
evt_003865,u_0268,return_visit,2026-06-12T03:03:00Z,u_0268_s02,ins_u_0268_007,{},v2.2.0-healthy
evt_003866,u_0396,return_visit,2026-06-12T03:08:00Z,u_0396_s02,ins_u_0396_007,{},v2.2.0-healthy
evt_003867,u_0396,feature_used,2026-06-12T03:13:00Z,u_0396_s02,ins_u_0396_008,"{""feature"": ""insights""}",v2.2.0-healthy
evt_003868,u_0108,return_visit,2026-06-12T03:16:00Z,u_0108_s02,ins_u_0108_006,{},v2.2.0-healthy
evt_003869,u_0108,feature_used,2026-06-12T03:21:00Z,u_0108_s02,ins_u_0108_007,"{""feature"": ""insights""}",v2.2.0-healthy
evt_003870,u_0521,return_visit,2026-06-12T04:12:00Z,u_0521_s02,ins_u_0521_007,{},v2.2.0-healthy
evt_003871,u_0146,return_visit,2026-06-12T04:27:00Z,u_0146_s02,ins_u_0146_008,{},v2.2.0-healthy
evt_003872,u_0775,return_visit,2026-06-12T05:11:00Z,u_0775_s02,ins_u_0775_008,{},v2.2.0-healthy
evt_003873,u_0775,feature_used,2026-06-12T05:16:00Z,u_0775_s02,ins_u_0775_009,"{""feature"": ""insights""}",v2.2.0-healthy
evt_003874,u_0698,return_visit,2026-06-12T05:19:00Z,u_0698_s02,ins_u_0698_006,{},v2.2.0-healthy
evt_003875,u_0194,return_visit,2026-06-12T05:49:00Z,u_0194_s02,ins_u_0194_007,{},v2.2.0-healthy
evt_003876,u_0656,return_visit,2026-06-12T06:02:00Z,u_0656_s02,ins_u_0656_007,{},v2.2.0-healthy
evt_003877,u_0487,return_visit,2026-06-12T06:24:00Z,u_0487_s02,ins_u_0487_008,{},v2.2.0-healthy
evt_003878,u_0426,return_visit,2026-06-12T07:29:00Z,u_0426_s02,ins_u_0426_007,{},v2.2.0-healthy
evt_003879,u_0648,return_visit,2026-06-12T07:37:00Z,u_0648_s02,ins_u_0648_007,{},v2.2.0-healthy
evt_003880,u_0648,feature_used,2026-06-12T07:42:00Z,u_0648_s02,ins_u_0648_008,"{""feature"": ""insights""}",v2.2.0-healthy
evt_003881,u_0548,return_visit,2026-06-12T07:43:00Z,u_0548_s02,ins_u_0548_006,{},v2.2.0-healthy
evt_003882,u_0169,return_visit,2026-06-12T07:48:00Z,u_0169_s02,ins_u_0169_007,{},v2.2.0-healthy
evt_003883,u_0548,feature_used,2026-06-12T07:48:00Z,u_0548_s02,ins_u_0548_007,"{""feature"": ""insights""}",v2.2.0-healthy
evt_003884,u_0169,feature_used,2026-06-12T07:53:00Z,u_0169_s02,ins_u_0169_008,"{""feature"": ""insights""}",v2.2.0-healthy
evt_003885,u_0582,return_visit,2026-06-12T08:04:00Z,u_0582_s02,ins_u_0582_008,{},v2.2.0-healthy
evt_003886,u_0582,feature_used,2026-06-12T08:09:00Z,u_0582_s02,ins_u_0582_009,"{""feature"": ""insights""}",v2.2.0-healthy
evt_003887,u_0182,return_visit,2026-06-12T09:11:00Z,u_0182_s02,ins_u_0182_007,{},v2.2.0-healthy
evt_003888,u_0182,feature_used,2026-06-12T09:16:00Z,u_0182_s02,ins_u_0182_008,"{""feature"": ""insights""}",v2.2.0-healthy
evt_003889,u_0351,return_visit,2026-06-12T14:16:00Z,u_0351_s02,ins_u_0351_006,{},v2.2.0-healthy
evt_003890,u_0293,return_visit,2026-06-12T14:19:00Z,u_0293_s02,ins_u_0293_006,{},v2.2.0-healthy
evt_003891,u_0351,feature_used,2026-06-12T14:21:00Z,u_0351_s02,ins_u_0351_007,"{""feature"": ""insights""}",v2.2.0-healthy
evt_003892,u_0293,feature_used,2026-06-12T14:24:00Z,u_0293_s02,ins_u_0293_007,"{""feature"": ""insights""}",v2.2.0-healthy
evt_003893,u_0693,return_visit,2026-06-12T17:09:00Z,u_0693_s02,ins_u_0693_007,{},v2.2.0-healthy
evt_003894,u_0149,return_visit,2026-06-12T19:36:00Z,u_0149_s02,ins_u_0149_008,{},v2.2.0-healthy
evt_003895,u_0149,feature_used,2026-06-12T19:41:00Z,u_0149_s02,ins_u_0149_009,"{""feature"": ""insights""}",v2.2.0-healthy
evt_003896,u_0024,return_visit,2026-06-12T21:25:00Z,u_0024_s02,ins_u_0024_008,{},v2.2.0-healthy
evt_003897,u_0440,return_visit,2026-06-12T22:14:00Z,u_0440_s02,ins_u_0440_006,{},v2.2.0-healthy
evt_003898,u_0440,feature_used,2026-06-12T22:19:00Z,u_0440_s02,ins_u_0440_007,"{""feature"": ""insights""}",v2.2.0-healthy
evt_003899,u_0735,return_visit,2026-06-12T23:57:00Z,u_0735_s02,ins_u_0735_005,{},v2.2.0-healthy
evt_003900,u_0641,return_visit,2026-06-13T04:24:00Z,u_0641_s02,ins_u_0641_008,{},v2.2.0-healthy
evt_003901,u_0641,feature_used,2026-06-13T04:29:00Z,u_0641_s02,ins_u_0641_009,"{""feature"": ""insights""}",v2.2.0-healthy
evt_003902,u_0681,return_visit,2026-06-13T04:36:00Z,u_0681_s02,ins_u_0681_005,{},v2.2.0-healthy
evt_003903,u_0681,feature_used,2026-06-13T04:41:00Z,u_0681_s02,ins_u_0681_006,"{""feature"": ""insights""}",v2.2.0-healthy
evt_003904,u_0377,return_visit,2026-06-13T05:14:00Z,u_0377_s02,ins_u_0377_006,{},v2.2.0-healthy
evt_003905,u_0044,return_visit,2026-06-13T06:32:00Z,u_0044_s02,ins_u_0044_007,{},v2.2.0-healthy
evt_003906,u_0251,return_visit,2026-06-13T06:33:00Z,u_0251_s02,ins_u_0251_007,{},v2.2.0-healthy
evt_003907,u_0645,return_visit,2026-06-13T06:36:00Z,u_0645_s02,ins_u_0645_006,{},v2.2.0-healthy
evt_003908,u_0587,return_visit,2026-06-13T06:38:00Z,u_0587_s02,ins_u_0587_007,{},v2.2.0-healthy
evt_003909,u_0587,feature_used,2026-06-13T06:43:00Z,u_0587_s02,ins_u_0587_008,"{""feature"": ""insights""}",v2.2.0-healthy
evt_003910,u_0438,return_visit,2026-06-13T07:15:00Z,u_0438_s02,ins_u_0438_009,{},v2.2.0-healthy
evt_003911,u_0438,feature_used,2026-06-13T07:20:00Z,u_0438_s02,ins_u_0438_010,"{""feature"": ""insights""}",v2.2.0-healthy
evt_003912,u_0154,return_visit,2026-06-13T07:42:00Z,u_0154_s02,ins_u_0154_006,{},v2.2.0-healthy
evt_003913,u_0154,feature_used,2026-06-13T07:47:00Z,u_0154_s02,ins_u_0154_007,"{""feature"": ""insights""}",v2.2.0-healthy
evt_003914,u_0140,return_visit,2026-06-13T08:01:00Z,u_0140_s02,ins_u_0140_007,{},v2.2.0-healthy
evt_003915,u_0525,return_visit,2026-06-13T08:01:00Z,u_0525_s02,ins_u_0525_008,{},v2.2.0-healthy
evt_003916,u_0525,feature_used,2026-06-13T08:06:00Z,u_0525_s02,ins_u_0525_009,"{""feature"": ""insights""}",v2.2.0-healthy
evt_003917,u_0101,return_visit,2026-06-13T09:17:00Z,u_0101_s02,ins_u_0101_006,{},v2.2.0-healthy
evt_003918,u_0188,return_visit,2026-06-13T12:04:00Z,u_0188_s02,ins_u_0188_007,{},v2.2.0-healthy
evt_003919,u_0053,return_visit,2026-06-13T12:22:00Z,u_0053_s02,ins_u_0053_008,{},v2.2.0-healthy
evt_003920,u_0717,return_visit,2026-06-13T20:28:00Z,u_0717_s02,ins_u_0717_007,{},v2.2.0-healthy
evt_003921,u_0717,feature_used,2026-06-13T20:33:00Z,u_0717_s02,ins_u_0717_008,"{""feature"": ""insights""}",v2.2.0-healthy
evt_003922,u_0510,return_visit,2026-06-13T22:53:00Z,u_0510_s02,ins_u_0510_006,{},v2.2.0-healthy
evt_003923,u_0315,return_visit,2026-06-14T01:23:00Z,u_0315_s02,ins_u_0315_008,{},v2.2.0-healthy
evt_003924,u_0315,feature_used,2026-06-14T01:28:00Z,u_0315_s02,ins_u_0315_009,"{""feature"": ""insights""}",v2.2.0-healthy
evt_003925,u_0602,return_visit,2026-06-14T01:55:00Z,u_0602_s02,ins_u_0602_007,{},v2.2.0-healthy
evt_003926,u_0602,feature_used,2026-06-14T02:00:00Z,u_0602_s02,ins_u_0602_008,"{""feature"": ""insights""}",v2.2.0-healthy
evt_003927,u_0085,return_visit,2026-06-14T03:52:00Z,u_0085_s02,ins_u_0085_008,{},v2.2.0-healthy
evt_003928,u_0085,feature_used,2026-06-14T03:57:00Z,u_0085_s02,ins_u_0085_009,"{""feature"": ""insights""}",v2.2.0-healthy
evt_003929,u_0591,return_visit,2026-06-14T04:05:00Z,u_0591_s02,ins_u_0591_006,{},v2.2.0-healthy
evt_003930,u_0591,feature_used,2026-06-14T04:10:00Z,u_0591_s02,ins_u_0591_007,"{""feature"": ""insights""}",v2.2.0-healthy
evt_003931,u_0636,return_visit,2026-06-14T05:39:00Z,u_0636_s02,ins_u_0636_007,{},v2.2.0-healthy
evt_003932,u_0636,feature_used,2026-06-14T05:44:00Z,u_0636_s02,ins_u_0636_008,"{""feature"": ""insights""}",v2.2.0-healthy
evt_003933,u_0103,return_visit,2026-06-14T05:45:00Z,u_0103_s02,ins_u_0103_006,{},v2.2.0-healthy
evt_003934,u_0103,feature_used,2026-06-14T05:50:00Z,u_0103_s02,ins_u_0103_007,"{""feature"": ""insights""}",v2.2.0-healthy
evt_003935,u_0325,return_visit,2026-06-14T07:34:00Z,u_0325_s02,ins_u_0325_005,{},v2.2.0-healthy
evt_003936,u_0265,return_visit,2026-06-14T07:52:00Z,u_0265_s02,ins_u_0265_007,{},v2.2.0-healthy
evt_003937,u_0620,return_visit,2026-06-14T08:22:00Z,u_0620_s02,ins_u_0620_006,{},v2.2.0-healthy
evt_003938,u_0435,return_visit,2026-06-14T10:41:00Z,u_0435_s02,ins_u_0435_007,{},v2.2.0-healthy
evt_003939,u_0726,return_visit,2026-06-15T04:15:00Z,u_0726_s02,ins_u_0726_008,{},v2.2.0-healthy
evt_003940,u_0173,return_visit,2026-06-15T05:04:00Z,u_0173_s02,ins_u_0173_008,{},v2.2.0-healthy
evt_003941,u_0703,return_visit,2026-06-15T05:55:00Z,u_0703_s02,ins_u_0703_006,{},v2.2.0-healthy
evt_003942,u_0703,feature_used,2026-06-15T06:00:00Z,u_0703_s02,ins_u_0703_007,"{""feature"": ""insights""}",v2.2.0-healthy
evt_003943,u_0122,return_visit,2026-06-15T06:31:00Z,u_0122_s02,ins_u_0122_007,{},v2.2.0-healthy
evt_003944,u_0518,return_visit,2026-06-15T10:06:00Z,u_0518_s02,ins_u_0518_006,{},v2.2.0-healthy
evt_003945,u_0518,feature_used,2026-06-15T10:11:00Z,u_0518_s02,ins_u_0518_007,"{""feature"": ""insights""}",v2.2.0-healthy
evt_003946,u_0333,return_visit,2026-06-15T19:33:00Z,u_0333_s02,ins_u_0333_008,{},v2.2.0-healthy
evt_003947,u_0333,feature_used,2026-06-15T19:38:00Z,u_0333_s02,ins_u_0333_009,"{""feature"": ""insights""}",v2.2.0-healthy
evt_003948,u_0798,return_visit,2026-06-16T01:25:00Z,u_0798_s02,ins_u_0798_007,{},v2.2.0-healthy
evt_003949,u_0144,return_visit,2026-06-16T02:36:00Z,u_0144_s02,ins_u_0144_007,{},v2.2.0-healthy
evt_003950,u_0614,return_visit,2026-06-16T03:11:00Z,u_0614_s02,ins_u_0614_005,{},v2.2.0-healthy
evt_003951,u_0614,feature_used,2026-06-16T03:16:00Z,u_0614_s02,ins_u_0614_006,"{""feature"": ""insights""}",v2.2.0-healthy
evt_003952,u_0513,return_visit,2026-06-16T03:17:00Z,u_0513_s02,ins_u_0513_007,{},v2.2.0-healthy
evt_003953,u_0546,return_visit,2026-06-16T03:56:00Z,u_0546_s02,ins_u_0546_006,{},v2.2.0-healthy
evt_003954,u_0297,return_visit,2026-06-16T04:12:00Z,u_0297_s02,ins_u_0297_007,{},v2.2.0-healthy
evt_003955,u_0418,return_visit,2026-06-16T04:42:00Z,u_0418_s02,ins_u_0418_007,{},v2.2.0-healthy
evt_003956,u_0107,return_visit,2026-06-16T06:22:00Z,u_0107_s02,ins_u_0107_007,{},v2.2.0-healthy
evt_003957,u_0107,feature_used,2026-06-16T06:27:00Z,u_0107_s02,ins_u_0107_008,"{""feature"": ""insights""}",v2.2.0-healthy
evt_003958,u_0248,return_visit,2026-06-16T07:49:00Z,u_0248_s02,ins_u_0248_006,{},v2.2.0-healthy
evt_003959,u_0450,return_visit,2026-06-16T08:44:00Z,u_0450_s02,ins_u_0450_008,{},v2.2.0-healthy
evt_003960,u_0256,return_visit,2026-06-16T09:10:00Z,u_0256_s02,ins_u_0256_007,{},v2.2.0-healthy
evt_003961,u_0658,return_visit,2026-06-16T15:02:00Z,u_0658_s02,ins_u_0658_006,{},v2.2.0-healthy
evt_003962,u_0658,feature_used,2026-06-16T15:07:00Z,u_0658_s02,ins_u_0658_007,"{""feature"": ""insights""}",v2.2.0-healthy
evt_003963,u_0685,return_visit,2026-06-17T02:35:00Z,u_0685_s03,ins_u_0685_009,{},v2.2.0-healthy
evt_003964,u_0685,feature_used,2026-06-17T02:39:00Z,u_0685_s03,ins_u_0685_010,"{""feature"": ""board""}",v2.2.0-healthy
evt_003965,u_0661,return_visit,2026-06-17T03:12:00Z,u_0661_s03,ins_u_0661_007,{},v2.2.0-healthy
evt_003966,u_0661,feature_used,2026-06-17T03:16:00Z,u_0661_s03,ins_u_0661_008,"{""feature"": ""board""}",v2.2.0-healthy
evt_003967,u_0766,return_visit,2026-06-17T05:14:00Z,u_0766_s02,ins_u_0766_007,{},v2.2.0-healthy
evt_003968,u_0766,feature_used,2026-06-17T05:19:00Z,u_0766_s02,ins_u_0766_008,"{""feature"": ""insights""}",v2.2.0-healthy
evt_003969,u_0783,return_visit,2026-06-17T06:14:00Z,u_0783_s03,ins_u_0783_009,{},v2.2.0-healthy
evt_003970,u_0783,feature_used,2026-06-17T06:18:00Z,u_0783_s03,ins_u_0783_010,"{""feature"": ""board""}",v2.2.0-healthy
evt_003971,u_0296,return_visit,2026-06-17T06:25:00Z,u_0296_s02,ins_u_0296_006,{},v2.2.0-healthy
evt_003972,u_0296,feature_used,2026-06-17T06:30:00Z,u_0296_s02,ins_u_0296_007,"{""feature"": ""insights""}",v2.2.0-healthy
evt_003973,u_0351,return_visit,2026-06-17T09:16:00Z,u_0351_s03,ins_u_0351_008,{},v2.2.0-healthy
evt_003974,u_0351,feature_used,2026-06-17T09:20:00Z,u_0351_s03,ins_u_0351_009,"{""feature"": ""board""}",v2.2.0-healthy
evt_003975,u_0428,return_visit,2026-06-17T23:29:00Z,u_0428_s03,ins_u_0428_009,{},v2.2.0-healthy
evt_003976,u_0428,feature_used,2026-06-17T23:33:00Z,u_0428_s03,ins_u_0428_010,"{""feature"": ""board""}",v2.2.0-healthy
evt_003977,u_0170,return_visit,2026-06-17T23:59:00Z,u_0170_s03,ins_u_0170_007,{},v2.2.0-healthy
evt_003978,u_0170,feature_used,2026-06-18T00:03:00Z,u_0170_s03,ins_u_0170_008,"{""feature"": ""board""}",v2.2.0-healthy
evt_003979,u_0253,return_visit,2026-06-18T04:47:00Z,u_0253_s03,ins_u_0253_008,{},v2.2.0-healthy
evt_003980,u_0253,feature_used,2026-06-18T04:51:00Z,u_0253_s03,ins_u_0253_009,"{""feature"": ""board""}",v2.2.0-healthy
evt_003981,u_0016,return_visit,2026-06-18T07:28:00Z,u_0016_s03,ins_u_0016_010,{},v2.2.0-healthy
evt_003982,u_0016,feature_used,2026-06-18T07:32:00Z,u_0016_s03,ins_u_0016_011,"{""feature"": ""board""}",v2.2.0-healthy
evt_003983,u_0769,return_visit,2026-06-18T08:08:00Z,u_0769_s03,ins_u_0769_007,{},v2.2.0-healthy
evt_003984,u_0769,feature_used,2026-06-18T08:12:00Z,u_0769_s03,ins_u_0769_008,"{""feature"": ""board""}",v2.2.0-healthy
evt_003985,u_0015,return_visit,2026-06-18T19:02:00Z,u_0015_s03,ins_u_0015_007,{},v2.2.0-healthy
evt_003986,u_0015,feature_used,2026-06-18T19:06:00Z,u_0015_s03,ins_u_0015_008,"{""feature"": ""board""}",v2.2.0-healthy
evt_003987,u_0371,return_visit,2026-06-18T20:09:00Z,u_0371_s03,ins_u_0371_009,{},v2.2.0-healthy
evt_003988,u_0371,feature_used,2026-06-18T20:13:00Z,u_0371_s03,ins_u_0371_010,"{""feature"": ""board""}",v2.2.0-healthy
evt_003989,u_0110,return_visit,2026-06-18T23:56:00Z,u_0110_s03,ins_u_0110_006,{},v2.2.0-healthy
evt_003990,u_0110,feature_used,2026-06-19T00:00:00Z,u_0110_s03,ins_u_0110_007,"{""feature"": ""board""}",v2.2.0-healthy
evt_003991,u_0229,return_visit,2026-06-19T03:50:00Z,u_0229_s03,ins_u_0229_010,{},v2.2.0-healthy
evt_003992,u_0229,feature_used,2026-06-19T03:54:00Z,u_0229_s03,ins_u_0229_011,"{""feature"": ""board""}",v2.2.0-healthy
evt_003993,u_0730,return_visit,2026-06-19T04:39:00Z,u_0730_s03,ins_u_0730_008,{},v2.2.0-healthy
evt_003994,u_0730,feature_used,2026-06-19T04:43:00Z,u_0730_s03,ins_u_0730_009,"{""feature"": ""board""}",v2.2.0-healthy
evt_003995,u_0480,return_visit,2026-06-19T06:45:00Z,u_0480_s03,ins_u_0480_007,{},v2.2.0-healthy
evt_003996,u_0480,feature_used,2026-06-19T06:49:00Z,u_0480_s03,ins_u_0480_008,"{""feature"": ""board""}",v2.2.0-healthy
evt_003997,u_0142,return_visit,2026-06-20T00:23:00Z,u_0142_s03,ins_u_0142_008,{},v2.2.0-healthy
evt_003998,u_0142,feature_used,2026-06-20T00:27:00Z,u_0142_s03,ins_u_0142_009,"{""feature"": ""board""}",v2.2.0-healthy
evt_003999,u_0208,return_visit,2026-06-20T01:55:00Z,u_0208_s03,ins_u_0208_010,{},v2.2.0-healthy
evt_004000,u_0208,feature_used,2026-06-20T01:59:00Z,u_0208_s03,ins_u_0208_011,"{""feature"": ""board""}",v2.2.0-healthy
evt_004001,u_0627,return_visit,2026-06-20T06:37:00Z,u_0627_s03,ins_u_0627_008,{},v2.2.0-healthy
evt_004002,u_0627,feature_used,2026-06-20T06:41:00Z,u_0627_s03,ins_u_0627_009,"{""feature"": ""board""}",v2.2.0-healthy
evt_004003,u_0396,return_visit,2026-06-20T09:08:00Z,u_0396_s03,ins_u_0396_009,{},v2.2.0-healthy
evt_004004,u_0396,feature_used,2026-06-20T09:12:00Z,u_0396_s03,ins_u_0396_010,"{""feature"": ""board""}",v2.2.0-healthy
evt_004005,u_0781,return_visit,2026-06-20T21:23:00Z,u_0781_s03,ins_u_0781_008,{},v2.2.0-healthy
evt_004006,u_0781,feature_used,2026-06-20T21:27:00Z,u_0781_s03,ins_u_0781_009,"{""feature"": ""board""}",v2.2.0-healthy
evt_004007,u_0626,return_visit,2026-06-20T22:02:00Z,u_0626_s03,ins_u_0626_008,{},v2.2.0-healthy
evt_004008,u_0626,feature_used,2026-06-20T22:06:00Z,u_0626_s03,ins_u_0626_009,"{""feature"": ""board""}",v2.2.0-healthy
evt_004009,u_0706,return_visit,2026-06-20T23:07:00Z,u_0706_s03,ins_u_0706_009,{},v2.2.0-healthy
evt_004010,u_0706,feature_used,2026-06-20T23:11:00Z,u_0706_s03,ins_u_0706_010,"{""feature"": ""board""}",v2.2.0-healthy
evt_004011,u_0651,return_visit,2026-06-21T00:37:00Z,u_0651_s03,ins_u_0651_007,{},v2.2.0-healthy
evt_004012,u_0651,feature_used,2026-06-21T00:41:00Z,u_0651_s03,ins_u_0651_008,"{""feature"": ""board""}",v2.2.0-healthy
evt_004013,u_0131,return_visit,2026-06-21T01:07:00Z,u_0131_s03,ins_u_0131_009,{},v2.2.0-healthy
evt_004014,u_0131,feature_used,2026-06-21T01:11:00Z,u_0131_s03,ins_u_0131_010,"{""feature"": ""board""}",v2.2.0-healthy
evt_004015,u_0634,return_visit,2026-06-21T01:51:00Z,u_0634_s03,ins_u_0634_007,{},v2.2.0-healthy
evt_004016,u_0634,feature_used,2026-06-21T01:55:00Z,u_0634_s03,ins_u_0634_008,"{""feature"": ""board""}",v2.2.0-healthy
evt_004017,u_0520,return_visit,2026-06-21T02:04:00Z,u_0520_s03,ins_u_0520_007,{},v2.2.0-healthy
evt_004018,u_0520,feature_used,2026-06-21T02:08:00Z,u_0520_s03,ins_u_0520_008,"{""feature"": ""board""}",v2.2.0-healthy
evt_004019,u_0448,return_visit,2026-06-21T09:48:00Z,u_0448_s03,ins_u_0448_009,{},v2.2.0-healthy
evt_004020,u_0448,feature_used,2026-06-21T09:52:00Z,u_0448_s03,ins_u_0448_010,"{""feature"": ""board""}",v2.2.0-healthy
evt_004021,u_0474,return_visit,2026-06-21T20:28:00Z,u_0474_s03,ins_u_0474_008,{},v2.2.0-healthy
evt_004022,u_0474,feature_used,2026-06-21T20:32:00Z,u_0474_s03,ins_u_0474_009,"{""feature"": ""board""}",v2.2.0-healthy
evt_004023,u_0306,return_visit,2026-06-21T23:59:00Z,u_0306_s03,ins_u_0306_008,{},v2.2.0-healthy
evt_004024,u_0306,feature_used,2026-06-22T00:03:00Z,u_0306_s03,ins_u_0306_009,"{""feature"": ""board""}",v2.2.0-healthy
evt_004025,u_0473,return_visit,2026-06-22T01:40:00Z,u_0473_s03,ins_u_0473_008,{},v2.2.0-healthy
evt_004026,u_0473,feature_used,2026-06-22T01:44:00Z,u_0473_s03,ins_u_0473_009,"{""feature"": ""board""}",v2.2.0-healthy
evt_004027,u_0272,return_visit,2026-06-22T03:46:00Z,u_0272_s03,ins_u_0272_007,{},v2.2.0-healthy
evt_004028,u_0272,feature_used,2026-06-22T03:50:00Z,u_0272_s03,ins_u_0272_008,"{""feature"": ""board""}",v2.2.0-healthy
evt_004029,u_0189,return_visit,2026-06-22T05:05:00Z,u_0189_s03,ins_u_0189_008,{},v2.2.0-healthy
evt_004030,u_0189,feature_used,2026-06-22T05:09:00Z,u_0189_s03,ins_u_0189_009,"{""feature"": ""board""}",v2.2.0-healthy
evt_004031,u_0463,return_visit,2026-06-22T09:49:00Z,u_0463_s03,ins_u_0463_007,{},v2.2.0-healthy
evt_004032,u_0463,feature_used,2026-06-22T09:53:00Z,u_0463_s03,ins_u_0463_008,"{""feature"": ""board""}",v2.2.0-healthy
evt_004033,u_0042,return_visit,2026-06-22T18:54:00Z,u_0042_s03,ins_u_0042_006,{},v2.2.0-healthy
evt_004034,u_0042,feature_used,2026-06-22T18:58:00Z,u_0042_s03,ins_u_0042_007,"{""feature"": ""board""}",v2.2.0-healthy
evt_004035,u_0333,return_visit,2026-06-23T01:33:00Z,u_0333_s03,ins_u_0333_010,{},v2.2.0-healthy
evt_004036,u_0333,feature_used,2026-06-23T01:37:00Z,u_0333_s03,ins_u_0333_011,"{""feature"": ""board""}",v2.2.0-healthy
evt_004037,u_0136,return_visit,2026-06-23T03:55:00Z,u_0136_s03,ins_u_0136_010,{},v2.2.0-healthy
evt_004038,u_0136,feature_used,2026-06-23T03:59:00Z,u_0136_s03,ins_u_0136_011,"{""feature"": ""board""}",v2.2.0-healthy
evt_004039,u_0321,return_visit,2026-06-23T04:09:00Z,u_0321_s03,ins_u_0321_008,{},v2.2.0-healthy
evt_004040,u_0073,return_visit,2026-06-23T04:13:00Z,u_0073_s03,ins_u_0073_008,{},v2.2.0-healthy
evt_004041,u_0321,feature_used,2026-06-23T04:13:00Z,u_0321_s03,ins_u_0321_009,"{""feature"": ""board""}",v2.2.0-healthy
evt_004042,u_0073,feature_used,2026-06-23T04:17:00Z,u_0073_s03,ins_u_0073_009,"{""feature"": ""board""}",v2.2.0-healthy
evt_004043,u_0660,return_visit,2026-06-23T06:32:00Z,u_0660_s03,ins_u_0660_008,{},v2.2.0-healthy
evt_004044,u_0660,feature_used,2026-06-23T06:36:00Z,u_0660_s03,ins_u_0660_009,"{""feature"": ""board""}",v2.2.0-healthy
evt_004045,u_0800,return_visit,2026-06-23T08:41:00Z,u_0800_s03,ins_u_0800_008,{},v2.2.0-healthy
evt_004046,u_0800,feature_used,2026-06-23T08:45:00Z,u_0800_s03,ins_u_0800_009,"{""feature"": ""board""}",v2.2.0-healthy
evt_004047,u_0622,return_visit,2026-06-23T10:10:00Z,u_0622_s03,ins_u_0622_008,{},v2.2.0-healthy
evt_004048,u_0622,feature_used,2026-06-23T10:14:00Z,u_0622_s03,ins_u_0622_009,"{""feature"": ""board""}",v2.2.0-healthy
evt_004049,u_0492,return_visit,2026-06-23T11:38:00Z,u_0492_s03,ins_u_0492_008,{},v2.2.0-healthy
evt_004050,u_0492,feature_used,2026-06-23T11:42:00Z,u_0492_s03,ins_u_0492_009,"{""feature"": ""board""}",v2.2.0-healthy
evt_004051,u_0121,return_visit,2026-06-23T12:42:00Z,u_0121_s03,ins_u_0121_008,{},v2.2.0-healthy
evt_004052,u_0121,feature_used,2026-06-23T12:46:00Z,u_0121_s03,ins_u_0121_009,"{""feature"": ""board""}",v2.2.0-healthy
evt_004053,u_0364,return_visit,2026-06-23T22:08:00Z,u_0364_s03,ins_u_0364_008,{},v2.2.0-healthy
evt_004054,u_0364,feature_used,2026-06-23T22:12:00Z,u_0364_s03,ins_u_0364_009,"{""feature"": ""board""}",v2.2.0-healthy
evt_004055,u_0529,return_visit,2026-06-23T22:34:00Z,u_0529_s03,ins_u_0529_009,{},v2.2.0-healthy
evt_004056,u_0529,feature_used,2026-06-23T22:38:00Z,u_0529_s03,ins_u_0529_010,"{""feature"": ""board""}",v2.2.0-healthy
evt_004057,u_0637,return_visit,2026-06-24T01:06:00Z,u_0637_s03,ins_u_0637_009,{},v2.2.0-healthy
evt_004058,u_0637,feature_used,2026-06-24T01:10:00Z,u_0637_s03,ins_u_0637_010,"{""feature"": ""board""}",v2.2.0-healthy
evt_004059,u_0647,return_visit,2026-06-24T04:28:00Z,u_0647_s03,ins_u_0647_008,{},v2.2.0-healthy
evt_004060,u_0647,feature_used,2026-06-24T04:32:00Z,u_0647_s03,ins_u_0647_009,"{""feature"": ""board""}",v2.2.0-healthy
evt_004061,u_0798,return_visit,2026-06-24T07:25:00Z,u_0798_s03,ins_u_0798_008,{},v2.2.0-healthy
evt_004062,u_0798,feature_used,2026-06-24T07:29:00Z,u_0798_s03,ins_u_0798_009,"{""feature"": ""board""}",v2.2.0-healthy
evt_004063,u_0395,return_visit,2026-06-24T08:00:00Z,u_0395_s03,ins_u_0395_010,{},v2.2.0-healthy
evt_004064,u_0395,feature_used,2026-06-24T08:04:00Z,u_0395_s03,ins_u_0395_011,"{""feature"": ""board""}",v2.2.0-healthy
evt_004065,u_0497,return_visit,2026-06-24T12:54:00Z,u_0497_s03,ins_u_0497_008,{},v2.2.0-healthy
evt_004066,u_0004,return_visit,2026-06-24T12:58:00Z,u_0004_s03,ins_u_0004_009,{},v2.2.0-healthy
evt_004067,u_0497,feature_used,2026-06-24T12:58:00Z,u_0497_s03,ins_u_0497_009,"{""feature"": ""board""}",v2.2.0-healthy
evt_004068,u_0004,feature_used,2026-06-24T13:02:00Z,u_0004_s03,ins_u_0004_010,"{""feature"": ""board""}",v2.2.0-healthy
evt_004069,u_0742,return_visit,2026-06-24T23:55:00Z,u_0742_s03,ins_u_0742_008,{},v2.2.0-healthy
evt_004070,u_0742,feature_used,2026-06-24T23:59:00Z,u_0742_s03,ins_u_0742_009,"{""feature"": ""board""}",v2.2.0-healthy
evt_004071,u_0094,return_visit,2026-06-25T06:40:00Z,u_0094_s03,ins_u_0094_007,{},v2.2.0-healthy
evt_004072,u_0094,feature_used,2026-06-25T06:44:00Z,u_0094_s03,ins_u_0094_008,"{""feature"": ""board""}",v2.2.0-healthy
evt_004073,u_0525,return_visit,2026-06-25T07:01:00Z,u_0525_s03,ins_u_0525_010,{},v2.2.0-healthy
evt_004074,u_0525,feature_used,2026-06-25T07:05:00Z,u_0525_s03,ins_u_0525_011,"{""feature"": ""board""}",v2.2.0-healthy
evt_004075,u_0149,return_visit,2026-06-27T01:36:00Z,u_0149_s03,ins_u_0149_010,{},v2.2.0-healthy
evt_004076,u_0149,feature_used,2026-06-27T01:40:00Z,u_0149_s03,ins_u_0149_011,"{""feature"": ""board""}",v2.2.0-healthy
evt_004077,u_0320,return_visit,2026-06-27T03:39:00Z,u_0320_s03,ins_u_0320_006,{},v2.2.0-healthy
evt_004078,u_0320,feature_used,2026-06-27T03:43:00Z,u_0320_s03,ins_u_0320_007,"{""feature"": ""board""}",v2.2.0-healthy
evt_004079,u_0107,return_visit,2026-06-28T07:22:00Z,u_0107_s03,ins_u_0107_009,{},v2.2.0-healthy
evt_004080,u_0107,feature_used,2026-06-28T07:26:00Z,u_0107_s03,ins_u_0107_010,"{""feature"": ""board""}",v2.2.0-healthy
